id,region,price,year,manufacturer,model,condition,cylinders,fuel,odometer,title_status,transmission,VIN,drive,size,type,paint_color,state
7222695916,prescott,6000,,,,,,,,,,,,,,,az
7218891961,fayetteville,11900,,,,,,,,,,,,,,,ar
7221797935,florida keys,21000,,,,,,,,,,,,,,,fl
7222270760,worcester / central MA,1500,,,,,,,,,,,,,,,ma
7210384030,greensboro,4900,,,,,,,,,,,,,,,nc
7222379453,hudson valley,1600,,,,,,,,,,,,,,,ny
7221952215,hudson valley,1000,,,,,,,,,,,,,,,ny
7220195662,hudson valley,15995,,,,,,,,,,,,,,,ny
7209064557,medford-ashland,5000,,,,,,,,,,,,,,,or
7219485069,erie,3000,,,,,,,,,,,,,,,pa
7218893038,el paso,0,,,,,,,,,,,,,,,tx
7218325704,el paso,0,,,,,,,,,,,,,,,tx
7217788283,el paso,0,,,,,,,,,,,,,,,tx
7217147606,el paso,0,,,,,,,,,,,,,,,tx
7209027818,el paso,0,,,,,,,,,,,,,,,tx
7223509794,bellingham,13995,,,,,,,,,,,,,,,wa
7222753076,bellingham,24999,,,,,,,,,,,,,,,wa
7222206015,bellingham,21850,,,,,,,,,,,,,,,wa
7220030122,bellingham,26850,,,,,,,,,,,,,,,wa
7218423006,bellingham,11999,,,,,,,,,,,,,,,wa
7216672204,bellingham,24999,,,,,,,,,,,,,,,wa
7215617048,bellingham,21850,,,,,,,,,,,,,,,wa
7213839225,bellingham,26850,,,,,,,,,,,,,,,wa
7208549803,bellingham,11999,,,,,,,,,,,,,,,wa
7213843538,skagit / island / SJI,24999,,,,,,,,,,,,,,,wa
7212631321,skagit / island / SJI,21850,,,,,,,,,,,,,,,wa
7219973522,la crosse,500,,,,,,,,,,,,,,,wi
7316814884,auburn,33590,2014,gmc,sierra 1500 crew cab slt,good,8 cylinders,gas,57923,clean,other,3GTP1VEC4EG551563,,,pickup,white,al
7316814758,auburn,22590,2010,chevrolet,silverado 1500,good,8 cylinders,gas,71229,clean,other,1GCSCSE06AZ123805,,,pickup,blue,al
7316814989,auburn,39590,2020,chevrolet,silverado 1500 crew,good,8 cylinders,gas,19160,clean,other,3GCPWCED5LG130317,,,pickup,red,al
7316743432,auburn,30990,2017,toyota,tundra double cab sr,good,8 cylinders,gas,41124,clean,other,5TFRM5F17HX120972,,,pickup,red,al
7316356412,auburn,15000,2013,ford,f-150 xlt,excellent,6 cylinders,gas,128000,clean,automatic,,rwd,full-size,truck,black,al
7316343444,auburn,27990,2012,gmc,sierra 2500 hd extended cab,good,8 cylinders,gas,68696,clean,other,1GT220CG8CZ231238,4wd,,pickup,black,al
7316304717,auburn,34590,2016,chevrolet,silverado 1500 double,good,6 cylinders,gas,29499,clean,other,1GCVKREH6GZ228691,4wd,,pickup,silver,al
7316285779,auburn,35000,2019,toyota,tacoma,excellent,6 cylinders,gas,43000,clean,automatic,,4wd,,truck,grey,al
7316257769,auburn,29990,2016,chevrolet,colorado extended cab,good,6 cylinders,gas,17302,clean,other,1GCHTCE37G1186784,4wd,,pickup,red,al
7316133914,auburn,38590,2011,chevrolet,corvette grand sport,good,8 cylinders,gas,30237,clean,other,1G1YR3DW3B5102190,rwd,,other,red,al
7316130053,auburn,4500,1992,jeep,cherokee,excellent,6 cylinders,gas,192000,clean,automatic,,4wd,,,,al
7315816316,auburn,32990,2017,jeep,wrangler unlimited sport,good,6 cylinders,gas,30041,clean,other,1C4BJWDG5HL705371,4wd,,other,silver,al
7315770394,auburn,24590,2017,chevrolet,silverado 1500 regular,good,6 cylinders,gas,40784,clean,other,1GCNCNEH7HZ118773,,,pickup,white,al
7315756348,auburn,30990,2016,chevrolet,colorado crew cab z71,good,,other,34940,clean,other,1GCGTDE32G1341288,4wd,,pickup,blue,al
7315715960,auburn,27990,2014,toyota,tacoma access cab pickup,good,,other,17805,clean,other,5TFTX4CN3EX042751,,,pickup,red,al
7315379459,auburn,37990,2016,chevrolet,camaro ss coupe 2d,good,8 cylinders,gas,9704,clean,other,1G1FF1R79G0140582,rwd,,coupe,red,al
7315275975,auburn,33590,2014,toyota,tundra crewmax sr5 pickup,good,,other,55251,clean,other,5TFEY5F15EX169621,,,pickup,red,al
7315275942,auburn,30990,2019,ford,ranger supercrew xl pickup,good,,other,1834,clean,other,1FTER4EH3KLA31326,,,pickup,black,al
7315270785,auburn,27990,2018,nissan,frontier crew cab pro-4x,good,6 cylinders,gas,37332,clean,other,1N6AD0EV5JN745213,4wd,,pickup,silver,al
7315039307,auburn,0,2011,jeep,compass,excellent,,gas,99615,clean,automatic,,,full-size,SUV,,al
7314910156,auburn,34590,2018,ford,f150 super cab xl pickup 4d,good,6 cylinders,gas,20856,clean,other,1FTEX1CBXJKD41626,,,pickup,white,al
7314854462,auburn,30590,2016,toyota,tacoma double cab sr5,good,,other,30176,clean,other,3TMAZ5CN7GM019182,,,pickup,red,al
7314811916,auburn,32990,2020,jeep,wrangler sport suv 2d,good,,gas,20581,clean,other,1C4GJXAN4LW180633,4wd,,SUV,silver,al
7314811909,auburn,38990,2020,ford,f150 supercrew cab xlt,good,6 cylinders,gas,12231,clean,other,1FTEW1CP4LFB84170,,,pickup,,al
7314584296,auburn,22590,2017,ram,1500 regular cab tradesman,good,8 cylinders,gas,39508,clean,other,3C6JR6DT3HG557601,,,pickup,white,al
7314584315,auburn,31590,2020,mazda,mx-5 miata club,good,,gas,2195,clean,other,JM1NDAC74L0413665,rwd,,other,,al
7314584322,auburn,27990,2020,ford,ranger supercab xl pickup,good,,gas,10688,clean,other,1FTER1EH1LLA36301,,,pickup,white,al
7314584291,auburn,31590,2019,cadillac,xt4 sport suv 4d,good,,other,12102,clean,other,1GYFZER40KF121673,fwd,,hatchback,black,al
7314560853,auburn,19900,2004,ford,f250 super duty,good,8 cylinders,diesel,88000,clean,automatic,,4wd,full-size,pickup,blue,al
7313857831,auburn,16590,2016,jeep,renegade sport suv 4d,good,,gas,35835,clean,other,ZACCJBAW9GPC62449,4wd,,other,red,al
7313857767,auburn,26990,2016,ford,f150 regular cab xl pickup,good,6 cylinders,gas,14230,clean,other,1FTMF1CP3GKD62143,,,pickup,black,al
7313857701,auburn,25590,2015,gmc,sierra 1500 regular cab,good,6 cylinders,other,35290,clean,other,1GTN1TEH9FZ243281,,,pickup,white,al
7313406529,auburn,14000,2012,honda,odyssey,excellent,6 cylinders,gas,95000,clean,automatic,,fwd,full-size,mini-van,silver,al
7313387888,auburn,28590,2018,ram,1500 quad cab express pickup,good,6 cylinders,other,30047,clean,other,1C6RR6FG0JS259587,,,pickup,white,al
7313387902,auburn,24590,2013,gmc,sierra 1500 extended cab slt,good,8 cylinders,other,80318,clean,other,1GTR1WE07DZ143724,,,pickup,,al
7313337060,auburn,25990,2019,ram,1500 classic regular cab,good,8 cylinders,gas,12302,clean,other,3C6JR6DT3KG560649,,,pickup,white,al
7313319521,auburn,34990,2018,ford,mustang gt premium,good,8 cylinders,gas,18650,clean,other,1FATP8FF5J5115190,rwd,,other,black,al
7312858079,auburn,27990,2017,chevrolet,colorado extended cab,good,,gas,22120,clean,other,1GCHSCEA7H1203280,,,pickup,,al
7312847466,auburn,22500,2001,ford,f450,good,8 cylinders,diesel,144700,clean,manual,,rwd,full-size,truck,white,al
7312824400,auburn,32990,2019,chevrolet,silverado 1500 ld,good,,other,6897,clean,other,2GCVKNEC8K1187169,,,pickup,black,al
7312799035,auburn,31990,2013,toyota,tundra double cab pickup,good,8 cylinders,gas,55068,clean,other,5TFUY5F19DX303623,4wd,,pickup,,al
7312754093,auburn,29990,2014,chevrolet,silverado 1500 double,good,8 cylinders,gas,26129,clean,other,1GCVKREC7EZ196951,4wd,,pickup,brown,al
7312342653,auburn,23990,2016,chevrolet,silverado 1500 regular,good,6 cylinders,gas,41568,clean,other,1GCNCNEH4GZ259783,,,pickup,white,al
7312342811,auburn,22990,2012,toyota,tacoma access cab pickup,good,,gas,37725,clean,other,5TFTX4CN6CX015282,,,pickup,white,al
7312337810,auburn,26990,2014,chevrolet,silverado 1500 crew,good,6 cylinders,gas,63129,clean,automatic,3GCPCREH5EG437908,,,pickup,black,al
7312313815,auburn,33990,2017,jeep,wrangler unlimited sahara,good,6 cylinders,other,34152,clean,other,1C4HJWEG5HL696454,4wd,,SUV,white,al
7312144944,auburn,15000,2017,dodge,charger rt 4dr sedan,excellent,8 cylinders,gas,90000,rebuilt,automatic,,rwd,mid-size,sedan,grey,al
7311960895,auburn,26590,2020,honda,civic si coupe 2d,good,,gas,9954,clean,other,2HGFC3A51LH751302,fwd,,coupe,silver,al
7311818339,auburn,18590,2018,honda,civic lx sedan 4d,good,,gas,28942,clean,other,19XFC2F59JE206832,fwd,,sedan,white,al
7311818189,auburn,29590,2017,ford,expedition xlt sport,good,6 cylinders,gas,70760,clean,other,1FMJU1JT1HEA52352,4wd,,SUV,blue,al
7311818157,auburn,21590,2018,honda,civic ex sedan 4d,good,,gas,7885,clean,other,2HGFC2F74JH589649,fwd,,sedan,,al
7311409434,auburn,22590,2013,ford,f150 super cab xl pickup 4d,good,6 cylinders,other,14169,clean,other,1FTEX1CMXDFB16329,,,pickup,silver,al
7311351407,auburn,33990,2020,jeep,wrangler sport suv 2d,good,6 cylinders,gas,9859,clean,other,1C4GJXAG9LW193038,4wd,,other,,al
7311327726,auburn,29990,2012,toyota,tacoma double cab pickup,good,6 cylinders,gas,43182,clean,other,3TMLU4EN4CM085701,4wd,,pickup,white,al
7311310782,auburn,37590,2019,ford,f150 supercrew cab xl,good,6 cylinders,gas,8663,clean,other,1FTEW1CP2KKC65268,,,pickup,,al
7310905283,auburn,25990,2015,lexus,nx 300h sport utility 4d,good,,other,55783,clean,other,JTJBJRBZ8F2020836,,,hatchback,white,al
7310848060,auburn,32990,2018,jaguar,e-pace p250 s sport,good,,other,26685,clean,other,SADFJ2FX1J1Z13468,,,other,white,al
7310803539,auburn,28990,2020,buick,encore gx essence sport,good,,gas,21,clean,other,KL4MMGSL4LB128069,,,other,white,al
7310798664,auburn,34990,2020,lexus,nx 300 sport utility 4d,good,,gas,1722,clean,other,JTJAARBZ1L2159357,fwd,,hatchback,black,al
7310644616,auburn,3000,2004,chrysler,town & country,good,6 cylinders,gas,176144,clean,automatic,,fwd,mid-size,mini-van,silver,al
7310383361,auburn,22590,2016,volvo,s60 t5 cross country,good,,gas,42755,clean,other,YV4612UMXG2000759,,,sedan,,al
7310332383,auburn,36990,2019,volvo,s60 t6 inscription sedan,good,,gas,8141,clean,other,7JRA22TL6KG004114,,,sedan,white,al
7310308166,auburn,31990,2020,volvo,s60 t5 momentum sedan 4d,good,,gas,16594,clean,other,7JR102FK7LG060315,fwd,,sedan,,al
7310276274,auburn,28590,2019,volvo,s60 t5 momentum sedan 4d,good,,gas,18531,clean,other,7JR102FK4KG010003,fwd,,sedan,black,al
7309876037,auburn,31990,2018,audi,q5 premium sport utility 4d,good,,gas,19179,clean,other,WA1ANAFY7J2102310,,,other,,al
7309828117,auburn,19990,2015,infiniti,qx60 3.5 sport utility,good,,other,96003,clean,other,5N1AL0MM5FC519184,,,SUV,silver,al
7309827921,auburn,29590,2017,lincoln,continental select sedan,good,6 cylinders,gas,35320,clean,other,1LN6L9TP6H5634048,,,sedan,black,al
7309828053,auburn,29990,2018,alfa-romeo,romeo stelvio ti sport,good,,other,26978,clean,other,ZASFAKBN3J7B64774,,,hatchback,,al
7309798041,auburn,2100,2006,subaru,impreza,fair,4 cylinders,gas,97000,clean,automatic,,,,hatchback,,al
7309361405,auburn,80,2004,honda,,excellent,6 cylinders,gas,94020,clean,automatic,,,,,,al
7309271279,auburn,15990,2016,,Scion iM Hatchback 4D,good,,gas,29652,clean,other,JTNKARJEXGJ517925,fwd,,hatchback,blue,al
7309271051,auburn,20590,2013,acura,mdx sport utility 4d,good,6 cylinders,gas,77087,clean,other,2HNYD2H30DH510846,,,other,silver,al
7309229548,auburn,29590,2018,audi,a6 2.0t premium sedan 4d,good,,gas,13035,clean,other,WAUC8AFC6JN041814,fwd,,sedan,,al
7309192232,auburn,16590,2015,hyundai,sonata sport sedan 4d,good,,gas,26655,clean,other,5NPE34AF8FH021634,fwd,,sedan,white,al
7309160821,auburn,12990,1968,volvo,,,,gas,99999,clean,manual,,,,,,al
7308779719,auburn,33990,2017,ram,1500 crew cab tradesman,good,8 cylinders,gas,17033,clean,other,3C6RR7KT7HG794054,4wd,,pickup,blue,al
7308779686,auburn,36590,2019,gmc,sierra 1500 limited double,good,8 cylinders,gas,14222,clean,other,2GTV2LECXK1123316,4wd,,pickup,blue,al
7308745779,auburn,29590,2013,gmc,sierra 1500 extended cab slt,good,8 cylinders,gas,37888,clean,other,1GTR1WE01DZ407455,,,pickup,silver,al
7308730136,auburn,40590,2019,ford,f250 super duty regular cab,good,8 cylinders,other,9313,clean,other,1FTBF2B65KEC91136,4wd,,pickup,white,al
7308365829,auburn,33990,2018,jeep,wrangler unlimited willys,good,6 cylinders,gas,34636,clean,other,1C4BJWDG2JL806552,4wd,,other,white,al
7308255063,auburn,43990,2019,jeep,wrangler unlimited sahara,good,,gas,4362,clean,other,1C4HJXEN4KW505794,4wd,,SUV,black,al
7308217002,auburn,38990,2017,jeep,wrangler unlimited rubicon,good,6 cylinders,gas,20676,clean,other,1C4BJWFG3HL547853,4wd,,other,red,al
7308216849,auburn,39590,2018,jeep,wrangler unlimited all new,good,6 cylinders,gas,21893,clean,other,1C4HJXEGXJW175675,4wd,,SUV,silver,al
7307730503,auburn,9500,2003,chrysler,town & country,excellent,6 cylinders,gas,30376,clean,automatic,,fwd,mid-size,mini-van,blue,al
7307218858,auburn,28590,2018,gmc,acadia sle-2 sport utility,good,6 cylinders,gas,20736,clean,other,1GKKNLLS2JZ178034,fwd,,SUV,white,al
7307164168,auburn,16590,2013,lincoln,mkz sedan 4d,good,,gas,61087,clean,other,3LN6L2G99DR819673,fwd,,sedan,red,al
7307164193,auburn,28990,2017,gmc,acadia slt-1 sport utility,good,6 cylinders,gas,18041,clean,other,1GKKNMLS2HZ305977,fwd,,SUV,,al
7307142186,auburn,20590,2017,lincoln,mkz premiere sedan 4d,good,,gas,36436,clean,other,3LN6L5A97HR666209,fwd,,sedan,,al
7306701617,auburn,26990,2015,lexus,nx 200t sport utility 4d,good,,gas,29738,clean,other,JTJYARBZ9F2013419,fwd,,hatchback,red,al
7306676175,auburn,26990,2016,lexus,nx 200t sport utility 4d,good,,gas,31363,clean,other,JTJYARBZ5G2041512,fwd,,hatchback,white,al
7306676124,auburn,22590,2020,buick,encore gx select sport,good,,other,5144,clean,other,KL4MMDSL8LB104338,,,SUV,red,al
7306625443,auburn,35990,2018,jaguar,e-pace p250 se sport,good,,gas,8490,clean,other,SADFP2FX0J1Z05358,,,other,black,al
7306407989,auburn,17500,2008,toyota,fj cruiser,good,6 cylinders,gas,201300,clean,manual,,4wd,full-size,offroad,black,al
7306259907,auburn,6000,2007,mercedes-benz,e320 cdi,good,6 cylinders,diesel,124000,clean,automatic,,rwd,,sedan,blue,al
7306238443,auburn,25990,2018,volvo,s60 t5 inscription sedan,good,,diesel,22834,clean,other,LYV402TK9JB177497,,,sedan,,al
7306198330,auburn,6800,2005,,blue bird bus,excellent,6 cylinders,diesel,180000,clean,automatic,,rwd,full-size,bus,yellow,al
7306178510,auburn,36590,2019,volvo,s60 t6 r-design sedan 4d,good,,gas,7618,clean,other,7JRA22TM2KG013336,,,sedan,white,al
7306147932,auburn,35990,2019,volvo,s60 t6 r-design sedan 4d,good,,other,15567,clean,other,7JRA22TM4KG006873,,,sedan,red,al
7306095627,auburn,33590,2019,volvo,s60 t6 r-design sedan 4d,good,,gas,10742,clean,other,7JRA22TM6KG005594,,,sedan,silver,al
7305672709,auburn,0,2018,chevrolet,express cargo van,like new,6 cylinders,gas,68472,clean,automatic,1GCWGAFP8J1309579,rwd,full-size,van,white,al
7305672266,auburn,0,2019,chevrolet,express cargo van,like new,6 cylinders,gas,69125,clean,automatic,1GCWGAFP4K1214373,rwd,full-size,van,white,al
7305672252,auburn,0,2018,chevrolet,express cargo van,like new,6 cylinders,gas,66555,clean,automatic,1GCWGAFPXJ1337903,rwd,full-size,van,white,al
7305666455,auburn,38990,2020,infiniti,qx60 luxe sport utility,good,6 cylinders,gas,5279,clean,other,5N1DL0MN9LC508268,fwd,,other,black,al
7305631654,auburn,33990,2018,alfa-romeo,romeo stelvio ti sport suv,good,,gas,23753,clean,other,ZASFAKNN6J7B70368,,,hatchback,,al
7305631581,auburn,27990,2017,lincoln,continental select sedan,good,6 cylinders,gas,19492,clean,automatic,1LN6L9TK4H5636420,,,sedan,,al
7305578496,auburn,28590,2018,audi,q5 premium sport utility 4d,good,,gas,31033,clean,other,WA1ANAFY2J2198475,,,SUV,silver,al
7305186870,auburn,18590,2018,hyundai,sonata sel sedan 4d,good,,gas,22075,clean,other,5NPE34AF7JH658815,fwd,,sedan,white,al
7305150035,auburn,29990,2018,audi,a6 2.0t premium plus sedan,good,,other,24996,clean,automatic,WAUG8AFC8JN040987,,,sedan,silver,al
7305150004,auburn,14990,2016,,Scion iM Hatchback 4D,good,,gas,65203,clean,other,JTNKARJE4GJ508198,fwd,,hatchback,red,al
7305149985,auburn,39990,2020,acura,mdx sh-awd sport utility,good,6 cylinders,gas,1237,clean,other,5J8YD4H39LL041518,,,other,white,al
7305082143,auburn,2500,1966,,1966 C-30 1 ton,good,6 cylinders,gas,47000,clean,manual,,rwd,full-size,pickup,brown,al
7304785580,auburn,4000,2006,jeep,grand cherokee laredo,good,6 cylinders,gas,281000,clean,automatic,,rwd,mid-size,SUV,black,al
7304685581,auburn,32990,2019,jeep,wrangler sport suv 2d,good,6 cylinders,other,1423,clean,other,1C4GJXAGXKW566358,4wd,,SUV,yellow,al
7304685502,auburn,27590,2012,jeep,wrangler unlimited sport,good,6 cylinders,gas,52172,clean,other,1C4BJWDG5CL258372,4wd,,SUV,black,al
7304646033,auburn,18590,2017,toyota,camry le sedan 4d,good,,gas,30223,clean,other,4T1BF1FK4HU421581,fwd,,sedan,silver,al
7304645998,auburn,33590,2017,ram,1500 crew cab laramie pickup,good,,other,45464,clean,other,1C6RR6VT3HS551162,,,pickup,red,al
7304184221,auburn,40990,2017,jeep,wrangler unlimited rubicon,good,,other,30092,clean,other,1C4BJWFG7HL558919,4wd,,other,black,al
7304158673,auburn,33590,2017,jeep,wrangler unlimited sport,good,6 cylinders,gas,37919,clean,other,1C4BJWDG7HL689576,4wd,,SUV,black,al
7304134738,auburn,31590,2017,jeep,wrangler unlimited sport,good,6 cylinders,gas,35391,clean,other,1C4BJWDG8HL671975,4wd,,SUV,black,al
7304111898,auburn,30990,2017,jeep,wrangler unlimited sport,good,6 cylinders,gas,43039,clean,other,1C4BJWDG6HL650381,4wd,,SUV,silver,al
7303661415,auburn,14590,2012,bmw,1 series 128i coupe 2d,good,,other,80465,clean,other,WBAUP9C53CVL91190,,,coupe,black,al
7303661350,auburn,20590,2018,chrysler,300 limited sedan 4d,good,6 cylinders,gas,71021,clean,other,2C3CCAEG6JH123125,rwd,,sedan,black,al
7303606749,auburn,19990,2020,mitsubishi,outlander sport es,good,,other,11103,clean,other,JA4AP3AU9LU013694,,,hatchback,orange,al
7303606702,auburn,10990,2013,nissan,sentra s sedan 4d,good,,gas,81557,clean,other,3N1AB7AP2DL658501,fwd,,sedan,red,al
7303236380,auburn,26990,2018,gmc,acadia sle-2 sport utility,good,6 cylinders,gas,26514,clean,other,1GKKNLLS5JZ181591,fwd,,SUV,,al
7303130875,auburn,36590,2020,gmc,acadia denali sport utility,good,6 cylinders,gas,33026,clean,other,1GKKNXLS6LZ134810,,,SUV,black,al
7303065930,auburn,30990,2020,gmc,acadia slt sport utility 4d,good,6 cylinders,gas,35200,clean,other,1GKKNULSXLZ132766,,,SUV,white,al
7303065864,auburn,24590,2018,lincoln,mkz select sedan 4d,good,,gas,16081,clean,automatic,3LN6L5C91JR615484,fwd,,sedan,white,al
7302642422,auburn,8990,2013,,smart fortwo Passion Hatchback,good,,gas,59072,clean,automatic,WMEEJ3BA2DK636540,rwd,,coupe,silver,al
7302597055,auburn,23990,2015,lexus,nx 200t sport utility 4d,good,,other,48462,clean,other,JTJBARBZ6F2000472,,,hatchback,silver,al
7302537601,auburn,25590,2020,buick,encore gx select sport,good,,gas,1113,clean,automatic,KL4MMDSL6LB104869,fwd,,SUV,red,al
7302537532,auburn,52990,2020,jaguar,e-pace p300 r-dynamic se,good,,gas,79,clean,other,SADFL2GX2L1Z91107,,,other,white,al
7302327214,auburn,19000,2017,subaru,forester,like new,4 cylinders,gas,22700,lien,automatic,,,,SUV,red,al
7302286548,auburn,28000,2018,acura,tlx,excellent,,gas,55000,clean,automatic,,fwd,compact,sedan,white,al
7302108846,auburn,17590,2015,volvo,s60 t5 premier sedan 4d,good,,gas,63512,clean,automatic,YV1612TBXF1304224,,,sedan,blue,al
7302062793,auburn,36590,2020,volvo,s60 t6 r-design sedan 4d,good,,gas,18506,clean,other,7JRA22TM7LG032143,,,sedan,blue,al
7302043460,auburn,35990,2020,volvo,s60 t6 inscription sedan,good,,other,11878,clean,other,7JRA22TL7LG037835,,,sedan,blue,al
7302000016,auburn,38590,2019,volvo,s60 t8 r-design sedan 4d,good,,gas,14054,clean,automatic,7JRBR0FM4KG013841,,,sedan,black,al
7301673626,auburn,29590,2018,lincoln,continental select sedan,good,6 cylinders,other,33047,clean,automatic,1LN6L9TP1J5605689,,,sedan,white,al
7301673609,auburn,32590,2018,alfa-romeo,romeo stelvio sport suv 4d,good,,other,14863,clean,other,ZASFAKPN0J7B80942,,,hatchback,blue,al
7301647209,auburn,27590,2018,infiniti,qx60 3.5 sport utility,good,6 cylinders,gas,41119,clean,automatic,5N1DL0MM4JC527444,,,SUV,blue,al
7301624602,auburn,38990,2020,audi,q5 45 tfsi premium plus,good,,gas,19067,clean,other,WA1BNAFYXL2013483,,,SUV,white,al
7316878036,birmingham,21950,2012,toyota,tacoma 4x4,excellent,4 cylinders,gas,143060,clean,manual,,4wd,,truck,silver,al
7316874816,birmingham,13950,2011,toyota,tacoma,good,4 cylinders,gas,151060,clean,automatic,,rwd,,truck,silver,al
7316873897,birmingham,5900,2001,,F-350,,8 cylinders,diesel,200000,clean,automatic,,rwd,,,,al
7316872263,birmingham,12950,2005,bmw,z4,excellent,6 cylinders,gas,69586,clean,automatic,,rwd,,convertible,white,al
7316871664,birmingham,18950,2010,ford,f150 lariat supercrew 4x4,good,8 cylinders,gas,151403,clean,automatic,,4wd,,pickup,black,al
7316871204,birmingham,6995,2011,volkswagen,jetta sel,excellent,5 cylinders,gas,172752,clean,automatic,,fwd,,sedan,black,al
7316870942,birmingham,12500,2008,ford,ranger xlt,excellent,6 cylinders,gas,141345,clean,automatic,,rwd,,truck,grey,al
7316870516,birmingham,16950,2007,toyota,tacoma double cab,good,6 cylinders,gas,156792,clean,automatic,,rwd,,truck,white,al
7316870143,birmingham,22950,2014,ford,f150 supercrew cab xlt,excellent,8 cylinders,gas,166380,clean,automatic,,4wd,full-size,truck,black,al
7316869910,birmingham,12950,2011,honda,crv ex,excellent,4 cylinders,gas,87994,clean,automatic,,fwd,,SUV,silver,al
7316869708,birmingham,12950,2007,mazda,mx-5 miata touring,excellent,4 cylinders,gas,90610,clean,automatic,,rwd,,convertible,black,al
7316869215,birmingham,13950,2011,mazda,mx-5 miata grand touring,excellent,4 cylinders,gas,138235,clean,automatic,,rwd,,convertible,red,al
7316868894,birmingham,19950,2009,porsche,boxster,excellent,6 cylinders,gas,80190,clean,automatic,,rwd,,convertible,red,al
7316868562,birmingham,13950,2008,mazda,miata,excellent,4 cylinders,gas,86650,clean,manual,,rwd,,convertible,grey,al
7316868220,birmingham,10950,2009,lexus,rx350,excellent,6 cylinders,gas,191955,clean,automatic,,4wd,full-size,SUV,white,al
7316867506,birmingham,13950,2006,lexus,gx470,good,8 cylinders,gas,178790,clean,automatic,,4wd,full-size,SUV,,al
7316853268,birmingham,1800,1998,toyota,rav4,good,4 cylinders,gas,240537,clean,manual,,,,,green,al
7316852517,birmingham,21250,2002,ford,thunderbird,new,8 cylinders,gas,15996,clean,automatic,,fwd,compact,convertible,yellow,al
7316846605,birmingham,4500,2008,ford,mustang,,6 cylinders,gas,187016,clean,automatic,1ZVHT80N885207297,rwd,,coupe,red,al
7316788498,birmingham,39590,2020,chevrolet,silverado 1500 crew,good,8 cylinders,gas,19160,clean,other,3GCPWCED5LG130317,,,pickup,red,al
7316788533,birmingham,26990,2017,nissan,titan single cab sv,good,8 cylinders,gas,41335,clean,other,1N6AA1R84HN570756,4wd,,pickup,red,al
7316762099,birmingham,4299,2007,nissan,sentra,,4 cylinders,gas,189321,clean,automatic,3N1AB61EX7L640258,fwd,,sedan,silver,al
7316755272,birmingham,0,2015,nissan,sentra,excellent,4 cylinders,gas,99505,clean,automatic,3N1AB7AP8FY348505,fwd,,sedan,silver,al
7316735728,birmingham,3950,2008,kia,spectra ex,excellent,4 cylinders,gas,247377,clean,automatic,,,,sedan,,al
7316734951,birmingham,5900,1998,ford,f150,excellent,8 cylinders,gas,214000,clean,automatic,,,full-size,truck,red,al
7316725360,birmingham,33990,,,lac XT5 Crossover,,6 cylinders,gas,48784,clean,automatic,1GYKNERSXJZ160440,fwd,,SUV,black,al
7316711193,birmingham,34995,2012,dodge,charger limousine,,,gas,41000,clean,automatic,,,,,,al
7316707537,birmingham,3200,2005,ford,focus,good,4 cylinders,gas,189886,clean,automatic,,,,,,al
7316702941,birmingham,3495,1999,ford,windstar,good,6 cylinders,gas,135448,clean,automatic,,,,,,al
7316695553,birmingham,6500,2002,ford,sport trac,good,6 cylinders,gas,114775,clean,automatic,,,,,,al
7316694878,birmingham,16988,2008,toyota,fj cruiser,,,gas,188099,clean,automatic,JTEBU11F580105856,4wd,,,,al
7316694884,birmingham,16988,2018,nissan,altima,,,gas,57517,clean,automatic,1N4AL3AP6JC119377,fwd,,,silver,al
7316694885,birmingham,26990,2018,nissan,frontier,,,gas,31814,clean,automatic,1N6AD0ER6JN756577,rwd,,,black,al
7316694874,birmingham,32186,2021,toyota,tacoma,,,gas,1443,clean,automatic,5TFAX5GN0MX194170,rwd,,,,al
7316691449,birmingham,16477,2015,buick,enclave,,,gas,103969,clean,automatic,5GAKRBKD5FJ308683,fwd,,,black,al
7316691442,birmingham,58977,2019,gmc,sierra 3500,,,gas,66368,clean,automatic,1GT42WEY6KF184860,4wd,,,white,al
7316686116,birmingham,30990,2016,chevrolet,silverado 1500 double,good,6 cylinders,gas,58116,clean,other,1GCRCREH7GZ111975,,,pickup,silver,al
7316678016,birmingham,6900,2009,honda,ridgeline,fair,,gas,198000,clean,automatic,,4wd,,,,al
7316673788,birmingham,3750,1997,ford,f150,,,gas,150000,clean,automatic,,,,,,al
7316644188,birmingham,2500,1976,chevrolet,malibu classic,,,gas,100,clean,automatic,,,,,,al
7316643987,birmingham,3500,2003,toyota,camry,good,4 cylinders,gas,237000,clean,automatic,,,,,,al
7316643810,birmingham,1300,1969,mercedes-benz,benz,,,gas,12774,clean,automatic,,,,,,al
7316622592,birmingham,25990,2016,bmw,5 series,,6 cylinders,gas,75123,clean,automatic,WBA5B3C58GG255986,,,sedan,black,al
7316549537,birmingham,8000,2013,kia,optima,excellent,4 cylinders,gas,119000,rebuilt,automatic,5XXGN4A77DG230383,,,,white,al
7316544266,birmingham,32000,2008,chevrolet,silverado 2500,good,8 cylinders,diesel,109600,clean,automatic,,4wd,full-size,truck,white,al
7316535686,birmingham,3399,2006,buick,lacrosse,,6 cylinders,gas,160218,clean,automatic,2G4WD582061211256,fwd,,sedan,blue,al
7316482063,birmingham,4000,2002,toyota,echo,excellent,4 cylinders,gas,155000,clean,automatic,JTDBT123520243495,fwd,compact,sedan,blue,al
7316478418,birmingham,3900,2009,hyundai,elantra,,4 cylinders,gas,162005,clean,automatic,KMHDU46D49U684737,rwd,,sedan,white,al
7316471857,birmingham,3000,2004,chevrolet,blazer,good,6 cylinders,gas,131500,clean,automatic,,4wd,mid-size,SUV,white,al
7316469500,birmingham,2800,2009,nissan,versa,,,gas,109000,rebuilt,automatic,,,,,,al
7316429417,birmingham,2500,1995,bmw,525i,fair,6 cylinders,gas,110661,clean,automatic,WBAHD6322SGK86772,rwd,mid-size,sedan,white,al
7316423933,birmingham,53000,2006,,Sterling Acterra,,,diesel,160322,clean,automatic,,,,,,al
7316422333,birmingham,33590,2014,gmc,sierra 1500 crew cab slt,good,8 cylinders,gas,57923,clean,other,3GTP1VEC4EG551563,,,pickup,white,al
7316419757,birmingham,12500,2008,gmc,yukon xl,excellent,8 cylinders,gas,177326,clean,automatic,,rwd,full-size,SUV,black,al
7316411064,birmingham,15990,2017,ford,c-max hybrid se wagon 4d,good,,hybrid,48195,clean,other,1FADP5AU1HL114567,fwd,,wagon,blue,al
7316397515,birmingham,2500,2008,honda,accord,good,6 cylinders,gas,204561,clean,automatic,,fwd,full-size,sedan,silver,al
7316396026,birmingham,20995,2011,chevrolet,silverado 1500 ltz crew cab 4wd,,,,137701,,automatic,3GCPKTE30BG264332,4wd,,pickup,,al
7316395026,birmingham,25995,2015,chevrolet,silverado 1500 lt crew cab 4wd,,,,151681,,automatic,3GCUKREC2FG257362,4wd,,pickup,,al
7316393935,birmingham,31995,2014,chevrolet,silverado 1500 2lt crew cab long box 4wd,,,,66738,,automatic,3GCUKREC8EG123888,4wd,,pickup,,al
7316384231,birmingham,5500,1978,ford,f-150,good,8 cylinders,gas,239000,clean,automatic,,,full-size,truck,green,al
7316383863,birmingham,29000,2005,ford,f750,,,diesel,77124,clean,automatic,,,,,,al
7316368518,birmingham,27990,2012,gmc,sierra 2500 hd extended cab,good,8 cylinders,gas,68696,clean,other,1GT220CG8CZ231238,4wd,,pickup,black,al
7316349679,birmingham,24990,2018,gmc,canyon extended cab pickup,good,,other,32329,clean,other,1GTH5BEA5J1215726,,,pickup,,al
7316337545,birmingham,10990,2011,mercedes-benz,ml350,excellent,6 cylinders,gas,119172,clean,automatic,,4wd,,SUV,,al
7316330293,birmingham,3300,1999,chrysler,300m,,6 cylinders,gas,162026,clean,automatic,2C3HE66G5XH565608,fwd,,sedan,,al
7316328729,birmingham,27000,1954,ford,f100,,,gas,6000,clean,manual,,,,,,al
7316307800,birmingham,27995,2017,ford,f-150,,,gas,101000,clean,automatic,,4wd,,,,al
7316282669,birmingham,8100,2011,ford,escape,excellent,6 cylinders,hybrid,140000,clean,automatic,,fwd,,SUV,white,al
7316262914,birmingham,20000,1979,chevrolet,malibu,like new,8 cylinders,gas,1234,clean,automatic,,rwd,,,black,al
7316244350,birmingham,3999,2003,infiniti,g35 sedan,,6 cylinders,gas,233830,clean,automatic,JNKCV51E23M327551,rwd,,sedan,,al
7316237340,birmingham,0,2019,chevrolet,silverado 1500,excellent,8 cylinders,gas,25127,clean,automatic,3GCUYGED2KG277424,4wd,,truck,red,al
7316229137,birmingham,23500,1970,chevrolet,monte carlo,excellent,,gas,18678,clean,automatic,,,,,,al
7316213984,birmingham,5300,2009,jeep,grand cherokee laredo,excellent,6 cylinders,gas,178000,clean,automatic,,4wd,,,,al
7316211151,birmingham,0,2014,,Freightliner Cascadia,,,diesel,100,clean,automatic,,,,,,al
7316206718,birmingham,45900,2017,,Maserati Levante,,6 cylinders,gas,36083,clean,automatic,ZN661XUA1HX210904,,,SUV,white,al
7316198338,birmingham,0,2017,chevrolet,silverado 2500hd 4x4,like new,8 cylinders,diesel,102000,clean,automatic,,4wd,full-size,truck,silver,al
7316187372,birmingham,5500,1974,mercedes-benz,1929 ssk replica,good,4 cylinders,gas,9999,clean,automatic,,rwd,mid-size,convertible,yellow,al
7316170760,birmingham,3500,1996,chevrolet,tahoe,excellent,8 cylinders,gas,237000,clean,automatic,,4wd,full-size,offroad,black,al
7316163074,birmingham,16902,2020,toyota,corolla,,,gas,11692,clean,automatic,5YFDPRAE6LP106166,fwd,,,black,al
7316163069,birmingham,12307,2018,kia,soul,,,gas,95056,clean,automatic,KNDJP3A58J7592011,fwd,,,red,al
7316163057,birmingham,37500,2018,ford,f-150,,,gas,30026,clean,automatic,1FTEW1EP0JFD83808,4wd,,,blue,al
7316163025,birmingham,21688,2020,nissan,kicks,,,gas,7575,clean,automatic,3N1CP5DV4LL500636,fwd,,,,al
7316160104,birmingham,29990,2016,chevrolet,colorado extended cab,good,6 cylinders,gas,17302,clean,other,1GCHTCE37G1186784,4wd,,pickup,red,al
7316160083,birmingham,35590,2010,chevrolet,corvette convertible,good,8 cylinders,gas,31879,clean,other,1G1YC3DW6A5101146,rwd,,other,red,al
7316159423,birmingham,18977,2017,kia,sorento,,,gas,70014,clean,automatic,5XYPH4A59HG319380,fwd,,,,al
7316159405,birmingham,6877,2007,nissan,pathfinder,,,gas,155471,clean,automatic,5N1AR18U67C618936,rwd,,,,al
7316156727,birmingham,500,2021,,SPECIAL FINANCE PROGRAM 2020,fair,other,other,1400,clean,other,,,full-size,bus,green,al
7316142184,birmingham,12500,2015,volkswagen,passat tdi,excellent,,diesel,101000,clean,automatic,,,,,white,al
7316100915,birmingham,27998,2008,porsche,cayman,,6 cylinders,gas,69505,clean,automatic,WP0AA29878U760792,rwd,,coupe,black,al
7316080522,birmingham,0,2015,mercedes-benz,s-class,,8 cylinders,gas,78807,clean,automatic,,4wd,full-size,sedan,grey,al
7316065114,birmingham,6800,2004,mercedes-benz,clk320,good,6 cylinders,gas,116700,clean,automatic,,rwd,,convertible,silver,al
7316031977,birmingham,45000,2017,chevrolet,silverado,excellent,8 cylinders,gas,92000,clean,automatic,,4wd,full-size,truck,red,al
7316018962,birmingham,2550,2004,cadillac,srx,,6 cylinders,gas,224105,clean,automatic,1GYEE637740189703,rwd,,SUV,white,al
7316014990,birmingham,12500,2015,ford,taurus,like new,,gas,90000,clean,automatic,,fwd,,,white,al
7316005652,birmingham,3800,2011,nissan,altima,,,gas,155000,rebuilt,automatic,,,,,,al
7315998032,birmingham,2500,1987,,1987 Saab 900 Turbo,fair,4 cylinders,gas,125000,clean,manual,,fwd,mid-size,coupe,silver,al
7315970659,birmingham,2975,2006,,Suzuki XL-7,,6 cylinders,gas,217353,clean,automatic,JS3TY92V164101599,rwd,,SUV,white,al
7315958516,birmingham,7980,2013,bmw,x3,,4 cylinders,gas,156295,,manual,5UXWX9C54D0A21202,rwd,,SUV,white,al
7315946617,birmingham,7800,2005,honda,accord ex-l,excellent,4 cylinders,gas,155000,clean,manual,,,,,,al
7315946365,birmingham,9000,2008,mazda,miata mx-5,excellent,4 cylinders,gas,56700,clean,automatic,JM1NC25F570128735,rwd,compact,convertible,white,al
7315941653,birmingham,5980,2005,cadillac,sts,,8 cylinders,gas,129448,,automatic,1G6DC67A350157025,rwd,,sedan,white,al
7315938243,birmingham,13500,2000,chevrolet,corvette,like new,8 cylinders,gas,92000,clean,manual,,,mid-size,hatchback,black,al
7315932100,birmingham,19950,1955,chevrolet,bel air,good,8 cylinders,gas,96867,clean,automatic,,rwd,full-size,sedan,green,al
7315923364,birmingham,5980,2005,acura,tl,,6 cylinders,gas,179721,,automatic,19UUA66295A053616,fwd,,sedan,silver,al
7315914029,birmingham,2675,1996,toyota,camry,,4 cylinders,gas,164719,clean,automatic,4T1BG12K4TU920697,fwd,,sedan,green,al
7315903985,birmingham,5980,2006,nissan,murano,,6 cylinders,gas,178388,,automatic,JN8AZ08T36W405014,fwd,,SUV,white,al
7315892725,birmingham,34995,2018,ram,2500,,,diesel,211000,clean,automatic,,4wd,,,,al
7315883471,birmingham,6980,2011,kia,sorento,,6 cylinders,gas,182321,,other,5XYKW4A20BG104807,rwd,,SUV,,al
7315873690,birmingham,31990,2017,jeep,wrangler sport s utility 2d,good,6 cylinders,gas,891,clean,other,1C4AJWAG1HL698869,4wd,,other,white,al
7315862871,birmingham,6980,2008,toyota,avalon,,6 cylinders,gas,158888,,automatic,4T1BK36B28U302953,fwd,,sedan,silver,al
7315861135,birmingham,11500,2013,honda,odyssey ex,good,,gas,92000,clean,automatic,,,,van,silver,al
7315849335,birmingham,987654321,1960,chevrolet,,,,gas,999999,clean,manual,,,,,,al
7315847287,birmingham,2600,2000,buick,lesabre,,6 cylinders,gas,212061,clean,automatic,1G4HR54K6YU316195,fwd,,sedan,blue,al
7315842139,birmingham,4980,2007,ford,edge,,6 cylinders,gas,178095,,automatic,2FMDK46C87BA54266,4wd,,sedan,white,al
7315832990,birmingham,26995,2015,ford,f-350,,,diesel,247000,clean,automatic,,4wd,,,,al
7315826530,birmingham,27990,2014,toyota,tacoma access cab pickup,good,,other,17805,clean,other,5TFTX4CN3EX042751,,,pickup,red,al
7315826388,birmingham,32990,2017,jeep,wrangler unlimited sport,good,6 cylinders,gas,30041,clean,other,1C4BJWDG5HL705371,4wd,,other,silver,al
7315822644,birmingham,34995,2018,ram,1500,,,gas,104000,clean,automatic,,rwd,,,,al
7315820454,birmingham,5980,2010,gmc,terrain,,4 cylinders,gas,208359,,manual,2CTALFEW0A6326745,rwd,,SUV,red,al
7315819285,birmingham,4500,2014,ford,f250 xl,,,gas,250000,clean,automatic,,,,,,al
7315799907,birmingham,5480,2013,chevrolet,captiva sport,,4 cylinders,gas,182711,,automatic,3GNFL3EK8DS506789,fwd,,SUV,grey,al
7315785227,birmingham,16990,2016,kia,forte koup ex coupe 2d,good,,gas,17631,clean,other,KNAFX6A8XG5647822,fwd,,coupe,,al
7315785215,birmingham,37590,2019,ford,f150 supercrew cab xl,good,6 cylinders,gas,8663,clean,other,1FTEW1CP2KKC65268,,,pickup,,al
7315780240,birmingham,3975,2010,chevrolet,cobalt,,4 cylinders,gas,162455,clean,automatic,1G1AF5F59A7187839,fwd,,sedan,silver,al
7315780175,birmingham,6480,2008,buick,enclave,,6 cylinders,gas,183858,,automatic,5GAER23768J133952,rwd,,SUV,,al
7315759709,birmingham,22900,2013,dodge,grand caravan,,6 cylinders,gas,68228,clean,automatic,2C4RDGEG1DR649621,fwd,,,silver,al
7315746793,birmingham,24997,2014,mercedes-benz,m-class,,8 cylinders,gas,82553,clean,automatic,4JGDA7DBXEA336979,,,SUV,blue,al
7315741039,birmingham,6700,2011,nissan,murano,excellent,6 cylinders,gas,184000,clean,automatic,,,,,silver,al
7315720016,birmingham,26500,2019,nissan,rogue sport,,,gas,9975,clean,automatic,JN1BJ1CR1KW311221,,,,red,al
7315720022,birmingham,27988,2020,nissan,altima,,,gas,15139,clean,automatic,1N4BL4FW4LC155761,,,,blue,al
7315719969,birmingham,20870,2019,infiniti,qx30,,,gas,29938,clean,automatic,SJKCH5CP1KA009165,fwd,,,red,al
7315719954,birmingham,26988,2018,nissan,pathfinder,,,gas,24274,clean,automatic,5N1DR2MM1JC613563,4wd,,,white,al
7315718861,birmingham,19990,2017,subaru,legacy 2.5i premium sedan,good,,gas,10309,clean,other,4S3BNAC6XH3051466,,,sedan,white,al
7315717381,birmingham,19877,2011,ram,2500,,,diesel,183284,clean,automatic,3D7TP2CL9BG533799,,,,white,al
7315717357,birmingham,11977,2015,gmc,terrain,,,gas,106591,clean,automatic,2GKALSEKXF6413341,fwd,,,silver,al
7315683764,birmingham,29998,2014,mercedes-benz,cls,,8 cylinders,gas,57406,clean,automatic,,rwd,full-size,sedan,grey,al
7315671284,birmingham,0,2018,mercedes-benz,e-class,,4 cylinders,gas,34099,clean,automatic,,rwd,mid-size,sedan,black,al
7315670261,birmingham,12895,1991,chevrolet,corvette,,8 cylinders,gas,43725,clean,automatic,1G1YY238XM5105316,rwd,,hatchback,,al
7315607166,birmingham,3650,1999,jeep,grand cherokee,,6 cylinders,gas,151379,clean,automatic,1J4G258SXXC735664,rwd,,SUV,blue,al
7315603628,birmingham,8500,2006,rover,,good,8 cylinders,gas,139445,clean,automatic,,4wd,full-size,SUV,white,al
7315582673,birmingham,3299,2003,chevrolet,cavalier,,4 cylinders,gas,176354,clean,automatic,1G1JC12F837128347,fwd,,coupe,,al
7315552491,birmingham,4499,2005,toyota,camry,,4 cylinders,gas,170687,clean,automatic,4T1BE32K55U090199,fwd,,sedan,blue,al
7315547296,birmingham,0,2017,ford,expedition el,,6 cylinders,gas,82254,clean,automatic,,rwd,full-size,SUV,black,al
7315536101,birmingham,5940,2011,kia,soul,,4 cylinders,gas,163385,,manual,KNDJT2A23B7712004,rwd,,wagon,white,al
7315518205,birmingham,3999,2009,volvo,s60,,5 cylinders,gas,182005,clean,automatic,YV1RS592192724102,fwd,,sedan,silver,al
7315518138,birmingham,8980,2011,jeep,grand cherokee,,6 cylinders,,173787,,manual,1J4RS4GG8BC644367,rwd,,SUV,silver,al
7315506908,birmingham,4950,2001,toyota,4runner limited,,6 cylinders,gas,266000,clean,automatic,,rwd,,SUV,white,al
7315498556,birmingham,4980,2010,chevrolet,traverse,,6 cylinders,gas,208122,,manual,1GNLVEED4AS107976,rwd,,SUV,silver,al
7315477708,birmingham,4400,2006,buick,lacrosse,,6 cylinders,gas,124201,clean,automatic,2G4WC582961280594,fwd,,sedan,white,al
7315477644,birmingham,8980,2010,dodge,charger,,8 cylinders,gas,207260,,automatic,2B3CA5CT3AH172325,rwd,,sedan,black,al
7315472611,birmingham,33590,2014,toyota,tundra crewmax sr5 pickup,good,,other,55251,clean,other,5TFEY5F15EX169621,,,pickup,red,al
7315472435,birmingham,39590,2020,ford,mustang gt premium coupe 2d,good,8 cylinders,gas,1419,clean,other,1FA6P8CF5L5136223,rwd,,coupe,white,al
7315472446,birmingham,26590,2017,honda,pilot lx sport utility 4d,good,6 cylinders,gas,13836,clean,other,5FNYF5H14HB023578,,,other,blue,al
7315467479,birmingham,21990,2018,buick,regal sportback preferred,good,,gas,4988,clean,other,W04GL6SX4J1075339,fwd,,sedan,white,al
7315467324,birmingham,19990,2017,hyundai,sonata plug-in hybrid,good,,hybrid,29254,clean,manual,KMHE54L2XHA065127,fwd,,sedan,white,al
7315467192,birmingham,30990,2019,ford,ranger supercrew xl pickup,good,,other,1834,clean,other,1FTER4EH3KLA31326,,,pickup,black,al
7315455723,birmingham,6980,2006,nissan,pathfinder,,6 cylinders,gas,146779,,automatic,5N1AR18U66C639557,rwd,,SUV,silver,al
7315432897,birmingham,4100,2010,hyundai,elantra touring,,4 cylinders,gas,130206,rebuilt,manual,KMHDC8AE1AU064894,fwd,,wagon,grey,al
7315432820,birmingham,7980,2015,kia,forte,,4 cylinders,gas,121682,,automatic,KNAFX4A84F5265692,fwd,,sedan,black,al
7315409578,birmingham,9980,2013,infiniti,jx35,,6 cylinders,gas,171226,,automatic,5N1AL0MN7DC303102,fwd,,SUV,white,al
7315387122,birmingham,19500,2008,ram,3500,good,6 cylinders,diesel,161000,clean,manual,,4wd,full-size,truck,silver,al
7315384686,birmingham,2300,1997,buick,lesabre,,6 cylinders,gas,201566,clean,automatic,1G4HR52KXVH453440,fwd,,sedan,green,al
7315384602,birmingham,10980,2007,gmc,yukon xl denali,,8 cylinders,gas,181633,,automatic,1GKFK66867J219204,,,SUV,black,al
7315377651,birmingham,15000,2009,toyota,tacoma 4x4,good,6 cylinders,gas,213800,clean,automatic,,4wd,mid-size,truck,silver,al
7315366606,birmingham,14897,2012,jeep,grand cherokee,,6 cylinders,gas,112510,clean,other,1C4RJEAG7CC119745,rwd,,SUV,silver,al
7315366439,birmingham,11400,2013,kia,sportage,,4 cylinders,gas,92986,clean,other,KNDPBCA2XD7460869,4wd,,SUV,blue,al
7315359827,birmingham,10980,2012,ford,mustang,,6 cylinders,gas,159559,,manual,1ZVBP8AMXC5284648,rwd,,coupe,silver,al
7315355524,birmingham,3500,1998,jeep,cherokee,,6 cylinders,gas,273000,clean,automatic,,4wd,,SUV,white,al
7315354216,birmingham,8950,2011,ford,f-150,excellent,6 cylinders,gas,164000,clean,automatic,1FTMF1CM6BKD55331,fwd,full-size,truck,white,al
7315349921,birmingham,4000,1972,mercedes-benz,benz,fair,6 cylinders,gas,88100,clean,automatic,1.14E+13,rwd,full-size,coupe,silver,al
7315345469,birmingham,50000,2019,toyota,tundra,like new,8 cylinders,gas,20010,clean,automatic,,4wd,full-size,truck,white,al
7315336062,birmingham,3500,2009,hyundai,accent,,4 cylinders,gas,111387,rebuilt,automatic,KMHCN46C69U298613,fwd,,sedan,white,al
7315335997,birmingham,7480,2012,chrysler,300,,6 cylinders,gas,187910,,automatic,2C3CCAAG8CH166356,rwd,,sedan,blue,al
7315294251,birmingham,1200,2005,chevrolet,impala,fair,4 cylinders,gas,256806,clean,automatic,,fwd,mid-size,sedan,blue,al
7315329101,birmingham,8888,2005,nissan,altima 3.5 sl,excellent,6 cylinders,gas,53320,clean,automatic,,fwd,mid-size,sedan,brown,al
7315296502,birmingham,26990,2016,toyota,tacoma,,6 cylinders,gas,102089,clean,automatic,3TMAZ5CN5GM007838,rwd,,pickup,grey,al
7315262722,birmingham,500,2021,,SPECIAL FINANCE PROGRAM 2020,fair,other,other,1400,clean,other,,,full-size,bus,green,al
7315259946,birmingham,98900,2001,ferrari,360 modena,good,8 cylinders,gas,20187,clean,automatic,ZFFYT53A110125703,rwd,mid-size,convertible,red,al
7315258127,birmingham,15277,2017,mini,cooper,,,gas,94893,clean,manual,WMWWG5C53H3A81340,fwd,,,silver,al
7315258080,birmingham,17977,2012,toyota,4runner,,,gas,182263,clean,automatic,JTEBU5JR5C5092958,4wd,,,black,al
7315253314,birmingham,12250,2007,toyota,4runner sport edition,,,gas,189000,clean,automatic,,,,,,al
7315206704,birmingham,35495,,,Series,,4 cylinders,gas,14000,clean,automatic,3MW5R1J08L8B21625,rwd,,sedan,white,al
7315177514,birmingham,16500,2011,ford,f250 super duty,excellent,8 cylinders,gas,201766,clean,automatic,,4wd,full-size,truck,white,al
7315145734,birmingham,5800,2001,ford,crown vic,,,gas,105000,clean,automatic,,,,,,al
7315136222,birmingham,3999,2006,pontiac,grand prix,,6 cylinders,gas,207238,clean,automatic,2G2WP552061255472,fwd,,sedan,white,al
7315125503,birmingham,6000,2011,acura,mdx,good,6 cylinders,gas,197331,clean,automatic,,,,SUV,black,al
7315110575,birmingham,9400,2008,mercedes-benz,benz c350,good,6 cylinders,gas,129473,clean,automatic,WDDGF56X68F140907,rwd,full-size,sedan,silver,al
7315109151,birmingham,3850,2003,dodge,durango,,8 cylinders,gas,215604,clean,automatic,1D4HR38N13F620886,rwd,,SUV,blue,al
7315094967,birmingham,7900,2013,nissan,pathfinder,good,6 cylinders,gas,152400,clean,automatic,,fwd,mid-size,SUV,white,al
7315075822,birmingham,4300,2012,kia,soul,,4 cylinders,gas,174053,clean,automatic,KNDJT2A56C7421511,fwd,,wagon,silver,al
7315037003,birmingham,2800,2006,ford,taurus,,6 cylinders,gas,230108,clean,automatic,1FAFP53U56A238775,fwd,,sedan,white,al
7315016146,birmingham,27995,2012,ford,f250 super duty,,,gas,47380,clean,automatic,1FDBF2A66CEC73016,,,,white,al
7314992967,birmingham,3900,2010,chevrolet,cobalt,,4 cylinders,gas,162218,clean,automatic,1G1AD5F56A7158983,fwd,,sedan,silver,al
7314988246,birmingham,0,2017,chevrolet,silverado 2500 z71 4x4,like new,8 cylinders,diesel,102000,clean,automatic,,4wd,full-size,truck,silver,al
7314972947,birmingham,0,2016,ram,3500 laramie 4x4,like new,6 cylinders,diesel,120000,clean,automatic,,4wd,full-size,truck,black,al
7314967754,birmingham,7300,2007,lexus,rx350,good,6 cylinders,gas,181000,clean,automatic,2T2GK31U57C025466,fwd,mid-size,SUV,white,al
7314956487,birmingham,72900,2021,chevrolet,tahoe,good,8 cylinders,gas,19129,clean,automatic,1GNSKPKD7MR102321,4wd,full-size,SUV,grey,al
7314956410,birmingham,28900,2017,audi,q7,good,6 cylinders,gas,94601,clean,automatic,WA1LAAF71HD007817,4wd,full-size,SUV,white,al
7314956329,birmingham,17000,2019,chevrolet,trax,good,4 cylinders,gas,14898,clean,automatic,3GNCJNSB9KL333431,4wd,full-size,SUV,grey,al
7314945978,birmingham,3350,2010,chevrolet,hhr,,4 cylinders,,177602,clean,automatic,3GNBABDB7AS559947,rwd,,SUV,red,al
7314941829,birmingham,199,2017,dodge,charger,,,gas,21737,clean,automatic,,,,,,al
7314938392,birmingham,5950,2007,mitsubishi,eclipse,good,4 cylinders,gas,72000,clean,manual,4A3AK24F17E042681,fwd,compact,hatchback,black,al
7314897630,birmingham,24590,2017,chevrolet,silverado 1500 regular,good,6 cylinders,gas,40784,clean,other,1GCNCNEH7HZ118773,,,pickup,white,al
7314897221,birmingham,3999,2006,honda,accord sedan,,4 cylinders,gas,253076,clean,automatic,3HGCM56406G701183,fwd,,sedan,silver,al
7314893113,birmingham,8900,2013,toyota,prius,excellent,4 cylinders,hybrid,142900,clean,automatic,JTDZN3EU6D3195340,fwd,mid-size,wagon,blue,al
7314887217,birmingham,9900,2016,,scion ia,excellent,4 cylinders,gas,21000,clean,automatic,,fwd,compact,sedan,blue,al
7314885567,birmingham,34590,2018,ford,f150 super cab xl pickup 4d,good,6 cylinders,gas,20856,clean,other,1FTEX1CBXJKD41626,,,pickup,white,al
7314885483,birmingham,39990,2019,nissan,370z nismo coupe 2d,good,6 cylinders,gas,8373,clean,other,JN1AZ4EH8KM420880,rwd,,coupe,white,al
7314885435,birmingham,30590,2016,toyota,tacoma double cab sr5,good,,other,30176,clean,other,3TMAZ5CN7GM019182,,,pickup,red,al
7314879552,birmingham,11587,2013,ford,escape,,4 cylinders,gas,215046,clean,other,1FMCU0J92DUD22213,fwd,,SUV,black,al
7314833347,birmingham,4000,2002,toyota,camry,like new,4 cylinders,gas,160000,clean,automatic,,fwd,full-size,sedan,white,al
7314848183,birmingham,2999,2007,ford,taurus,,6 cylinders,gas,162029,clean,automatic,1FAFP56U47A197052,fwd,,sedan,blue,al
7314847158,birmingham,10800,2013,toyota,camry,excellent,4 cylinders,hybrid,147000,clean,automatic,4T1BD1FK4DU076083,fwd,mid-size,sedan,grey,al
7314841846,birmingham,0,2018,infiniti,q50,excellent,6 cylinders,gas,30362,clean,automatic,JN1EV7AR5JM438023,,,sedan,white,al
7314831178,birmingham,5500,2008,nissan,altima,like new,4 cylinders,gas,150000,clean,automatic,,fwd,,sedan,white,al
7314812134,birmingham,34500,2012,bmw,x6,,8 cylinders,gas,53723,clean,automatic,5YMGZ0C57CLK14442,,,,,al
7314798728,birmingham,3200,1988,chevrolet,s10 pickup,,,gas,191000,rebuilt,automatic,,,,,,al
7314779644,birmingham,500,2021,,SPECIAL FINANCE PROGRAM 2020,fair,other,other,1400,clean,other,,,full-size,bus,green,al
7314769276,birmingham,19990,2020,nissan,versa,,,gas,6591,clean,automatic,3N1CN8FV7LL800790,fwd,,,black,al
7314769271,birmingham,26990,2020,nissan,frontier,,,gas,323,clean,automatic,1N6ED0CE8LN726078,rwd,,,red,al
7314769274,birmingham,31988,2019,nissan,murano,,,gas,15566,clean,automatic,5N1AZ2MJ9KN124875,fwd,,,blue,al
7314765945,birmingham,11977,2009,toyota,venza,,,gas,76662,clean,automatic,4T3BK11A39U008165,,,,red,al
7314759369,birmingham,35990,2016,dodge,challenger r/t scat pack,good,,other,18955,clean,other,2C3CDZFJ5GH184898,rwd,,coupe,black,al
7314759358,birmingham,34990,2018,ram,1500 quad cab big horn,good,6 cylinders,other,22064,clean,other,1C6RR7GG0JS247282,4wd,,pickup,silver,al
7314756426,birmingham,38995,2012,ford,f-250 super duty,,,gas,9205,clean,automatic,1FD7W2B61CEC39375,4wd,,,white,al
7314751649,birmingham,10500,2013,volkswagen,passat tdi sel,excellent,,diesel,91000,clean,automatic,,,,,black,al
7314747301,birmingham,18250,2016,ford,explorer xlt,excellent,,gas,69000,clean,automatic,,,,,blue,al
7314746017,birmingham,19900,2017,ford,explorer xlt,excellent,,gas,71000,clean,automatic,,,,,silver,al
7314744435,birmingham,10500,2014,volkswagen,jetta tdi,excellent,,diesel,52000,clean,automatic,,,,,grey,al
7314730546,birmingham,3500,1994,ford,f450,fair,8 cylinders,diesel,190000,clean,manual,,rwd,full-size,truck,white,al
7314709451,birmingham,31990,2016,chevrolet,silverado 1500,,8 cylinders,,107597,clean,automatic,3GCUKREC3GG310264,4wd,,pickup,white,al
7314708108,birmingham,0,2016,jeep,wrangler unlimited,,6 cylinders,gas,83203,clean,automatic,,4wd,mid-size,SUV,grey,al
7314668731,birmingham,6800,2005,,blue bird bus,excellent,6 cylinders,diesel,180000,clean,automatic,,rwd,full-size,bus,yellow,al
7314667373,birmingham,5500,1999,,blue bird bus,excellent,6 cylinders,diesel,220000,clean,automatic,,rwd,full-size,bus,yellow,al
7314664527,birmingham,36990,2018,toyota,4runner sr5 sport utility,good,6 cylinders,gas,21415,clean,other,JTEBU5JR4J5589139,4wd,,other,silver,al
7314664514,birmingham,23590,2017,nissan,frontier king cab sv,good,,gas,37091,clean,other,1N6BD0CT1HN724133,fwd,,pickup,red,al
7314664519,birmingham,17990,2013,subaru,xv crosstrek premium,good,,gas,57371,clean,other,JF2GPAVC1D2886375,,,hatchback,blue,al
7314664521,birmingham,30990,2017,nissan,frontier crew cab pro-4x,good,6 cylinders,gas,31095,clean,other,1N6DD0EV9HN769618,4wd,,pickup,white,al
7314664494,birmingham,21590,2017,buick,regal premium ii sedan 4d,good,,gas,14934,clean,other,2G4GR5GX4H9146936,fwd,,sedan,white,al
7314664471,birmingham,21990,2019,toyota,camry l sedan 4d,good,,other,5607,clean,other,4T1B11HK4KU829484,,,sedan,red,al
7314656633,birmingham,16000,2016,dodge,charger,like new,6 cylinders,gas,62000,clean,automatic,,rwd,full-size,sedan,silver,al
7314654378,birmingham,1500,2005,toyota,solara,good,4 cylinders,gas,222100,clean,automatic,,fwd,full-size,sedan,silver,al
7314624461,birmingham,4500,2005,acura,mdx,,6 cylinders,gas,279000,clean,automatic,2HNYD18905H558010,,,SUV,blue,al
7314603249,birmingham,33995,2016,chevrolet,silverado 1500,,,gas,115000,clean,automatic,,4wd,,,,al
7314592793,birmingham,40000,2017,chevrolet,tahoe,like new,8 cylinders,gas,68000,clean,automatic,,rwd,full-size,SUV,silver,al
7314590934,birmingham,39900,2015,lincoln,,,,gas,51,clean,automatic,,,,,,al
7314589649,birmingham,10500,2008,infiniti,ex35,good,6 cylinders,gas,122904,clean,automatic,JNKAJ09E48M304922,rwd,full-size,wagon,black,al
7314584193,birmingham,9500,2014,toyota,prius v hybrid,good,4 cylinders,gas,136128,clean,automatic,JTDZN3EU4E3324774,fwd,mid-size,hatchback,white,al
7314583885,birmingham,12900,2014,nissan,rogue sv,good,4 cylinders,gas,120211,clean,automatic,5N1AT2MT4EC795289,fwd,full-size,SUV,red,al
7314570604,birmingham,4275,2006,jeep,liberty,,6 cylinders,gas,174132,clean,automatic,1J8GL48K06W123802,4wd,,SUV,red,al
7314565277,birmingham,3200,2006,chevrolet,trailblazer,good,6 cylinders,gas,178762,clean,automatic,,rwd,full-size,SUV,grey,al
7314539852,birmingham,10000,2010,toyota,tundra,,,gas,180000,clean,automatic,,,,,,al
7314521202,birmingham,11995,2007,chevrolet,tahoe,,,gas,170865,clean,automatic,1GNFK13077J125921,4wd,,,silver,al
7314505215,birmingham,3399,2006,buick,lacrosse,,6 cylinders,gas,160218,clean,automatic,2G4WD582061211256,fwd,,sedan,blue,al
7314488940,birmingham,17995,2017,ram,promaster 1500 cargo van,,,gas,147064,clean,automatic,3C6TRVNGXHE538740,,,,white,al
7314448560,birmingham,3850,2010,volkswagen,jetta,,,gas,178000,clean,automatic,,,,,,al
7314431586,birmingham,3900,2009,hyundai,elantra,,4 cylinders,gas,162005,clean,automatic,KMHDU46D49U684737,rwd,,sedan,white,al
7314409980,birmingham,6000,2004,subaru,baja,excellent,4 cylinders,gas,64000,clean,automatic,,4wd,,,,al
7314384262,birmingham,15897,2018,chevrolet,malibu,,4 cylinders,gas,65950,clean,other,1G1ZB5ST9JF144448,fwd,,sedan,grey,al
7314355049,birmingham,0,2020,dodge,charger,excellent,8 cylinders,gas,8428,clean,automatic,2C3CDXGJ8LH129343,rwd,,sedan,,al
7314353155,birmingham,3300,1999,chrysler,300m,,6 cylinders,gas,162026,clean,automatic,2C3HE66G5XH565608,fwd,,sedan,,al
7314348351,birmingham,26995,2015,ford,f-350,,,diesel,232000,clean,automatic,,4wd,,,,al
7314347283,birmingham,0,2021,nissan,titan xd,excellent,8 cylinders,gas,2576,clean,automatic,1N6AA1FBXMN506733,4wd,,truck,black,al
7314334186,birmingham,6950,2011,volkswagen,jetta,excellent,5 cylinders,gas,116000,clean,automatic,3VWDZ7AJ9BM348478,fwd,full-size,sedan,silver,al
7314331833,birmingham,29995,2013,chevrolet,silverado 2500hd,,,diesel,173000,clean,automatic,,4wd,,,,al
7314318598,birmingham,22795,2015,mercedes-benz,c-class,,4 cylinders,gas,67870,clean,automatic,55SWF4KB4FU020761,,,sedan,silver,al
7314313456,birmingham,0,2014,,Freightliner Cascadia,,,diesel,100,clean,automatic,,,,,,al
7314312719,birmingham,8995,2005,nissan,altima 3.5 sl,excellent,6 cylinders,gas,53320,clean,automatic,,fwd,mid-size,sedan,brown,al
7314302125,birmingham,1250,1988,ford,bronco ii,fair,6 cylinders,gas,90000,clean,manual,,4wd,,SUV,black,al
7314297193,birmingham,1500,1988,,1988,good,6 cylinders,gas,89000,clean,manual,,4wd,,,,al
7314293077,birmingham,48900,2018,chevrolet,silverado 2500 hd ltz,like new,8 cylinders,diesel,43034,rebuilt,automatic,1GC1KWEYXJF108821,4wd,full-size,truck,black,al
7314278078,birmingham,9988,2014,kia,sorento lx,good,4 cylinders,gas,121259,clean,automatic,,fwd,compact,SUV,red,al
7314277945,birmingham,24888,2019,ford,f150 regular cab xl,excellent,6 cylinders,gas,8176,clean,automatic,,rwd,full-size,pickup,white,al
7314277738,birmingham,28490,2020,nissan,murano,,,gas,6154,clean,automatic,5N1AZ2AJ2LN101363,fwd,,,blue,al
7314277721,birmingham,31968,2020,infiniti,q50,,,gas,27441,clean,automatic,JN1EV7AR9LM251385,,,,white,al
7314277700,birmingham,21334,2021,toyota,corolla,,,gas,7277,clean,automatic,5YFS4MCE4MP059799,fwd,,,white,al
7314276424,birmingham,16888,2008,toyota,fj cruiser 4x4,good,6 cylinders,gas,188096,clean,automatic,,4wd,mid-size,SUV,yellow,al
7314276144,birmingham,19888,2015,mercedes-benz,benz ml 450,excellent,6 cylinders,gas,111261,clean,automatic,,4wd,full-size,SUV,silver,al
7314275948,birmingham,31888,2015,gmc,1500 yukon slt,good,8 cylinders,gas,109947,clean,automatic,,rwd,full-size,SUV,white,al
7314275443,birmingham,500,2021,,SPECIAL FINANCE PROGRAM 2020,fair,other,other,1400,clean,other,,,full-size,bus,green,al
7314275143,birmingham,10997,2010,ford,explorer sport trac,,,gas,137906,clean,automatic,1FMEU5BE7AUA21787,4wd,,,,al
7314264250,birmingham,29800,2019,chevrolet,silverado 1500,,8 cylinders,gas,39000,clean,automatic,,4wd,,,red,al
7314241133,birmingham,1350,1999,,plymouth voyager,fair,6 cylinders,gas,200000,clean,automatic,,,,,,al
7314222909,birmingham,50990,2017,mercedes-benz,s-class,,8 cylinders,gas,68643,clean,automatic,WDDUG8FB5HA318535,,,sedan,black,al
7314194164,birmingham,9500,1968,pontiac,firebird,,,gas,175000,clean,automatic,,,,convertible,red,al
7314166127,birmingham,1300,1969,mercedes-benz,benz,,,gas,12774,clean,automatic,,,,,,al
7314165149,birmingham,22500,1929,ford,,,,gas,9999999,clean,automatic,,,,,,al
7314139034,birmingham,3999,2003,infiniti,g35 sedan,,6 cylinders,gas,233830,clean,automatic,JNKCV51E23M327551,rwd,,sedan,,al
7314137416,birmingham,5900,2011,ford,fiesta se,,,gas,109000,clean,automatic,,,,,,al
7314082833,birmingham,2800,2002,pontiac,grand am gt 1,good,6 cylinders,gas,128783,rebuilt,manual,,fwd,compact,,red,al
7314048587,birmingham,28995,2017,chevrolet,silverado 2500hd,,,gas,102000,clean,automatic,,rwd,,,,al
7314047007,birmingham,34950,2016,nissan,titan xd cummins platinum,,,diesel,158159,clean,automatic,,4wd,,pickup,,al
7314044610,birmingham,99950,2021,chevrolet,corvette stingray spor,,,gas,510,clean,automatic,,rwd,,coupe,orange,al
7314042284,birmingham,29950,1998,pontiac,firebird trans am ws6,,,gas,16429,clean,automatic,,rwd,,hatchback,black,al
7314039798,birmingham,39995,1999,dodge,viper rt 10 removable top,,,gas,15897,clean,manual,,rwd,,convertible,silver,al
7314022305,birmingham,2550,2004,cadillac,srx,,6 cylinders,gas,224105,clean,automatic,1GYEE637740189703,rwd,,SUV,white,al
7314015968,birmingham,8800,2007,gmc,denali,good,8 cylinders,gas,269000,clean,automatic,,4wd,,,,al
7314014511,birmingham,1,2012,ford,f250 super duty,,,gas,150000,clean,automatic,,4wd,,,,al
7313995856,birmingham,7500,1969,,oldsmobile cutlass,,,gas,80000,clean,automatic,,,,convertible,blue,al
7313975544,birmingham,16990,2019,toyota,corolla,,4 cylinders,gas,44752,clean,automatic,5YFBURHE3KP889144,fwd,,sedan,,al
7313975461,birmingham,12499,2012,toyota,camry,,4 cylinders,gas,64950,clean,automatic,4T1BF1FK4CU545293,fwd,,sedan,red,al
7313975305,birmingham,13999,2018,kia,soul,,4 cylinders,gas,46848,clean,automatic,KNDJP3A54J7511716,fwd,,wagon,white,al
7313975157,birmingham,28249,2016,toyota,tundra double cab,,8 cylinders,gas,78000,clean,automatic,5TFRW5F17GX212284,,,pickup,,al
7313975008,birmingham,7999,2007,toyota,camry,,6 cylinders,gas,67650,clean,automatic,JTNBK46K173023939,fwd,,sedan,custom,al
7313974428,birmingham,8799,2006,acura,tsx,,4 cylinders,gas,89375,clean,automatic,JH4CL96966C008897,fwd,,sedan,white,al
7313974227,birmingham,19990,2017,nissan,pathfinder,,6 cylinders,gas,53950,clean,automatic,5N1DR2MN7HC663841,,,SUV,white,al
7313946710,birmingham,2975,2006,,Suzuki XL-7,,6 cylinders,gas,217353,clean,automatic,JS3TY92V164101599,rwd,,SUV,white,al
7313935156,birmingham,18800,2000,,INTERNATIONAL 4700 DUMP,,8 cylinders,diesel,193348,clean,automatic,,rwd,,,white,al
7313922048,birmingham,19900,2011,ford,f250 service,,8 cylinders,gas,142268,clean,automatic,,4wd,,,white,al
7313898024,birmingham,9990,2015,toyota,corolla le,excellent,4 cylinders,gas,125224,clean,automatic,,fwd,,sedan,,al
7313897256,birmingham,29950,2014,gmc,sierra 1500,excellent,8 cylinders,gas,139029,clean,automatic,,4wd,full-size,truck,black,al
7313896887,birmingham,9990,2009,lexus,rx350,excellent,6 cylinders,gas,163230,clean,automatic,,fwd,,SUV,,al
7313896890,birmingham,0,2017,gmc,sierra 1500,,8 cylinders,gas,60015,clean,other,3GTU2NEC5HG504207,4wd,,truck,white,al
7313896811,birmingham,45950,2014,gmc,sierra 2500hd denali,excellent,8 cylinders,diesel,154289,clean,automatic,,4wd,full-size,truck,black,al
7313896765,birmingham,17897,2015,lincoln,mkz,,6 cylinders,gas,91067,clean,other,3LN6L2GK0FR610652,fwd,,sedan,white,al
7313889508,birmingham,11500,2008,ford,f-250 super duty xl,good,8 cylinders,diesel,283356,clean,automatic,1FTSX20R48EC34753,rwd,full-size,pickup,white,al
7313884888,birmingham,7990,2011,bmw,328i,excellent,6 cylinders,gas,123000,clean,automatic,,rwd,,sedan,,al
7313876057,birmingham,9990,2009,bmw,x5,excellent,6 cylinders,gas,93659,clean,automatic,,4wd,,SUV,,al
7313867413,birmingham,11990,2011,honda,crv ex-l,excellent,4 cylinders,gas,109000,clean,automatic,,fwd,,SUV,,al
7313863986,birmingham,0,2014,buick,enclave,,6 cylinders,gas,143136,clean,automatic,5GAKRCKDXEJ342333,fwd,,SUV,white,al
7313860113,birmingham,15990,2015,chevrolet,camaro,,6 cylinders,gas,53000,clean,automatic,2G1FB1E38F9300602,rwd,,other,black,al
7313858171,birmingham,0,2018,honda,cr v,excellent,4 cylinders,gas,22761,clean,automatic,2HKRW5H37JH416164,fwd,,SUV,red,al
7313856690,birmingham,14700,2015,honda,cr-v ex-l,excellent,4 cylinders,gas,70672,salvage,automatic,2HKRM4H77FH677160,4wd,compact,SUV,brown,al
7313833229,birmingham,500,2021,,SPECIAL FINANCE PROGRAM 2020,fair,other,other,1400,clean,other,,,full-size,bus,green,al
7313827980,birmingham,11295,2014,chevrolet,sonic,,4 cylinders,gas,49019,clean,automatic,1G1JE6SB9E4237313,fwd,,hatchback,red,al
7313808455,birmingham,4350,2015,,smart fortwo,good,3 cylinders,gas,69974,clean,automatic,,,compact,coupe,white,al
7313806066,birmingham,2450,2000,infiniti,qx4,good,6 cylinders,gas,246653,clean,automatic,,4wd,full-size,SUV,silver,al
7313801999,birmingham,12950,2013,lexus,ct200h hybrid,good,4 cylinders,gas,77000,clean,automatic,,fwd,,,black,al
7313798038,birmingham,30488,2020,infiniti,q50,,,gas,29366,clean,automatic,JN1EV7AP7LM200689,rwd,,,black,al
7313798048,birmingham,17989,2018,toyota,camry,,,gas,120943,clean,automatic,4T1B11HK3JU537162,fwd,,,silver,al
7313798006,birmingham,22602,2021,toyota,corolla,,,gas,10883,clean,automatic,5YFP4MCE0MP062012,fwd,,,red,al
7313794897,birmingham,12977,2011,lexus,rx,,,gas,140994,clean,automatic,2T2BK1BA6BC090077,,,,,al
7313781903,birmingham,12995,2008,ford,f150 xl,,,gas,93146,clean,automatic,1FTRF12V98KD94523,,,,green,al
7313781430,birmingham,36995,2012,ford,f250 super duty 4x4,,,gas,41364,clean,automatic,1FD7X2B65CEC58024,4wd,,,silver,al
7313781284,birmingham,31995,2017,ford,f350 super duty,,,gas,129638,clean,automatic,1FD8W3G69HEB28454,,,,white,al
7313781180,birmingham,25995,2015,gmc,sierra 2500hd,,,gas,126690,clean,automatic,1GT21XEG0FZ537816,,,,red,al
7313780314,birmingham,29990,2019,mazda,mx-5 miata grand touring,good,,gas,5247,clean,other,JM1NDAD77K0311175,rwd,,other,,al
7313780913,birmingham,34995,2015,ford,f250 super duty 4x4,,,gas,84526,clean,automatic,1FD7X2B60FEB07855,4wd,,,white,al
7313780759,birmingham,31995,2012,ford,f350 super duty,,,gas,24692,clean,automatic,1FDRF3G64CED01178,,,,white,al
7313780652,birmingham,34995,2017,ford,f250 sd xlt,,,gas,138052,clean,automatic,1FT7W2B61HEE45601,4wd,,,white,al
7313780216,birmingham,16590,2016,jeep,renegade sport suv 4d,good,,gas,35835,clean,other,ZACCJBAW9GPC62449,4wd,,other,red,al
7313780453,birmingham,16995,2008,chevrolet,express 3500,,,gas,158114,clean,automatic,1GBJG31K281131930,,,,white,al
7313780256,birmingham,25590,2017,jeep,grand cherokee laredo sport,good,6 cylinders,other,31315,clean,other,1C4RJFAG6HC633079,4wd,,SUV,silver,al
7313779980,birmingham,12995,2016,chrysler,200,,,gas,72754,clean,automatic,1C3CCCBBXGN146315,,,,black,al
7313779658,birmingham,27995,2017,nissan,nv2500 hd cargo,,,gas,48769,clean,automatic,1N6BF0KY6HN800985,,,,white,al
7313779504,birmingham,24995,2012,ford,f250 xl super duty,,,gas,52377,clean,automatic,1FDBF2A68CEC73003,,,,grey,al
7313779358,birmingham,28995,2012,ford,econoline commercial,,,gas,93923,clean,automatic,1FC3E3KL4CDB34837,,,,white,al
7313779198,birmingham,27995,2012,ford,f350 super duty,,,gas,45822,clean,automatic,1FDRF3G65CEC39189,,,,white,al
7313779015,birmingham,13995,2015,nissan,nv200,,,gas,86580,clean,automatic,3N6CM0KN6FK712103,,,,white,al
7313778862,birmingham,32995,2012,ford,f250 super duty,,,gas,37473,clean,automatic,1FDBF2B63CEC57788,4wd,,,white,al
7313778751,birmingham,4995,2005,ford,freestar ses,,,gas,121724,clean,automatic,2FMZA57605BA66741,,,,silver,al
7313778627,birmingham,27995,2012,ford,f250 super duty,,,gas,26896,clean,automatic,1FDBF2A65CEC50925,,,,white,al
7313778464,birmingham,24995,2012,ford,f-250 super duty,,,gas,40023,clean,automatic,1FDBF2A62CEC73000,,,,green,al
7313778339,birmingham,36995,2013,chevrolet,silverado 3500hd,,,gas,58056,clean,automatic,1GB4CZCG7DF109634,,,,white,al
7313778192,birmingham,36995,2017,chevrolet,silverado 2500hd,,,gas,43553,clean,automatic,1GC1KUEG9HF237025,4wd,,,white,al
7313775964,birmingham,39590,2017,chevrolet,camaro ss coupe 2d,good,8 cylinders,gas,10496,clean,other,1G1FE1R71H0109878,rwd,,coupe,white,al
7313775792,birmingham,26990,2016,ford,f150 regular cab xl pickup,good,6 cylinders,gas,14230,clean,other,1FTMF1CP3GKD62143,,,pickup,black,al
7313775714,birmingham,36990,2015,chevrolet,tahoe lt sport utility,good,8 cylinders,other,51677,clean,other,1GNSCBKC8FR712092,,,other,black,al
7313736542,birmingham,5500,2001,ford,e350 van,fair,,diesel,340000,clean,automatic,,fwd,,van,white,al
7313728831,birmingham,1500,2011,ford,crown victoria,,,gas,123000,clean,automatic,,,,,,al
7313727515,birmingham,25500,2015,jaguar,xj,,6 cylinders,,71114,clean,automatic,SAJWA1CZ7F8V80673,rwd,,sedan,black,al
7313703595,birmingham,3500,1995,honda,civic del sol si,good,4 cylinders,gas,215000,clean,manual,,fwd,compact,convertible,red,al
7313687738,birmingham,9900,2013,gmc,terrain,,6 cylinders,gas,148285,clean,automatic,,fwd,,,black,al
7313682999,birmingham,20900,2017,ford,f150,,8 cylinders,gas,147124,clean,automatic,,4wd,,,white,al
7313674968,birmingham,29900,2016,jeep,wrangler,,6 cylinders,gas,131091,clean,automatic,,4wd,,,white,al
7313672942,birmingham,7200,2007,toyota,highlander,excellent,4 cylinders,gas,155490,clean,automatic,,fwd,,SUV,silver,al
7313663160,birmingham,45300,2018,ram,3500 big horn,excellent,6 cylinders,diesel,34125,rebuilt,automatic,3C63R3LL4JG236634,4wd,full-size,truck,black,al
7313651763,birmingham,0,2014,,Freightliner Cascadia,,,diesel,100,clean,automatic,,,,,,al
7313642622,birmingham,3500,2006,ford,f-150,,,gas,246000,clean,automatic,,,,,,al
7313640705,birmingham,0,2012,chevrolet,silverado 2500hd,,8 cylinders,,0,clean,automatic,1GC1CVCG6CF139696,rwd,,,white,al
7313599275,birmingham,17500,2001,ram,3500,good,6 cylinders,diesel,178000,clean,manual,,4wd,full-size,truck,white,al
7313594854,birmingham,5500,2010,hyundai,accent,good,4 cylinders,gas,114988,clean,automatic,KMHCM3AC4AU157340,fwd,mid-size,hatchback,blue,al
7313589313,birmingham,18950,2009,jeep,wrangler,excellent,,gas,,clean,automatic,,4wd,,,,al
7313588835,birmingham,6900,2008,ford,escape hev,good,4 cylinders,hybrid,103550,clean,automatic,1FMCU49HX8KD14817,fwd,mid-size,SUV,white,al
7313588556,birmingham,10900,2010,honda,accord crosstour exl,good,6 cylinders,gas,97804,clean,automatic,5J6TF1H59AL003751,fwd,full-size,wagon,grey,al
7313588273,birmingham,8900,2014,fiat,500l lounge,good,4 cylinders,gas,84778,clean,automatic,ZFBCFACH0EZ002677,fwd,mid-size,hatchback,red,al
7313587085,birmingham,0,2008,mercedes-benz,e-class,,6 cylinders,gas,132517,clean,automatic,WDBUF87X58B315151,,,sedan,white,al
7313561433,birmingham,0,2017,nissan,sentra,excellent,,gas,,clean,automatic,,,,sedan,white,al
7313525257,birmingham,8900,2003,ford,f250 lariat,good,8 cylinders,diesel,247000,clean,automatic,,rwd,,truck,red,al
7313522212,birmingham,2675,1996,toyota,camry,,4 cylinders,gas,164719,clean,automatic,4T1BG12K4TU920697,fwd,,sedan,green,al
7313512633,birmingham,29995,2016,ford,f-250,,,diesel,235000,clean,automatic,,4wd,,,,al
7313510136,birmingham,22995,2012,ford,f-350,,,diesel,210000,clean,automatic,,4wd,,,,al
7313504676,birmingham,21800,2018,ford,f150,,8 cylinders,gas,143603,clean,automatic,,4wd,,,silver,al
7313504333,birmingham,8980,2010,dodge,charger,,,gas,207000,clean,automatic,,,,,grey,al
7313503957,birmingham,27900,2018,ford,f250,,8 cylinders,gas,159911,clean,automatic,,4wd,,,white,al
7313502152,birmingham,7980,2012,volvo,s60,,,gas,110000,clean,automatic,,,,,,al
7313501638,birmingham,22900,2016,ford,transit t250,,6 cylinders,gas,95900,clean,automatic,,rwd,,,white,al
7313500101,birmingham,10980,2007,gmc,1500 yukon denali xl,,,gas,181000,clean,automatic,,,,,,al
7313499039,birmingham,31500,2019,ford,f150,,6 cylinders,gas,106054,clean,automatic,,4wd,,,white,al
7313496844,birmingham,8480,2012,chrysler,300,,,gas,187000,clean,automatic,,,,,,al
7313494428,birmingham,9980,2008,infiniti,fx35,,,gas,171000,clean,automatic,,,,,,al
7313489428,birmingham,7980,2015,kia,forte ex,,,gas,121000,clean,automatic,,,,,,al
7313484951,birmingham,10980,2012,ford,mustang,,,gas,159000,clean,automatic,,,,,,al
7313478091,birmingham,27990,2014,ram,2500 4x4,like new,6 cylinders,diesel,2222222,clean,automatic,,4wd,full-size,truck,white,al
7313475243,birmingham,0,2006,ford,f550,,,diesel,0,clean,other,,,,other,white,al
7313467803,birmingham,8500,2004,bmw,z4,excellent,4 cylinders,gas,116014,clean,automatic,4USBT33534LS51621,rwd,sub-compact,other,white,al
7313464524,birmingham,0,2017,dodge,challenger rt plus,like new,8 cylinders,gas,39000,clean,automatic,,rwd,mid-size,coupe,green,al
7313451606,birmingham,36990,2016,gmc,sierra 2500 hd double cab,good,8 cylinders,gas,23190,clean,other,1GT22REG1GZ401351,4wd,,pickup,black,al
7313451582,birmingham,24590,2013,gmc,sierra 1500 extended cab slt,good,8 cylinders,other,80318,clean,other,1GTR1WE07DZ143724,,,pickup,,al
7313444620,birmingham,3650,2008,kia,rio,,4 cylinders,gas,115124,clean,automatic,KNADE123786319837,fwd,,sedan,silver,al
7313427277,birmingham,36995,2017,chevrolet,silverado 2500hd,,,gas,43553,clean,automatic,1GC1KUEG9HF237025,4wd,,,white,al
7313419020,birmingham,19888,2015,mercedes-benz,benz ml 450,excellent,6 cylinders,gas,111261,clean,automatic,,4wd,full-size,SUV,silver,al
7313418727,birmingham,31888,2015,gmc,1500 yukon slt,good,8 cylinders,gas,109947,clean,automatic,,rwd,full-size,SUV,white,al
7313375333,birmingham,25990,2019,ram,1500 classic regular cab,good,8 cylinders,gas,12302,clean,other,3C6JR6DT3KG560649,,,pickup,white,al
7313376590,birmingham,23888,2014,ram,1500 express,like new,8 cylinders,diesel,110789,clean,automatic,,rwd,full-size,pickup,silver,al
7313375192,birmingham,25590,2015,gmc,sierra 1500 regular cab,good,6 cylinders,other,35290,clean,other,1GTN1TEH9FZ243281,,,pickup,white,al
7313361936,birmingham,2600,2000,buick,lesabre,,6 cylinders,gas,212061,clean,automatic,1G4HR54K6YU316195,fwd,,sedan,blue,al
7313346134,birmingham,3500,2008,acura,tl,good,6 cylinders,gas,242000,clean,automatic,,fwd,mid-size,sedan,grey,al
7313343182,birmingham,27990,2020,ford,ranger supercab xl pickup,good,,gas,10688,clean,other,1FTER1EH1LLA36301,,,pickup,white,al
7313325014,birmingham,32995,,,r XF,,4 cylinders,gas,22105,clean,automatic,SAJBD4FX6JCY57725,rwd,,sedan,white,al
7313295607,birmingham,500,2021,,SPECIAL FINANCE PROGRAM 2020,fair,other,other,1400,clean,other,,,full-size,bus,green,al
7313285659,birmingham,16888,2008,toyota,fj cruiser 4x4,good,6 cylinders,gas,188096,clean,automatic,,4wd,mid-size,SUV,yellow,al
7313283007,birmingham,15874,2016,mazda,cx-5,,,gas,150694,clean,automatic,JM3KE2DY1G0814875,fwd,,,brown,al
7313282988,birmingham,40499,2020,toyota,tacoma,,,gas,9674,clean,automatic,3TMCZ5AN5LM357685,4wd,,,white,al
7313282991,birmingham,12558,2016,hyundai,elantra,,,gas,76381,clean,automatic,5NPDH4AE8GH737715,fwd,,,white,al
7313280464,birmingham,11977,2014,buick,verano,,,gas,54693,clean,automatic,1G4PR5SK8E4102383,fwd,,,silver,al
7313272909,birmingham,27900,2014,chevrolet,silverado 3500hd,good,8 cylinders,diesel,170525,clean,automatic,1GB4KZC82EF172959,4wd,full-size,truck,white,al
7313267024,birmingham,31590,2019,cadillac,xt4 sport suv 4d,good,,other,12102,clean,other,1GYFZER40KF121673,fwd,,hatchback,black,al
7313260486,birmingham,4950,2002,acura,rl,excellent,6 cylinders,gas,201000,clean,automatic,,,,sedan,,al
7313260158,birmingham,4650,2002,chevrolet,trailblazer,excellent,6 cylinders,gas,139000,clean,automatic,,,,SUV,,al
7313259831,birmingham,3950,2003,honda,civic ex,excellent,4 cylinders,gas,236890,clean,automatic,,,,,,al
7313253350,birmingham,7500,2012,chevrolet,silverado,excellent,6 cylinders,gas,212000,clean,automatic,,rwd,full-size,truck,white,al
7313252981,birmingham,6000,2002,,2002 limited 4 runner,good,6 cylinders,gas,24222,clean,automatic,,rwd,,,green,al
7313224965,birmingham,21990,2015,mercedes-benz,glk,,4 cylinders,diesel,90508,clean,automatic,WDCGG0EB5FG411408,,,SUV,white,al
7313219085,birmingham,9500,2013,hyundai,sonata,excellent,4 cylinders,gas,125000,clean,automatic,,fwd,mid-size,sedan,red,al
7313210683,birmingham,16900,2015,kia,optima,good,4 cylinders,gas,82999,clean,automatic,5XXGR4A65FG391393,fwd,,sedan,white,al
7313210657,birmingham,19900,2011,cadillac,escalade,good,8 cylinders,gas,133257,clean,automatic,1GYS3DEF8BR175139,rwd,full-size,SUV,white,al
7313210643,birmingham,19900,2019,hyundai,sonata,good,4 cylinders,gas,21872,clean,automatic,5NPE34AF0KH789800,fwd,,sedan,white,al
7313210587,birmingham,18900,2019,nissan,altima,good,4 cylinders,gas,47421,clean,automatic,1N4BL4EV0KC188117,fwd,,sedan,grey,al
7313175430,birmingham,22000,2013,rover,lr4 hse,good,8 cylinders,gas,119550,clean,automatic,SALAG2D47DA653099,4wd,,SUV,white,al
7313167064,birmingham,1500,2004,chevrolet,colorado,fair,4 cylinders,gas,150000,missing,automatic,,rwd,,truck,black,al
7313161057,birmingham,23500,2008,lexus,sc430,excellent,8 cylinders,gas,73500,clean,automatic,,rwd,,convertible,red,al
7313156852,birmingham,23900,2006,,LBZ Duramax,,,diesel,195000,clean,automatic,,4wd,full-size,truck,red,al
7313145810,birmingham,3250,1997,lincoln,town car,good,8 cylinders,gas,142000,clean,other,,rwd,,sedan,,al
7313137419,birmingham,3450,1997,honda,accord sedan,,4 cylinders,gas,172295,clean,automatic,1HGCD5602VA199948,fwd,,sedan,black,al
7313080745,birmingham,0,2008,chevrolet,impala,,6 cylinders,gas,157476,clean,automatic,2G1WT55NX81257887,fwd,,sedan,grey,al
7313079270,birmingham,5000,2005,honda,element ex,good,4 cylinders,gas,182000,clean,automatic,,fwd,,SUV,red,al
7313029336,birmingham,34900,2020,nissan,pathfinder,excellent,6 cylinders,gas,15400,clean,automatic,5N1DR2DN2LC622798,rwd,full-size,SUV,white,al
7313012435,birmingham,0,2010,chevrolet,cobalt,,4 cylinders,gas,162455,clean,automatic,1G1AF5F59A7187839,fwd,,sedan,,al
7312985712,birmingham,36995,2013,chevrolet,silverado 3500hd,,,gas,58056,clean,automatic,1GB4CZCG7DF109634,,,,white,al
7312938924,birmingham,34590,2016,chevrolet,silverado 1500 double,good,6 cylinders,gas,29499,clean,other,1GCVKREH6GZ228691,4wd,,pickup,silver,al
7312932052,birmingham,3650,1999,jeep,grand cherokee,,6 cylinders,gas,151379,clean,automatic,1J4G258SXXC735664,rwd,,SUV,blue,al
7312912319,birmingham,6900,2001,jeep,cherokee sport,excellent,6 cylinders,gas,144445,clean,automatic,1J4FT48S71L607084,rwd,full-size,SUV,white,al
7312908147,birmingham,18000,2016,mazda,cx-5,excellent,4 cylinders,gas,33000,clean,automatic,,,,,,al
7312892348,birmingham,27990,2017,chevrolet,colorado extended cab,good,,gas,22120,clean,other,1GCHSCEA7H1203280,,,pickup,,al
7312879695,birmingham,26990,2008,ram,2500 mega cab 4x4,like new,6 cylinders,diesel,172000,clean,automatic,,4wd,full-size,truck,red,al
7312878239,birmingham,0,2014,ram,2500 slt 4x4,like new,6 cylinders,diesel,1111111,clean,automatic,,4wd,full-size,truck,white,al
7312876423,birmingham,17990,2018,ford,edge sel,like new,6 cylinders,gas,1111111,clean,automatic,,fwd,mid-size,SUV,blue,al
7312874716,birmingham,11990,2011,audi,a3 tdi premium plus,like new,4 cylinders,diesel,70000,clean,automatic,,fwd,mid-size,sedan,black,al
7312873290,birmingham,0,2018,chevrolet,silverado 3500 ltz 4x4,like new,8 cylinders,diesel,1111111,clean,automatic,,4wd,full-size,truck,black,al
7312872103,birmingham,0,2017,ford,f150 lariat fx4 4x4,like new,8 cylinders,gas,88000,clean,automatic,,4wd,full-size,truck,custom,al
7312861500,birmingham,0,2007,chevrolet,silverado 2500 hd 4x4,like new,8 cylinders,diesel,128000,clean,automatic,,4wd,full-size,truck,silver,al
7312857247,birmingham,0,2012,ram,3500 slt,like new,6 cylinders,diesel,1111111,clean,automatic,,rwd,full-size,truck,white,al
7312851442,birmingham,32990,2019,chevrolet,silverado 1500 ld,good,,other,6897,clean,other,2GCVKNEC8K1187169,,,pickup,black,al
7312851497,birmingham,0,2014,ford,f150 4x4 xlt,like new,8 cylinders,gas,80000,clean,automatic,,4wd,full-size,truck,blue,al
7312844294,birmingham,3299,2003,chevrolet,cavalier,,4 cylinders,gas,176354,clean,automatic,1G1JC12F837128347,fwd,,coupe,,al
7312843757,birmingham,0,2014,ram,1500laramie 4x4,like new,8 cylinders,gas,1111111,clean,automatic,,4wd,full-size,truck,red,al
7312842481,birmingham,6500,2010,honda,accord coupe,like new,4 cylinders,gas,170000,clean,automatic,,fwd,,coupe,,al
7312837698,birmingham,0,2019,gmc,yukon xl,excellent,8 cylinders,gas,42411,clean,automatic,1GKS2GKC5KR284750,4wd,,SUV,red,al
7312815416,birmingham,12500,2002,,2002   Corvette Convertible,good,8 cylinders,gas,87000,clean,automatic,,rwd,,convertible,blue,al
7312807755,birmingham,16888,2008,toyota,fj cruiser 4x4,good,6 cylinders,gas,188096,clean,automatic,,4wd,mid-size,SUV,yellow,al
7312805374,birmingham,31990,2013,toyota,tundra double cab pickup,good,8 cylinders,gas,55068,clean,other,5TFUY5F19DX303623,4wd,,pickup,,al
7312806049,birmingham,25495,2017,mercedes-benz,c-class,,4 cylinders,gas,42056,clean,automatic,55SWF4KB8HU214437,,,sedan,black,al
7312804562,birmingham,500,2021,,SPECIAL FINANCE PROGRAM 2020,fair,other,other,1400,clean,other,,,full-size,bus,green,al
7312791381,birmingham,0,2016,chevrolet,silverado z71 4x4,like new,8 cylinders,gas,128000,clean,automatic,,rwd,full-size,truck,white,al
7312786220,birmingham,0,2012,chevrolet,silverado z71 4x4 lt,like new,8 cylinders,gas,150000,clean,automatic,,4wd,full-size,truck,black,al
7312779535,birmingham,0,2018,toyota,4runner sr5premium 4x4,like new,6 cylinders,gas,44000,clean,automatic,,4wd,mid-size,SUV,white,al
7312775073,birmingham,34990,2017,gmc,sierra 1500 double cab sle,good,8 cylinders,gas,31728,clean,other,1GTV2MECXHZ377968,4wd,,pickup,white,al
7312776311,birmingham,0,2018,chevrolet,silverado 3500 ltz 4x4,like new,8 cylinders,diesel,140000,clean,automatic,,4wd,full-size,truck,black,al
7312760013,birmingham,36998,2019,nissan,murano,,,gas,15549,clean,automatic,5N1AZ2MJ2KN157877,fwd,,,black,al
7312759996,birmingham,37998,2020,nissan,maxima,,,gas,23783,clean,automatic,1N4AA6FV0LC373152,fwd,,,blue,al
7312759987,birmingham,25000,2019,nissan,rogue sport,,,gas,11285,clean,automatic,JN1BJ1CP2KW526184,fwd,,,silver,al
7312756957,birmingham,0,2018,ram,3500,,,diesel,118845,clean,manual,3C7WRTCL6JG355911,4wd,,,white,al
7312748821,birmingham,38590,2011,chevrolet,corvette grand sport,good,8 cylinders,gas,30237,clean,other,1G1YR3DW3B5102190,rwd,,other,red,al
7312697721,birmingham,26990,2017,,Genesis G80,,6 cylinders,gas,74668,clean,automatic,KMHGN4JEXHU171758,rwd,,sedan,silver,al
7312625760,birmingham,8700,1979,lincoln,town car,excellent,8 cylinders,gas,22964,clean,automatic,,rwd,full-size,sedan,grey,al
7312615524,birmingham,3299,2002,ford,escape,,6 cylinders,gas,249302,clean,automatic,1FMCU03192KB03362,fwd,,,white,al
7312600310,birmingham,3500,1996,chevrolet,tahoe,,8 cylinders,gas,237000,clean,automatic,,4wd,,,green,al
7312578462,birmingham,8500,2011,toyota,camry,excellent,4 cylinders,gas,114500,clean,automatic,,fwd,full-size,sedan,blue,al
7312563837,birmingham,3495,2008,chevrolet,malibu,,6 cylinders,gas,157305,clean,automatic,1G1ZK57738F235673,fwd,,sedan,,al
7312550865,birmingham,5980,2010,ford,fusion,,4 cylinders,gas,178753,,manual,3FAHP0HA8AR254400,fwd,,sedan,red,al
7312532755,birmingham,7480,2013,hyundai,sonata,,4 cylinders,gas,117271,,automatic,5NPEB4AC2DH527384,fwd,,sedan,blue,al
7312514213,birmingham,8950,2011,ford,f-150,excellent,6 cylinders,gas,164000,clean,automatic,1FTMF1CM6BKD55331,fwd,full-size,truck,white,al
7312513513,birmingham,5980,2013,jeep,patriot,,4 cylinders,gas,106290,,manual,1C4NJPBA7DD260203,fwd,,SUV,white,al
7312503468,birmingham,4499,2005,toyota,camry,,4 cylinders,gas,170687,clean,automatic,4T1BE32K55U090199,fwd,,sedan,blue,al
7312493365,birmingham,5980,2006,chrysler,300,,8 cylinders,gas,160566,,automatic,2C3KA63H96H518644,rwd,,sedan,white,al
7312471541,birmingham,5980,2008,chevrolet,impala,,6 cylinders,,165596,,automatic,2G1WT58K989262310,fwd,,sedan,black,al
7312448828,birmingham,6980,2008,mercedes-benz,c-class,,6 cylinders,gas,148095,,automatic,WDDGF54X38F132654,rwd,,sedan,black,al
7312437455,birmingham,22990,2012,toyota,tacoma access cab pickup,good,,gas,37725,clean,other,5TFTX4CN6CX015282,,,pickup,white,al
7312431442,birmingham,3450,2007,toyota,prius,,4 cylinders,,263198,clean,automatic,JTDKB20U773225963,fwd,,,grey,al
7312425764,birmingham,5980,2005,nissan,xterra,,6 cylinders,gas,198576,,manual,5N1AN08W65C610629,,,SUV,silver,al
7312402472,birmingham,7980,2008,nissan,titan,,8 cylinders,,200850,,automatic,1N6BA06A18N315813,rwd,,pickup,white,al
7312387610,birmingham,2300,2008,chevrolet,hhr lt,good,4 cylinders,gas,165000,clean,automatic,,,,,black,al
7312380245,birmingham,5480,2005,dodge,durango,,8 cylinders,gas,178667,,automatic,1D4HD48N95F540954,rwd,,SUV,,al
7312370075,birmingham,36990,2017,ford,f150 supercrew cab xlt,good,6 cylinders,other,15443,clean,automatic,1FTEW1EG9HFC85502,4wd,,pickup,red,al
7312370023,birmingham,26990,2014,chevrolet,silverado 1500 crew,good,6 cylinders,gas,63129,clean,automatic,3GCPCREH5EG437908,,,pickup,black,al
7312369984,birmingham,29990,2017,jeep,wrangler sport suv 2d,good,6 cylinders,gas,28680,clean,other,1C4AJWAG4HL704941,4wd,,other,black,al
7312369856,birmingham,24990,2017,audi,a4 ultra premium sedan 4d,good,,other,21314,clean,other,WAUGMAF48HN035545,fwd,,sedan,blue,al
7312360257,birmingham,32500,2014,chevrolet,ss sedan,good,8 cylinders,gas,80000,clean,automatic,,rwd,full-size,sedan,black,al
7312358654,birmingham,3999,2009,volvo,s60,,5 cylinders,gas,182005,clean,automatic,YV1RS592192724102,fwd,,,silver,al
7312358579,birmingham,4380,2007,hyundai,entourage,,6 cylinders,gas,185852,,automatic,KNDMC233176024731,fwd,,van,blue,al
7312322826,birmingham,33990,2016,chevrolet,silverado 1500,,8 cylinders,,117895,clean,automatic,3GCUKSEC9GG266780,4wd,,pickup,white,al
7312317138,birmingham,6200,1984,gmc,sierra,fair,8 cylinders,gas,51000,clean,manual,,4wd,full-size,truck,white,al
7312311372,birmingham,5999,2013,mazda,sx4 se,like new,4 cylinders,gas,91000,clean,automatic,,fwd,compact,sedan,red,al
7312293002,birmingham,38500,2019,infiniti,q60,,,gas,17182,clean,automatic,JN1EV7EL3KM291434,,,,blue,al
7312292985,birmingham,26500,2019,nissan,altima,,,gas,13544,clean,automatic,1N4AL4FV2KC256492,fwd,,,,al
7312292959,birmingham,15988,2017,hyundai,veloster,,,gas,24546,clean,automatic,KMHTC6AD9HU323343,fwd,,,silver,al
7312291108,birmingham,17577,2019,hyundai,ioniq hybrid,,,gas,26723,clean,automatic,KMHC75LC5KU137700,fwd,,,black,al
7312276807,birmingham,38990,2017,jeep,wrangler unlimited rubicon,good,6 cylinders,gas,20676,clean,other,1C4BJWFG3HL547853,4wd,,other,red,al
7312246404,birmingham,29890,,,ai Santa Fe,,6 cylinders,gas,30934,clean,automatic,KM8SR4HF6JU283377,fwd,,SUV,white,al
7312203221,birmingham,21998,2009,chevrolet,suburban,,8 cylinders,gas,92518,clean,automatic,,4wd,full-size,SUV,white,al
7312181319,birmingham,4400,2006,buick,lacrosse,,6 cylinders,gas,124201,clean,automatic,2G4WC582961280594,fwd,,sedan,white,al
7312174601,birmingham,13500,2013,infiniti,jx35,excellent,6 cylinders,gas,108829,clean,automatic,,fwd,,SUV,black,al
7312156353,birmingham,4500,2011,ford,fusion,,4 cylinders,gas,167870,clean,automatic,3FAHP0HA3BR106978,fwd,,sedan,blue,al
7312146497,birmingham,4500,2005,toyota,camry xle,like new,4 cylinders,gas,170000,clean,automatic,,fwd,full-size,sedan,white,al
7312124399,birmingham,4100,2010,hyundai,elantra touring,,4 cylinders,gas,130206,rebuilt,manual,KMHDC8AE1AU064894,fwd,,wagon,grey,al
7312106780,birmingham,5940,2009,mini,cooper hardtop 2 door,,4 cylinders,gas,149835,,manual,WMWMF33529TW72711,fwd,,coupe,red,al
7312087895,birmingham,2300,1997,buick,lesabre,,6 cylinders,gas,201566,clean,automatic,1G4HR52KXVH453440,fwd,,sedan,green,al
7312087840,birmingham,5970,2010,nissan,altima,,4 cylinders,gas,122584,,automatic,1N4AL2AP4AC166269,fwd,,sedan,grey,al
7312067777,birmingham,5980,2006,honda,odyssey,,6 cylinders,gas,167440,,automatic,5FNRL38646B065811,fwd,,van,silver,al
7312045928,birmingham,3500,2009,hyundai,accent,,4 cylinders,gas,111387,rebuilt,automatic,KMHCN46C69U298613,fwd,,sedan,white,al
7312045874,birmingham,6980,2006,nissan,pathfinder,,6 cylinders,gas,146779,,automatic,5N1AR18U66C639557,rwd,,SUV,silver,al
7312034925,birmingham,33990,2018,ford,mustang gt coupe 2d,good,8 cylinders,gas,23720,clean,other,1FA6P8CF2J5107386,rwd,,coupe,blue,al
7312022758,birmingham,6380,2013,kia,optima,,4 cylinders,gas,193254,,automatic,5XXGM4A72DG210111,fwd,,sedan,silver,al
7311998455,birmingham,3999,2006,pontiac,grand prix,,6 cylinders,gas,207238,clean,automatic,2G2WP552061255472,fwd,,sedan,white,al
7311998372,birmingham,3980,2013,kia,rio,,4 cylinders,gas,0,,manual,KNADM4A30D6171594,fwd,,sedan,white,al
7311974064,birmingham,4980,2001,ford,crown victoria,,8 cylinders,gas,106554,,automatic,2FAFP74W21X106133,rwd,,sedan,,al
7311964953,birmingham,16937,2011,,FordE450,,,gas,27000,clean,automatic,,,,,,al
7311954636,birmingham,26590,2020,honda,civic si coupe 2d,good,,gas,9954,clean,other,2HGFC3A51LH751302,fwd,,coupe,silver,al
7311948211,birmingham,4250,2007,chrysler,pt cruiser,,4 cylinders,gas,94093,clean,automatic,3A8FY68B77T582695,fwd,,sedan,red,al
7311948105,birmingham,10980,2012,ford,f-150,,6 cylinders,,178802,,automatic,1FTEX1EM6CKD17180,4wd,,pickup,silver,al
7311941668,birmingham,6400,2006,lexus,es 330,like new,6 cylinders,gas,130000,clean,automatic,,fwd,,sedan,,al
7311929595,birmingham,8897,2014,kia,sorento,,4 cylinders,gas,189392,clean,other,5XYKT3A67EG508097,fwd,,SUV,silver,al
7311929440,birmingham,18897,2016,kia,optima,,4 cylinders,gas,73330,clean,other,5XXGU4L36GG114514,fwd,,sedan,silver,al
7311921771,birmingham,7980,2013,bmw,x3,,4 cylinders,gas,156295,,manual,5UXWX9C54D0A21202,rwd,,SUV,white,al
7311910342,birmingham,10500,2011,chevrolet,suburban z71,,,gas,225000,clean,automatic,,4wd,,,,al
7311896607,birmingham,3500,2006,ford,freestyle,,6 cylinders,gas,214775,clean,automatic,1FMZK02146GA31559,fwd,,SUV,blue,al
7311896509,birmingham,4980,2005,cadillac,sts,,8 cylinders,gas,129448,,automatic,1G6DC67A350157025,rwd,,sedan,white,al
7311865995,birmingham,29590,2017,ford,expedition xlt sport,good,6 cylinders,gas,70760,clean,other,1FMJU1JT1HEA52352,4wd,,SUV,blue,al
7311865935,birmingham,31990,2017,ram,1500 crew cab big horn,good,8 cylinders,gas,35921,clean,other,3C6RR6LT6HG542059,,,pickup,white,al
7311865885,birmingham,33990,2017,ford,mustang gt coupe 2d,good,8 cylinders,gas,9788,clean,other,1FA6P8CF7H5319470,rwd,,coupe,black,al
7311854375,birmingham,26495,,,des-Benz CLA,,4 cylinders,gas,42455,clean,automatic,WDDSJ4GB1JN582155,,,sedan,white,al
7311853912,birmingham,34997,2016,ford,super duty f-250 srw,excellent,8 cylinders,gas,122000,clean,automatic,1FT7W2B62GED23604,4wd,,pickup,,al
7311853752,birmingham,52997,2017,rover,sport,excellent,6 cylinders,gas,58947,clean,automatic,SALWV2FV9HA178577,4wd,,SUV,,al
7311853633,birmingham,32997,2008,,HUMMER H2,excellent,8 cylinders,gas,143504,clean,automatic,5GRGN23868H106669,4wd,,SUV,black,al
7311853485,birmingham,16997,2003,,HUMMER H2,excellent,8 cylinders,gas,161865,clean,automatic,5GRGN23U13H109565,4wd,,SUV,,al
7311842608,birmingham,1350,1999,,plymouth voyager,fair,6 cylinders,gas,200000,clean,automatic,,,,,,al
7311831354,birmingham,31888,2015,gmc,1500 yukon slt,good,8 cylinders,gas,109947,clean,automatic,,rwd,full-size,SUV,white,al
7311831162,birmingham,19888,2015,mercedes-benz,benz ml 450,excellent,6 cylinders,gas,111261,clean,automatic,,4wd,full-size,SUV,silver,al
7311830732,birmingham,24888,2019,ford,f150 regular cab xl,excellent,6 cylinders,gas,8176,clean,automatic,,rwd,full-size,pickup,white,al
7311830338,birmingham,9988,2014,kia,sorento lx,good,4 cylinders,gas,121259,clean,automatic,,fwd,compact,SUV,red,al
7311820426,birmingham,1500,2006,infiniti,m35,,,gas,261000,clean,automatic,,,,,,al
7311820085,birmingham,3500,2003,toyota,camry,good,4 cylinders,gas,237000,clean,automatic,,,,,,al
7311819537,birmingham,12654,2014,chevrolet,traverse,,,gas,106986,clean,automatic,1GNKRFED6EJ110332,fwd,,,,al
7311819507,birmingham,40888,2020,jeep,gladiator,,,gas,19069,clean,automatic,1C6HJTAGXLL119987,4wd,,,black,al
7311819495,birmingham,33988,2019,nissan,frontier,,,gas,11939,clean,automatic,1N6AD0EV7KN878847,4wd,,,red,al
7311818155,birmingham,12999,2014,dodge,charger,good,8 cylinders,gas,137000,clean,automatic,,rwd,full-size,sedan,black,al
7311815807,birmingham,10977,2011,lexus,is,,,gas,121428,clean,automatic,JTHBF5C27B5139791,rwd,,,white,al
7311808677,birmingham,14475,2011,ford,ranger,excellent,6 cylinders,gas,142842,clean,manual,1FTLR4FE4BPB04482,4wd,,pickup,,al
7311807054,birmingham,500,2021,,SPECIAL FINANCE PROGRAM 2020,fair,other,other,1400,clean,other,,,full-size,bus,green,al
7311795393,birmingham,12000,1991,chevrolet,,like new,,gas,40000,clean,automatic,,,,,grey,al
7311789391,birmingham,35590,2018,ram,1500 crew cab big horn,good,6 cylinders,other,22805,clean,other,1C6RR7LG2JS220638,4wd,,pickup,black,al
7311762128,birmingham,29875,,,a Camry,,4 cylinders,gas,46947,clean,automatic,4T1B61HKXKU236990,fwd,,sedan,white,al
7311741403,birmingham,100000,1984,jeep,cj7,,,gas,112000,clean,manual,,,,,,al
7311717018,birmingham,27400,2001,lexus,lx 470,,8 cylinders,gas,169000,clean,automatic,,4wd,,SUV,brown,al
7311701063,birmingham,37900,2020,chevrolet,silverado 1500,like new,8 cylinders,gas,5622,clean,automatic,3GCPWAEF0LG200571,rwd,full-size,truck,white,al
7311701072,birmingham,31900,2019,ford,transit,like new,6 cylinders,gas,29497,clean,automatic,1FTYR1ZM0KKA42423,rwd,mid-size,van,white,al
7311701076,birmingham,11500,2013,chevrolet,express,excellent,8 cylinders,gas,228699,clean,automatic,1GCWGFBA2D1127377,rwd,full-size,van,white,al
7311701079,birmingham,32900,2019,ford,transit,like new,6 cylinders,gas,6735,clean,automatic,1FTYR1YM7KKA86825,rwd,full-size,van,white,al
7311701059,birmingham,31500,2019,gmc,savana,like new,8 cylinders,gas,24585,clean,automatic,1GTW7AFG9K1222985,rwd,full-size,van,white,al
7311701051,birmingham,29900,2019,ford,f-150,like new,8 cylinders,gas,23004,clean,automatic,1FTMF1C59KKD08613,rwd,full-size,truck,white,al
7311701056,birmingham,9500,2014,ford,transit connect,excellent,4 cylinders,gas,219581,clean,automatic,NM0LS7F7XE1147431,fwd,full-size,van,white,al
7311700844,birmingham,17200,2014,ford,transit connect,excellent,4 cylinders,gas,45026,clean,automatic,NM0LS7E71E1167911,fwd,full-size,van,white,al
7311700838,birmingham,23900,2017,ford,transit 150,excellent,6 cylinders,gas,108482,clean,automatic,1FTYE1YM0HKB37781,rwd,full-size,van,white,al
7311700841,birmingham,22300,2017,ford,transit 150,excellent,6 cylinders,gas,113617,clean,automatic,1FTYE1YM5HKA63032,rwd,full-size,van,white,al
7311688589,birmingham,3999,2001,ford,f-150,,6 cylinders,gas,228680,clean,automatic,1FTZX17291NB87100,rwd,,,,al
7311685592,birmingham,3730,1987,,1987 Saab 900 Turbo,fair,4 cylinders,gas,125000,clean,manual,,fwd,mid-size,coupe,silver,al
7311682760,birmingham,37500,2020,infiniti,qx 50 luxe,like new,4 cylinders,gas,4230,clean,manual,,fwd,full-size,SUV,white,al
7311669902,birmingham,29800,2016,ram,1500,excellent,8 cylinders,gas,43000,clean,automatic,,4wd,,,silver,al
7311660317,birmingham,3850,2003,dodge,durango,,8 cylinders,gas,215604,clean,automatic,1D4HR38N13F620886,rwd,,SUV,blue,al
7311626892,birmingham,4300,2012,kia,soul,,4 cylinders,gas,174053,clean,automatic,KNDJT2A56C7421511,fwd,,wagon,silver,al
7311599994,birmingham,1100,2000,chevrolet,impala,,6 cylinders,gas,187000,clean,automatic,,fwd,,,white,al
7311592689,birmingham,5000,2006,jeep,liberty,,,diesel,194000,clean,automatic,,,,SUV,,al
7311587502,birmingham,2800,2006,ford,taurus,,6 cylinders,gas,230108,clean,automatic,1FAFP53U56A238775,fwd,,sedan,white,al
7311576995,birmingham,5980,2005,nissan,xterra,,,gas,198000,clean,automatic,,,,,,al
7311576590,birmingham,6980,2010,nissan,pathfinder,,,gas,186000,clean,automatic,,,,,,al
7311576006,birmingham,7980,2008,nissan,titan,,,gas,200000,clean,automatic,,,,,,al
7311575559,birmingham,6980,2008,mercedes-benz,benz c300,,,gas,148000,clean,automatic,,,,,,al
7311575288,birmingham,6480,2011,kia,sorento,,,gas,182000,clean,automatic,,,,,,al
7311574610,birmingham,8990,2011,jeep,grand cherokee laredo,,,gas,173000,clean,automatic,,,,,,al
7311574157,birmingham,7480,2013,hyundai,sonata gls,,,gas,117000,clean,automatic,,,,,,al
7311571406,birmingham,0,2015,gmc,yukon denali 4x4,like new,8 cylinders,gas,79000,clean,automatic,,4wd,full-size,SUV,black,al
7311568626,birmingham,13750,2013,ford,e350,good,,gas,136850,clean,automatic,,,,,,al
7311557055,birmingham,0,2016,ram,3500 laramie 4x4,like new,6 cylinders,diesel,128377,clean,automatic,,4wd,full-size,truck,black,al
7311541915,birmingham,4450,2004,cadillac,srx,,6 cylinders,gas,144850,clean,automatic,1GYDE637940132303,rwd,,SUV,white,al
7311538928,birmingham,14500,2015,honda,crosstour ex-l,excellent,,gas,60201,rebuilt,automatic,,,,hatchback,silver,al
7311533486,birmingham,0,2007,chevrolet,silverado 2500 lt 4x4,like new,8 cylinders,diesel,120000,clean,automatic,,4wd,full-size,truck,silver,al
7311531087,birmingham,0,2016,ram,3500 laramie 4x4,like new,6 cylinders,diesel,160000,clean,automatic,,4wd,full-size,truck,custom,al
7311516191,birmingham,27995,2012,ford,f250 super duty,,,gas,26896,clean,automatic,1FDBF2A65CEC50925,,,,white,al
7311505593,birmingham,1800,2007,nissan,pathfinder,fair,6 cylinders,gas,147000,clean,automatic,,fwd,mid-size,SUV,grey,al
7311493882,birmingham,3999,2006,honda,accord sedan,,4 cylinders,gas,253076,clean,automatic,3HGCM56406G701183,fwd,,sedan,silver,al
7311491693,birmingham,199,2017,dodge,charger,,,gas,21737,clean,automatic,,,,,,al
7311475127,birmingham,22590,2013,ford,f150 super cab xl pickup 4d,good,6 cylinders,other,14169,clean,other,1FTEX1CMXDFB16329,,,pickup,silver,al
7311452208,birmingham,14950,2007,jeep,wrangler,excellent,,gas,,clean,automatic,,,,,silver,al
7311448939,birmingham,24990,2012,chevrolet,silverado 1500 regular,good,8 cylinders,gas,26460,clean,other,1GCNCSE01CZ116728,,,pickup,red,al
7311448429,birmingham,24995,2012,ford,f-250 super duty,,,gas,40023,clean,automatic,1FDBF2A62CEC73000,,,,green,al
7311443412,birmingham,0,2014,,Freightliner Cascadia,,,diesel,100,clean,automatic,,,,,,al
7311441919,birmingham,2999,2007,ford,taurus,,6 cylinders,gas,162029,clean,automatic,1FAFP56U47A197052,fwd,,sedan,blue,al
7311423002,birmingham,15897,2018,chevrolet,malibu,,4 cylinders,gas,50153,clean,other,1G1ZB5ST6JF260156,fwd,,sedan,silver,al
7311422771,birmingham,16700,2013,ford,f-150,,8 cylinders,gas,180917,clean,other,1FTFW1EF6DKD13303,4wd,,truck,,al
7311421846,birmingham,6900,2010,mazda,3i,good,4 cylinders,gas,165255,rebuilt,automatic,JM1BL1SFXA1196709,fwd,mid-size,sedan,grey,al
7311417807,birmingham,8500,2008,jeep,commander sport,good,8 cylinders,gas,198000,clean,automatic,JM1BL1SFXA1196709,rwd,full-size,SUV,black,al
7311411301,birmingham,16900,2015,ram,1500 slt,good,6 cylinders,gas,97563,clean,automatic,1C6RR6GG6FS645954,rwd,full-size,pickup,silver,al
7311395664,birmingham,21590,2016,ram,1500 regular cab tradesman,good,6 cylinders,gas,35391,clean,other,3C6JR6AG7GG225053,,,pickup,black,al
7311390113,birmingham,24990,2007,ford,super duty f-450 drw,good,10 cylinders,gas,46463,clean,automatic,1FDXF46Y47EB23553,rwd,full-size,truck,white,al
7311389760,birmingham,33990,2016,chevrolet,express commercial cutaway,good,8 cylinders,gas,12398,clean,automatic,1GB3GSCG1G1125174,rwd,full-size,truck,white,al
7311389428,birmingham,4500,2005,acura,mdx,,6 cylinders,gas,279000,clean,automatic,2HNYD18905H558010,,,SUV,blue,al
7311389371,birmingham,20990,2006,chevrolet,express cargo van,good,8 cylinders,diesel,134296,clean,automatic,1GCHG35U961223233,rwd,full-size,truck,white,al
7311388955,birmingham,25990,2016,,Isuzu NPR HD GAS REG,good,8 cylinders,gas,172373,clean,automatic,54DC4W1C3GS808110,rwd,full-size,truck,white,al
7311388578,birmingham,27990,2008,ford,econoline cargo van,good,8 cylinders,gas,83459,clean,automatic,1FTSE34L58DB30943,rwd,full-size,truck,white,al
7311388215,birmingham,43990,2016,chevrolet,4500 lcf gas,good,8 cylinders,gas,45542,clean,automatic,54DCDW1B9GS811777,rwd,,,white,al
7311387863,birmingham,33990,2014,ford,super duty f-550 drw,good,8 cylinders,diesel,136250,clean,automatic,1FDUF5HT3EEB73528,4wd,full-size,truck,white,al
7311387508,birmingham,22990,2010,ford,econoline commercial cutaway,good,10 cylinders,gas,121911,clean,automatic,1FDXE4FSXADA69011,rwd,full-size,truck,white,al
7311387137,birmingham,24990,2017,gmc,savana commercial cutaway,good,8 cylinders,gas,136965,clean,automatic,1GD07RFF7H1143170,rwd,full-size,truck,white,al
7311386812,birmingham,24990,2009,chevrolet,3500 lcf gas,good,8 cylinders,gas,72789,clean,automatic,4KBB4W1N39J802032,rwd,full-size,truck,white,al
7311386461,birmingham,33990,2007,,Hino 268,good,6 cylinders,diesel,161693,clean,automatic,5PVNE8JV972S50609,rwd,full-size,truck,red,al
7311386071,birmingham,25990,2006,chevrolet,express cargo van,good,8 cylinders,gas,73360,clean,automatic,1GCHG39U761205453,rwd,full-size,truck,white,al
7311385712,birmingham,16990,2004,ford,super duty f-250,good,8 cylinders,gas,213563,clean,automatic,1FTNW21L44EA70621,4wd,,,black,al
7311385335,birmingham,29990,2011,ford,super duty f-450 drw,good,8 cylinders,diesel,137481,clean,automatic,1FD0X4HT9BEC31739,4wd,full-size,truck,white,al
7311384972,birmingham,29990,2012,,International TerraStar,good,8 cylinders,diesel,39013,clean,automatic,1HTJSSKK5CJ062097,rwd,full-size,truck,white,al
7311384865,birmingham,42990,2008,chevrolet,cc4500,good,8 cylinders,diesel,67159,clean,automatic,1GBE4E1998F408675,rwd,mid-size,,red,al
7311384822,birmingham,33990,2007,chevrolet,cc4500,good,8 cylinders,gas,77581,clean,automatic,1GBE4C1G37F426428,rwd,full-size,truck,white,al
7311384826,birmingham,21990,2005,ford,econoline commercial cutaway,good,8 cylinders,gas,45554,clean,automatic,1FDWE35L75HA87173,rwd,full-size,truck,white,al
7311384837,birmingham,29990,2015,ford,super duty f-250 srw,good,8 cylinders,diesel,169564,clean,automatic,1FT7W2BT0FEC56912,4wd,,,white,al
7311384869,birmingham,49990,2015,ford,super duty f-550 drw,good,8 cylinders,diesel,152701,clean,automatic,1FD0X5HT6FEC65813,4wd,full-size,truck,white,al
7311384791,birmingham,26990,1998,mitsubishi,fuso fh211,good,4 cylinders,diesel,166302,clean,manual,JW6CCH1G0WL002823,rwd,full-size,truck,white,al
7311384757,birmingham,29990,2008,chevrolet,express commercial cutaway,good,6 cylinders,diesel,65073,clean,automatic,1GBJG316781199191,rwd,,,white,al
7311384750,birmingham,34990,2015,ford,transit cutaway,good,6 cylinders,gas,100058,clean,automatic,1FDNR5PM2FKA12967,rwd,,,white,al
7311384779,birmingham,63990,2017,,Freightliner M2 106 Medium Duty,good,6 cylinders,diesel,28400,clean,automatic,3ALACWDTXHDJG7052,rwd,full-size,truck,white,al
7311384526,birmingham,26990,2016,chevrolet,express commercial cutaway,good,8 cylinders,gas,75734,clean,automatic,1GB3GSCG5G1118910,rwd,full-size,truck,white,al
7311384137,birmingham,27490,2006,mitsubishi,fuso fe145,good,4 cylinders,diesel,96626,clean,automatic,JL6BBE1S86K001871,rwd,full-size,truck,green,al
7311383740,birmingham,22990,2004,gmc,tc5500,good,,diesel,119091,clean,automatic,1GDE5C1244F515767,rwd,,,white,al
7311383554,birmingham,28490,2008,mitsubishi,fuso fe145,good,4 cylinders,diesel,70643,clean,automatic,JL6BBE1S88K002084,rwd,full-size,truck,green,al
7311383535,birmingham,33990,2012,ford,super duty f-250 srw,good,8 cylinders,diesel,49678,clean,automatic,1FTBF2BT2CEA75283,4wd,full-size,truck,white,al
7311383474,birmingham,20990,2008,ford,super duty f-350 srw,good,8 cylinders,gas,97626,clean,automatic,1FDWX31598ED44440,4wd,,,white,al
7311383464,birmingham,25990,2011,ford,econoline commercial cutaway,good,8 cylinders,gas,105371,clean,automatic,1FDSE3FL6BDB36251,rwd,,,blue,al
7311383441,birmingham,39990,2016,,Blue Bird All American,good,6 cylinders,diesel,65368,clean,automatic,1BAKDCPA3GF313137,rwd,,bus,white,al
7311383445,birmingham,46990,2016,ram,4500,good,6 cylinders,diesel,17619,clean,automatic,3C7WRKCLXGG253742,rwd,full-size,truck,white,al
7311383424,birmingham,37990,2012,ford,super duty f-550 drw,good,8 cylinders,diesel,108061,clean,automatic,1FD0W5GT5CEC01732,rwd,,,black,al
7311383423,birmingham,44990,2012,ford,super duty f-550 drw,good,8 cylinders,diesel,52307,clean,automatic,1FDUF5HT3CEA93689,4wd,full-size,truck,white,al
7311383466,birmingham,35990,2016,ford,super duty f-550 drw,good,8 cylinders,diesel,161669,clean,automatic,1FD0W5HT7GEC45588,4wd,,,white,al
7311383408,birmingham,44990,2015,ram,5500,good,6 cylinders,diesel,80733,clean,automatic,3C7WRNFL3FG705901,4wd,full-size,truck,white,al
7311383405,birmingham,21990,2008,ford,super duty f-350 srw,good,8 cylinders,gas,72658,clean,automatic,1FDWX31578ED44436,4wd,,,white,al
7311383400,birmingham,34990,2018,,Isuzu NPR HD GAS CREW,good,8 cylinders,gas,23,clean,automatic,54DC4J185JS808272,rwd,,,white,al
7311383356,birmingham,30990,2014,ford,econoline commercial cutaway,good,10 cylinders,gas,98123,clean,automatic,1FDXE4FS6EDA78102,rwd,,,white,al
7311383337,birmingham,26990,2015,,Isuzu NPR,good,4 cylinders,diesel,102863,clean,automatic,JALB4W175F7400016,rwd,full-size,truck,white,al
7311383342,birmingham,16990,2008,ford,super duty f-350 srw,good,8 cylinders,gas,147476,clean,automatic,1FDWW31568ED44446,4wd,,,white,al
7311383322,birmingham,20990,2010,ram,2500,good,8 cylinders,gas,121850,clean,automatic,3D7LT2ET8AG132512,4wd,full-size,truck,black,al
7311383338,birmingham,26990,2008,chevrolet,cc4500,good,8 cylinders,gas,100921,clean,automatic,1GBE4C3G38F402998,4wd,full-size,truck,white,al
7311383297,birmingham,52990,2014,ford,super duty f-550 drw,good,8 cylinders,diesel,15886,clean,automatic,1FDUF5HT8EEB30478,4wd,full-size,truck,white,al
7311383276,birmingham,62990,2016,ford,super duty f-550 drw,good,8 cylinders,diesel,40193,clean,automatic,1FDUF5HTXGEB57135,4wd,,,red,al
7311383252,birmingham,35990,2014,ford,super duty f-450 drw,good,10 cylinders,gas,42213,clean,automatic,1FDUF4HY0EEB43392,4wd,full-size,truck,white,al
7311383209,birmingham,27990,2011,ford,f-750,good,6 cylinders,diesel,123622,clean,automatic,3FRXF7FL5BV557295,rwd,full-size,truck,white,al
7311382278,birmingham,49990,2015,,Hino 268,good,6 cylinders,diesel,203867,clean,automatic,5PVNE8JP7F4S51018,rwd,,,white,al
7311382048,birmingham,29990,2012,toyota,tacoma double cab pickup,good,6 cylinders,gas,43182,clean,other,3TMLU4EN4CM085701,4wd,,pickup,white,al
7311381866,birmingham,33990,2007,,Hino 268,good,6 cylinders,diesel,161693,clean,automatic,5PVNE8JV972S50609,rwd,full-size,truck,red,al
7311381850,birmingham,27490,2006,mitsubishi,fuso fe145,good,4 cylinders,diesel,96626,clean,automatic,JL6BBE1S86K001871,rwd,full-size,truck,green,al
7311381844,birmingham,26990,2015,,Isuzu NPR,good,4 cylinders,diesel,102863,clean,automatic,JALB4W175F7400016,rwd,full-size,truck,white,al
7311381827,birmingham,16990,2004,ford,super duty f-250,good,8 cylinders,gas,213563,clean,automatic,1FTNW21L44EA70621,4wd,,,black,al
7311381824,birmingham,49990,2015,,Hino 268,good,6 cylinders,diesel,203867,clean,automatic,5PVNE8JP7F4S51018,rwd,,,white,al
7311381767,birmingham,33990,2014,ford,super duty f-550 drw,good,8 cylinders,diesel,136250,clean,automatic,1FDUF5HT3EEB73528,4wd,full-size,truck,white,al
7311381723,birmingham,24990,2009,chevrolet,3500 lcf gas,good,8 cylinders,gas,72789,clean,automatic,4KBB4W1N39J802032,rwd,full-size,truck,white,al
7311381694,birmingham,25990,2006,chevrolet,express cargo van,good,8 cylinders,gas,73360,clean,automatic,1GCHG39U761205453,rwd,full-size,truck,white,al
7311381686,birmingham,24990,2017,gmc,savana commercial cutaway,good,8 cylinders,gas,136965,clean,automatic,1GD07RFF7H1143170,rwd,full-size,truck,white,al
7311381687,birmingham,29990,2011,ford,super duty f-450 drw,good,8 cylinders,diesel,137481,clean,automatic,1FD0X4HT9BEC31739,4wd,full-size,truck,white,al
7311381690,birmingham,24990,2007,ford,super duty f-450 drw,good,10 cylinders,gas,46463,clean,automatic,1FDXF46Y47EB23553,rwd,full-size,truck,white,al
7311381692,birmingham,22990,2010,ford,econoline commercial cutaway,good,10 cylinders,gas,121911,clean,automatic,1FDXE4FSXADA69011,rwd,full-size,truck,white,al
7311381659,birmingham,20990,2006,chevrolet,express cargo van,good,8 cylinders,diesel,134296,clean,automatic,1GCHG35U961223233,rwd,full-size,truck,white,al
7311381664,birmingham,33990,2016,chevrolet,express commercial cutaway,good,8 cylinders,gas,12398,clean,automatic,1GB3GSCG1G1125174,rwd,full-size,truck,white,al
7311381633,birmingham,29990,2012,,International TerraStar,good,8 cylinders,diesel,39013,clean,automatic,1HTJSSKK5CJ062097,rwd,full-size,truck,white,al
7311381484,birmingham,25990,2016,,Isuzu NPR HD GAS REG,good,8 cylinders,gas,172373,clean,automatic,54DC4W1C3GS808110,rwd,full-size,truck,white,al
7311381460,birmingham,22990,2004,gmc,tc5500,good,,diesel,119091,clean,automatic,1GDE5C1244F515767,rwd,,,white,al
7311381454,birmingham,26990,2016,chevrolet,express commercial cutaway,good,8 cylinders,gas,75734,clean,automatic,1GB3GSCG5G1118910,rwd,full-size,truck,white,al
7311381423,birmingham,43990,2016,chevrolet,4500 lcf gas,good,8 cylinders,gas,45542,clean,automatic,54DCDW1B9GS811777,rwd,,,white,al
7311381424,birmingham,27990,2008,ford,econoline cargo van,good,8 cylinders,gas,83459,clean,automatic,1FTSE34L58DB30943,rwd,full-size,truck,white,al
7311380857,birmingham,29990,2008,,Workhorse W42,good,8 cylinders,gas,60386,clean,automatic,5B4HPD28X83430899,rwd,full-size,truck,white,al
7311380317,birmingham,14990,2012,ford,econoline,good,8 cylinders,gas,67820,clean,automatic,1FDXE4FL1CDA39522,rwd,full-size,truck,white,al
7311380284,birmingham,32990,2011,chevrolet,silverado 3500hd,good,8 cylinders,gas,22076,clean,automatic,1GB3CZCGXBF220025,rwd,,,black,al
7311380183,birmingham,59990,2017,ford,super duty f-550 drw,good,8 cylinders,diesel,31337,clean,automatic,1FD0X5HTXHEB33429,4wd,full-size,truck,white,al
7311380128,birmingham,31990,2006,ford,super duty f-550 drw,good,8 cylinders,diesel,59429,clean,automatic,1FDAW57P46ED02529,4wd,full-size,truck,red,al
7311371151,birmingham,20888,2015,mercedes-benz,benz ml 450,excellent,6 cylinders,gas,111261,clean,automatic,,4wd,full-size,SUV,silver,al
7311367867,birmingham,31888,2015,gmc,1500 yukon slt,good,8 cylinders,gas,109947,clean,automatic,,rwd,full-size,SUV,white,al
7311365259,birmingham,10888,2014,kia,sorento lx,good,4 cylinders,gas,121259,clean,automatic,,fwd,compact,SUV,red,al
7311360610,birmingham,26900,2019,ford,f150 regular cab xl,excellent,6 cylinders,gas,8176,clean,automatic,,rwd,full-size,pickup,white,al
7311351910,birmingham,49895,,,he Macan,,4 cylinders,gas,26985,clean,automatic,WP1AA2A56JLB10699,,,SUV,white,al
7311350665,birmingham,6950,1994,jeep,wrangler,excellent,4 cylinders,gas,160000,clean,manual,,4wd,full-size,,green,al
7311346662,birmingham,40888,2020,jeep,gladiator,like new,6 cylinders,gas,27955,clean,automatic,,4wd,mid-size,SUV,black,al
7311345301,birmingham,14995,2007,jeep,wrangler unlimited sahara,good,6 cylinders,gas,163169,clean,automatic,,4wd,mid-size,SUV,black,al
7311339049,birmingham,32990,2011,bmw,z4 sdrive35is roadster 2d,good,,other,45858,clean,other,WBALM1C55BE393513,rwd,,other,red,al
7311332954,birmingham,500,2021,,SPECIAL FINANCE PROGRAM 2020,fair,other,other,1400,clean,other,,,full-size,bus,green,al
7311319559,birmingham,19997,2009,dodge,challenger,excellent,8 cylinders,gas,83491,clean,automatic,2B3LJ74WX9H538989,rwd,,coupe,,al
7311319413,birmingham,16589,2018,ford,fusion,excellent,4 cylinders,gas,84867,clean,automatic,3FA6P0K91JR283792,fwd,,sedan,,al
7311319201,birmingham,21500,2013,jeep,wrangler,excellent,6 cylinders,gas,78270,clean,manual,1C4AJWAG3DL547834,4wd,mid-size,convertible,,al
7311319080,birmingham,23997,2017,infiniti,qx70,excellent,6 cylinders,gas,84416,clean,automatic,JN8CS1MU4HM140460,rwd,,SUV,,al
7311318941,birmingham,22510,2015,mercedes-benz,m-class,excellent,6 cylinders,gas,74909,clean,automatic,4JGDA5HB4FA498476,4wd,,SUV,,al
7311318807,birmingham,47997,2018,lexus,gx,excellent,8 cylinders,gas,50144,clean,automatic,JTJJM7FX8J5193232,4wd,,SUV,,al
7311306355,birmingham,14988,2007,jeep,wrangler,,,gas,163169,clean,automatic,1J4GA59137L196006,4wd,,,black,al
7311306359,birmingham,30292,2017,toyota,tacoma,,,gas,48697,clean,automatic,5TFAZ5CN5HX043072,rwd,,,,al
7311306345,birmingham,18444,2015,lincoln,mkc,,,gas,68953,clean,automatic,5LMTJ2AH3FUJ33050,,,,black,al
7311306329,birmingham,26991,2019,nissan,frontier,,,gas,12357,clean,automatic,1N6DD0ER0KN766844,rwd,,,white,al
7311302496,birmingham,1977,2003,mitsubishi,lancer,,,gas,238757,clean,manual,JA3AJ26E03U008630,fwd,,,,al
7311269291,birmingham,31990,2018,ram,1500 quad cab harvest pickup,good,6 cylinders,gas,27426,clean,other,1C6RR7GG8JS247420,4wd,,pickup,white,al
7311244435,birmingham,8990,2008,ford,edge,,6 cylinders,gas,152772,clean,automatic,2FMDK49C78BA98563,4wd,,sedan,white,al
7311235901,birmingham,10000,2015,chrysler,200,like new,4 cylinders,gas,73381,clean,automatic,,fwd,,sedan,white,al
7311184072,birmingham,4000,2014,chevrolet,sonic lt,like new,4 cylinders,gas,135000,clean,manual,,fwd,compact,sedan,silver,al
7311166779,birmingham,8500,2015,nissan,altima 2.5 s,excellent,4 cylinders,gas,100000,clean,automatic,1N4AL3AP5FN898640,fwd,full-size,sedan,white,al
7311161608,birmingham,10000,1994,ford,f150,good,8 cylinders,gas,76572,clean,automatic,1FTEF15N1RNA56088,rwd,,,white,al
7311157912,birmingham,1900,2005,ford,focus,,4 cylinders,gas,204621,clean,automatic,1FAFP34N35W152250,fwd,,,red,al
7311117755,birmingham,17875,1995,chevrolet,corvette,,,gas,85970,clean,automatic,1G1YY32P7S5114521,,,convertible,green,al
7311111854,birmingham,2595,2003,ford,f-150,excellent,8 cylinders,gas,149055,clean,automatic,,4wd,full-size,pickup,red,al
7311103746,birmingham,0,2006,jeep,liberty,,6 cylinders,gas,0,clean,automatic,1J8GL48K06W123802,4wd,,SUV,red,al
7311081786,birmingham,5980,2006,chevrolet,impala lt,,,gas,165000,clean,automatic,,,,,,al
7311081118,birmingham,6980,2008,toyota,avalon,,,gas,158000,clean,automatic,,,,,,al
7311080665,birmingham,7280,2014,nissan,altima,,,gas,135000,clean,automatic,,,,,,al
7311080360,birmingham,5980,2013,mini,cooper s,,,gas,149000,clean,automatic,,,,,,al
7311080132,birmingham,6980,2013,kia,optima ex,,,gas,193000,clean,automatic,,,,,,al
7311079888,birmingham,5980,2013,jeep,patriot,,,gas,106000,clean,automatic,,,,,,al
7311043058,birmingham,500,2021,,SPECIAL FINANCE PROGRAM 2020,fair,other,other,1400,clean,other,,,full-size,bus,green,al
7311042920,birmingham,40888,2020,jeep,gladiator,like new,6 cylinders,gas,27955,clean,automatic,,4wd,mid-size,SUV,black,al
7311037620,birmingham,0,2010,lexus,es 350,,6 cylinders,gas,149945,clean,automatic,JTHBK1EG2A2378193,fwd,,sedan,silver,al
7311033661,birmingham,14888,2007,jeep,wrangler unlimited sahara,good,6 cylinders,gas,163169,clean,automatic,,4wd,mid-size,SUV,black,al
7310967777,birmingham,22990,2017,infiniti,qx50 sport utility 4d,good,,other,21297,clean,other,JN1BJ0RP2HM382528,,,hatchback,black,al
7310961550,birmingham,4425,2004,honda,accord sedan,,4 cylinders,gas,192275,clean,automatic,1HGCM56694A166593,fwd,,sedan,black,al
7310949187,birmingham,0,2004,ford,f650 6 door custom stretch,,,diesel,82712,clean,automatic,,rwd,,pickup,red,al
7310946321,birmingham,24995,2006,,HUMMER H2 Lifted 4x4,,,gas,130066,clean,automatic,,4wd,,SUV,blue,al
7310943268,birmingham,33950,2011,ford,f-250 super duty lariat cre,,,other,171524,clean,automatic,,4wd,,pickup,,al
7310940303,birmingham,8950,2011,ford,e-series cargo e350 super d,,,other,180502,clean,automatic,,rwd,,van,white,al
7310937354,birmingham,69950,2012,ford,f750 four car hauler rollba,,,diesel,267001,clean,automatic,,,,,white,al
7310934354,birmingham,41995,2017,ford,f-350 superduty dually 4x4,,,other,280463,clean,automatic,,4wd,,pickup,white,al
7310928510,birmingham,59950,2019,ford,f550 super duty rollback/wr,,,gas,88140,clean,automatic,,,,,silver,al
7310925722,birmingham,9995,1986,ford,f-150 regular cab short bed,,,gas,46789,clean,automatic,,rwd,,pickup,red,al
7310924243,birmingham,25590,2017,infiniti,q70 3.7 sedan 4d,good,,other,66632,clean,other,JN1BY1APXHM740651,rwd,,sedan,blue,al
7310922777,birmingham,3995,1989,dodge,dakota regular cab long be,,,gas,101958,clean,automatic,,rwd,,pickup,grey,al
7310912188,birmingham,15897,2016,ford,transit connect wagon,,4 cylinders,gas,71097,clean,other,NM0GS9F74G1243703,fwd,,van,yellow,al
7310912043,birmingham,12897,2016,buick,encore,,4 cylinders,gas,83501,clean,other,KL4CJASBXGB557960,fwd,,SUV,black,al
7310890361,birmingham,6950,1998,ford,f150 xlt,excellent,8 cylinders,gas,206000,clean,automatic,,rwd,full-size,truck,green,al
7310878803,birmingham,3450,2006,toyota,corolla,,4 cylinders,gas,206058,clean,automatic,2T1BR32E36C706726,fwd,,sedan,red,al
7310872664,birmingham,0,2019,chevrolet,silverado 1500,excellent,8 cylinders,gas,15807,clean,automatic,3GCUYEED9KG200375,4wd,,truck,red,al
7310866053,birmingham,32590,2013,lexus,ls 460 sedan 4d,good,8 cylinders,gas,30384,clean,other,JTHBL5EF1D5123341,rwd,,sedan,,al
7310866001,birmingham,23590,2018,mitsubishi,outlander phev gt,good,,other,48933,clean,other,JA4J24A58JZ011951,4wd,,other,white,al
7310842680,birmingham,45990,,,des-Benz E-Class,,6 cylinders,gas,38165,clean,automatic,WDD1J6GBXJF015072,,,coupe,red,al
7310824428,birmingham,33590,2017,cadillac,xt5 platinum sport,good,6 cylinders,gas,28891,clean,other,1GYKNFRS1HZ312573,,,other,black,al
7310810497,birmingham,39888,2019,honda,civic type r,like new,,gas,9528,clean,manual,SHHFK8G79KU202456,,,hatchback,,al
7310810445,birmingham,16902,2020,toyota,corolla,,,gas,11692,clean,automatic,5YFDPRAE6LP106166,fwd,,,black,al
7310797034,birmingham,18877,2017,toyota,camry,,,gas,52822,clean,automatic,4T1BF1FK5HU280679,fwd,,,silver,al
7310774612,birmingham,31590,2017,lexus,rx 350 sport utility 4d,good,6 cylinders,gas,28185,clean,other,2T2ZZMCAXHC078839,fwd,,SUV,silver,al
7310757953,birmingham,5500,2006,cadillac,cts,excellent,4 cylinders,gas,111111,clean,other,,,,,grey,al
7310754731,birmingham,2700,2004,nissan,maxima,good,6 cylinders,gas,200000,clean,automatic,,fwd,full-size,sedan,white,al
7310739471,birmingham,22990,2014,lexus,is 250,,6 cylinders,gas,72526,clean,automatic,JTHCF1D25E5004261,,,sedan,white,al
7310721238,birmingham,1500,2002,honda,accord,,,gas,168000,clean,automatic,,,,,,al
7310691206,birmingham,20000,2010,toyota,4runner limited,excellent,6 cylinders,gas,113750,clean,automatic,,fwd,mid-size,SUV,silver,al
7310683747,birmingham,21500,2015,lexus,rx350,excellent,,gas,73000,clean,automatic,,,,,,al
7310652910,birmingham,2999,2005,ford,taurus,,6 cylinders,gas,226797,clean,automatic,1FAFP56U35A285359,fwd,,sedan,white,al
7310629921,birmingham,2900,1999,lexus,gs400,good,8 cylinders,gas,378000,clean,automatic,,,full-size,sedan,white,al
7310601615,birmingham,0,2014,,Freightliner Cascadia,,,diesel,100,clean,automatic,,,,,,al
7310599557,birmingham,0,2015,chevrolet,silverado 1500,,8 cylinders,gas,174837,clean,automatic,3GCUKREC6FG111658,4wd,,,,al
7310558401,birmingham,4380,2007,hyundai,entourage,,,gas,185000,clean,automatic,,,,,,al
7310556938,birmingham,5980,2006,honda,odyssey exl,,,gas,167000,clean,automatic,,,,,,al
7310556661,birmingham,5980,2010,gmc,terrain slt,,,gas,208000,clean,automatic,,,,,,al
7310554816,birmingham,5980,2009,ford,fusion se,,,gas,178000,clean,automatic,,,,,,al
7310553897,birmingham,5480,2013,chevrolet,captiva,,,gas,182000,clean,automatic,,,,,,al
7310543009,birmingham,5980,2006,chrysler,300c,,,gas,160000,clean,automatic,,,,,,al
7310542824,birmingham,5980,2008,cadillac,srx,,,gas,189000,clean,automatic,,,,,,al
7310542584,birmingham,6480,2008,buick,enclave cxl,,,gas,183000,clean,automatic,,,,,,al
7310542361,birmingham,5980,2005,acura,tl,,,gas,179000,clean,automatic,,,,,,al
7310532358,birmingham,3399,2006,buick,lacrosse,,6 cylinders,gas,160218,clean,automatic,2G4WD582061211256,fwd,,sedan,blue,al
7310511908,birmingham,10750,2006,toyota,tacoma,good,6 cylinders,gas,223160,clean,automatic,,rwd,mid-size,pickup,red,al
7310484790,birmingham,10980,2012,ford,f150,,,gas,178000,clean,automatic,,,,,,al
7310478952,birmingham,6480,2012,nissan,altima,,,gas,145000,clean,automatic,,,,,,al
7310473595,birmingham,7980,2008,bmw,x5,,,gas,157000,clean,automatic,,,,,,al
7310470630,birmingham,4980,2001,ford,crown victoria,,,gas,106000,clean,automatic,,,,,,al
7310468027,birmingham,5980,2009,cadillac,sts v6,,,gas,129000,clean,automatic,,,,,,al
7310466561,birmingham,199,2017,dodge,charger,,,gas,21737,clean,automatic,,,,,,al
7310463147,birmingham,7980,2013,bmw,x3,,,gas,156000,clean,automatic,,,,,,al
7310459061,birmingham,6950,2011,nissan,quest,,,gas,54443,rebuilt,automatic,,,,,,al
7310453788,birmingham,3650,2008,kia,rio,,4 cylinders,gas,115124,clean,automatic,KNADE123786319837,fwd,,sedan,silver,al
7310447967,birmingham,15590,2016,,Scion iM Hatchback 4D,good,,other,64923,clean,other,JTNKARJE6GJ504489,fwd,,hatchback,blue,al
7310434701,birmingham,24990,2014,acura,mdx sh-awd sport utility,good,6 cylinders,gas,52396,clean,automatic,5FRYD4H81EB042046,,,SUV,silver,al
7310413137,birmingham,1700,2002,buick,lesabre,good,,gas,171690,clean,automatic,,,,sedan,,al
7310403124,birmingham,16897,2018,hyundai,elantra,,4 cylinders,gas,71224,clean,other,5NPD84LFXJH396699,fwd,,sedan,black,al
7310402877,birmingham,27897,2013,chevrolet,silverado 1500,,8 cylinders,gas,55033,clean,other,3GCPCTE09DG226555,rwd,,truck,red,al
7310370273,birmingham,2600,2000,buick,lesabre,,6 cylinders,gas,212061,clean,automatic,1G4HR54K6YU316195,fwd,,,blue,al
7310357656,birmingham,23990,2014,acura,mdx sh-awd sport utility,good,6 cylinders,gas,62390,clean,other,5FRYD4H45EB042564,,,SUV,,al
7310358587,birmingham,21790,2016,chevrolet,silverado 1500 lt,good,6 cylinders,gas,100662,clean,automatic,,rwd,full-size,pickup,white,al
7310357627,birmingham,38590,2019,acura,mdx sh-awd w/technology,good,,other,14906,clean,other,5J8YD4H52KL002706,,,other,white,al
7310332701,birmingham,36990,,,des-Benz E-Class,,4 cylinders,gas,30967,clean,other,WDDZF4JB7JA379223,rwd,,sedan,silver,al
7310325951,birmingham,39590,2019,acura,mdx sh-awd w/technology,good,6 cylinders,gas,8919,clean,other,5J8YD4H50KL008682,,,other,,al
7310297272,birmingham,2700,2004,nissan,maxima,good,6 cylinders,gas,200000,clean,automatic,,fwd,full-size,sedan,white,al
7310288297,birmingham,24958,2020,toyota,camry,,,gas,4862,clean,automatic,4T1G11AK6LU987956,fwd,,,white,al
7310288277,birmingham,27958,2020,nissan,altima,,,gas,6333,clean,automatic,1N4AL4FV1LN304196,fwd,,,red,al
7310288279,birmingham,23161,2019,chrysler,300,,,gas,23461,clean,automatic,2C3CCAAG5KH589958,rwd,,,red,al
7310284575,birmingham,15977,2016,jeep,cherokee,,,gas,48322,clean,automatic,1C4PJMCB2GW152594,4wd,,,,al
7310253814,birmingham,32990,2018,acura,mdx sh-awd w/technology,good,6 cylinders,gas,31967,clean,other,5J8YD4H59JL010087,,,SUV,brown,al
7310225162,birmingham,29890,2017,infiniti,qx70,,6 cylinders,gas,32913,clean,automatic,JN8CS1MW5HM411107,,,SUV,black,al
7310160004,birmingham,19900,2014,toyota,4runner 4wd,excellent,6 cylinders,gas,231000,clean,automatic,JTEBU5JR0E5184790,4wd,full-size,,silver,al
7310136927,birmingham,3299,2002,ford,escape,,6 cylinders,gas,249302,clean,automatic,1FMCU03192KB03362,fwd,,,white,al
7310121191,birmingham,1,2002,nissan,maxima,,,gas,196000,clean,automatic,,,,,black,al
7310082211,birmingham,3495,2008,chevrolet,malibu,,6 cylinders,gas,157305,clean,automatic,1G1ZK57738F235673,fwd,,sedan,,al
7310034215,birmingham,18990,2010,ford,econoline cargo van,good,8 cylinders,gas,32988,clean,automatic,1FTNE2EW3ADA14050,rwd,mid-size,van,white,al
7310016314,birmingham,4499,2005,toyota,camry,,4 cylinders,gas,170687,clean,automatic,4T1BE32K55U090199,fwd,,sedan,blue,al
7309980084,birmingham,32995,2012,ford,f250 super duty,,,gas,37473,clean,automatic,1FDBF2B63CEC57788,4wd,,,white,al
7309972050,birmingham,14900,2011,mercedes-benz,benz s550,,,gas,113907,rebuilt,automatic,,,,,,al
7309953468,birmingham,15900,2017,nissan,frontier sv,good,4 cylinders,gas,28650,rebuilt,automatic,1N6BD0CT2HN739952,rwd,full-size,truck,white,al
7309953039,birmingham,13900,2013,honda,cr-v lx,good,4 cylinders,gas,86933,clean,automatic,5J6RM3H3XDL038359,fwd,full-size,SUV,blue,al
7309951979,birmingham,9800,2008,mazda,cx-9 touring,good,6 cylinders,gas,138266,clean,automatic,JM3TB28A380158898,fwd,full-size,SUV,white,al
7309951024,birmingham,7000,2004,jaguar,xjr s,good,8 cylinders,gas,135185,clean,automatic,SAJWA73B44TG16628,rwd,full-size,sedan,red,al
7309937773,birmingham,0,2011,chevrolet,cruze,,4 cylinders,gas,0,clean,automatic,1G1PJ5S98B7275266,rwd,,sedan,red,al
7309911243,birmingham,17590,2015,kia,soul ! wagon 4d,good,,gas,25491,clean,other,KNDJX3A59F7772430,fwd,,wagon,green,al
7309911166,birmingham,33990,2019,acura,rdx sh-awd sport utility,good,,gas,11902,clean,other,5J8TC2H30KL041519,,,SUV,red,al
7309902142,birmingham,19850,2013,bmw,750li,good,,gas,90822,clean,other,WBAYE8C58DD132025,,,sedan,black,al
7309902021,birmingham,11850,2008,rover,,good,8 cylinders,gas,111254,clean,other,SALMF13428A268857,,full-size,SUV,black,al
7309893460,birmingham,15900,2005,,Kenworth T300,good,,diesel,360000,clean,manual,,,,,white,al
7309889032,birmingham,4995,2005,ford,freestar ses,,,gas,121724,clean,automatic,2FMZA57605BA66741,,,,silver,al
7309875648,birmingham,26000,1973,chevrolet,k5 blazer,,,gas,67013,clean,automatic,,,,,,al
7309868933,birmingham,33990,2020,alfa-romeo,romeo giulia sedan 4d,good,,gas,9711,clean,other,ZARFAMAN1L7630118,rwd,,sedan,white,al
7309868912,birmingham,16990,2018,hyundai,sonata se sedan 4d,good,,gas,31871,clean,other,5NPE24AF5JH692092,fwd,,sedan,red,al
7309848224,birmingham,3800,2000,toyota,camry,,4 cylinders,gas,164814,clean,automatic,4T1BG22K9YU991195,fwd,,sedan,,al
7309842010,birmingham,0,2021,hyundai,kona,excellent,4 cylinders,gas,1517,clean,automatic,KM8K22AA7MU629352,fwd,,SUV,,al
7309840433,birmingham,11500,2011,bmw,328i,excellent,4 cylinders,gas,126000,clean,automatic,,rwd,mid-size,sedan,black,al
7309807810,birmingham,28990,,,CX-5,,4 cylinders,gas,9193,clean,automatic,JM3KFADM2K0531978,fwd,,SUV,white,al
7309795344,birmingham,56990,2018,cadillac,escalade esv platinum,good,,other,58874,clean,automatic,1GYS4KKJXJR155824,4wd,,other,black,al
7309760873,birmingham,12307,2018,kia,soul,,,gas,95056,clean,automatic,KNDJP3A58J7592011,fwd,,,red,al
7309760815,birmingham,20989,2019,toyota,camry,,,gas,43464,clean,automatic,4T1B11HK7KU716273,fwd,,,white,al
7309760796,birmingham,15108,2016,honda,cr-v,,,gas,92347,clean,automatic,2HKRM3H31GH561218,fwd,,,,al
7309757877,birmingham,14577,2011,nissan,titan,,,gas,156380,clean,automatic,1N6BA0ECXBN317229,4wd,,,white,al
7309757858,birmingham,19477,2015,jeep,grand cherokee,,,gas,108819,clean,automatic,1C4RJECG9FC719149,,,,black,al
7309733736,birmingham,35990,2018,mercedes-benz,e-class e 300,good,,gas,8211,clean,automatic,WDDZF4JB5JA329436,rwd,,sedan,blue,al
7309729237,birmingham,1350,1999,,plymouth voyager,fair,6 cylinders,gas,200000,clean,automatic,,,,,,al
7309710187,birmingham,2700,2004,nissan,maxima,good,6 cylinders,gas,200000,clean,automatic,,fwd,full-size,sedan,white,al
7309692127,birmingham,29890,2013,tesla,model s,,,electric,61591,clean,automatic,5YJSA1DN4DFP11483,rwd,,sedan,grey,al
7309661557,birmingham,1,2003,cadillac,escalade esv,,,gas,315836,clean,automatic,,,,,,al
7309598519,birmingham,3450,2007,toyota,prius,,4 cylinders,,263198,clean,automatic,JTDKB20U773225963,fwd,,,grey,al
7309596141,birmingham,32500,2019,ford,f-150,like new,6 cylinders,gas,7700,clean,automatic,,rwd,,truck,grey,al
7309588773,birmingham,55000,2000,,Freightliner,excellent,6 cylinders,diesel,87000,clean,automatic,,4wd,compact,truck,white,al
7309584251,birmingham,6900,2008,nissan,rogue sl,excellent,4 cylinders,gas,110000,clean,automatic,,fwd,,,black,al
7309584112,birmingham,26900,1994,nissan,skyline gts,good,4 cylinders,gas,59384,clean,manual,,rwd,mid-size,coupe,black,al
7309581202,birmingham,8500,2008,lexus,es350,good,6 cylinders,gas,155374,clean,automatic,JTHBJ46G882224925,rwd,full-size,sedan,grey,al
7309558028,birmingham,12500,1946,,AutoCar flatbed truck,fair,6 cylinders,gas,123,missing,manual,906419252,,,,,al
7309539345,birmingham,0,2004,chevrolet,trailblazer,,6 cylinders,gas,213174,clean,automatic,1GNDS13S742284310,rwd,,SUV,,al
7309513895,birmingham,0,2015,ford,e350 bus,,,gas,55000,clean,automatic,,,,,,al
7309508822,birmingham,13950,2008,mazda,miata,excellent,4 cylinders,gas,86650,clean,manual,,rwd,,convertible,grey,al
7309500905,birmingham,28995,2012,ford,econoline commercial,,,gas,93923,clean,automatic,1FC3E3KL4CDB34837,,,,white,al
7309491056,birmingham,19950,2016,hyundai,genesis,like new,,gas,26000,clean,automatic,,,,,,al
7309490465,birmingham,0,1992,toyota,land cruiser prado,excellent,4 cylinders,diesel,160000,clean,automatic,,4wd,full-size,SUV,black,al
7309466661,birmingham,3999,2009,volvo,s60,,5 cylinders,gas,182005,clean,automatic,YV1RS592192724102,fwd,,,silver,al
7309446286,birmingham,0,2014,,Freightliner Cascadia,,,diesel,100,clean,automatic,,,,,,al
7309444951,birmingham,36500,2012,jeep,wrangler,like new,,gas,71000,clean,manual,,4wd,,,red,al
7309441285,birmingham,7900,2014,nissan,maxima,,,gas,111310,rebuilt,automatic,,,,,,al
7309432586,birmingham,5980,2011,kia,soul +,,,gas,163000,clean,automatic,,,,,,al
7309431761,birmingham,27995,2012,ford,f350 super duty,,,gas,45822,clean,automatic,1FDRF3G65CEC39189,,,,white,al
7309388867,birmingham,6800,2010,nissan,altima,like new,4 cylinders,gas,139000,clean,automatic,,fwd,,coupe,black,al
7309386327,birmingham,19950,2008,jeep,wrangler,excellent,,gas,,clean,automatic,,4wd,,,black,al
7309379404,birmingham,4400,2006,buick,lacrosse,,6 cylinders,gas,124201,clean,automatic,2G4WC582961280594,fwd,,sedan,white,al
7309365192,birmingham,31990,2018,audi,q5 premium sport utility 4d,good,,gas,19179,clean,other,WA1ANAFY7J2102310,,,other,,al
7309344531,birmingham,5500,1988,mercedes-benz,560,fair,,diesel,177607,clean,manual,,,mid-size,convertible,white,al
7309336740,birmingham,22990,2015,bmw,5 series 535i sedan 4d,good,,gas,53216,clean,other,WBA5B1C51FG126135,rwd,,sedan,silver,al
7309315881,birmingham,12995,2008,ford,f150 xl,,,gas,93146,clean,automatic,1FTRF12V98KD94523,,,,green,al
7309315670,birmingham,36995,2012,ford,f250 super duty 4x4,,,gas,41364,clean,automatic,1FD7X2B65CEC58024,4wd,,,silver,al
7309315211,birmingham,31995,2017,ford,f350 super duty,,,gas,129638,clean,automatic,1FD8W3G69HEB28454,,,,white,al
7309315002,birmingham,25995,2015,gmc,sierra 2500hd,,,gas,126690,clean,automatic,1GT21XEG0FZ537816,,,,red,al
7309314112,birmingham,34995,2015,ford,f250 super duty 4x4,,,gas,84526,clean,automatic,1FD7X2B60FEB07855,4wd,,,white,al
7309313863,birmingham,31995,2012,ford,f350 super duty,,,gas,24692,clean,automatic,1FDRF3G64CED01178,,,,white,al
7309313620,birmingham,34995,2017,ford,f250 sd xlt,,,gas,138052,clean,automatic,1FT7W2B61HEE45601,4wd,,,white,al
7309312843,birmingham,16995,2008,chevrolet,express 3500,,,gas,158114,clean,automatic,1GBJG31K281131930,,,,white,al
7309309010,birmingham,12995,2016,chrysler,200,,,gas,72754,clean,automatic,1C3CCCBBXGN146315,,,,black,al
7309308803,birmingham,27995,2017,nissan,nv2500 hd cargo,,,gas,48769,clean,automatic,1N6BF0KY6HN800985,,,,white,al
7309308608,birmingham,24995,2012,ford,f250 xl super duty,,,gas,52377,clean,automatic,1FDBF2A68CEC73003,,,,grey,al
7309301508,birmingham,13995,2015,nissan,nv200,,,gas,86580,clean,automatic,3N6CM0KN6FK712103,,,,white,al
7309285507,birmingham,36590,2019,infiniti,q60 3.0t luxe coupe 2d,good,,other,18605,clean,other,JN1EV7EL8KM291378,,,coupe,blue,al
7309285639,birmingham,4500,2011,ford,fusion,,4 cylinders,gas,167870,clean,automatic,3FAHP0HA3BR106978,fwd,,sedan,blue,al
7309278812,birmingham,0,2016,ford,explorer,excellent,6 cylinders,gas,78480,clean,automatic,1FM5K7D80GGA55120,fwd,,SUV,,al
7309264329,birmingham,7500,2009,ram,1500,good,8 cylinders,gas,131338,clean,automatic,,rwd,,,brown,al
7309250475,birmingham,29590,2017,jaguar,xf 20d premium sedan 4d,good,,gas,15530,clean,other,SAJBJ4BN4HCY33978,,,sedan,black,al
7309244264,birmingham,45900,2017,,Maserati Levante,,6 cylinders,gas,36083,clean,automatic,ZN661XUA1HX210904,,,SUV,white,al
7309241789,birmingham,11700,2000,ford,f-350,good,8 cylinders,diesel,274000,clean,manual,,rwd,full-size,truck,white,al
7309222991,birmingham,27590,2018,lincoln,mkx reserve sport,good,6 cylinders,gas,48039,clean,other,2LMPJ6LR9JBL12696,fwd,,other,white,al
7309192123,birmingham,37500,2018,ford,f-150,,,gas,30026,clean,automatic,1FTEW1EP0JFD83808,4wd,,,blue,al
7309192128,birmingham,26990,2019,nissan,frontier,,,gas,12373,clean,automatic,1N6DD0ER9KN772402,rwd,,,black,al
7309192111,birmingham,21688,2020,nissan,kicks,,,gas,7575,clean,automatic,3N1CP5DV4LL500636,fwd,,,,al
7309189180,birmingham,12577,2016,mitsubishi,outlander,,,gas,114878,clean,automatic,JA4AD3A35GZ020361,fwd,,,red,al
7309189157,birmingham,14977,2013,toyota,highlander,,,gas,123804,clean,automatic,5TDZK3EH6DS091697,fwd,,,white,al
7309162369,birmingham,29990,2018,lexus,nx 300 sport utility 4d,good,,other,15923,clean,other,JTJYARBZ2J2097415,,,hatchback,white,al
7309151528,birmingham,44800,2015,chevrolet,silverado 2500 hd,,8 cylinders,diesel,108000,clean,automatic,,4wd,,,,al
7309140128,birmingham,8950,2011,ford,f-150,excellent,6 cylinders,gas,164000,clean,automatic,1FTMF1CM6BKD55331,fwd,full-size,truck,white,al
7309122163,birmingham,26990,2016,toyota,tacoma,,6 cylinders,gas,102089,clean,automatic,3TMAZ5CN5GM007838,rwd,,pickup,grey,al
7309067136,birmingham,3800,2005,chrysler,pt cruiser gt,good,4 cylinders,gas,135034,clean,automatic,,fwd,,convertible,silver,al
7309048982,birmingham,18500,2009,jeep,wrangler unlimited x,good,4 cylinders,gas,76641,clean,automatic,,4wd,mid-size,SUV,silver,al
7309034279,birmingham,4100,2010,hyundai,elantra touring,,4 cylinders,gas,130206,rebuilt,manual,KMHDC8AE1AU064894,fwd,,wagon,grey,al
7309021666,birmingham,41000,2019,mini,t camper van,excellent,4 cylinders,gas,29288,clean,automatic,NM0GS9F23K1426362,fwd,,van,,al
7308983367,birmingham,2300,1997,buick,lesabre,,6 cylinders,gas,201566,clean,automatic,1G4HR52KXVH453440,fwd,,sedan,green,al
7308973381,birmingham,300,1999,saturn,sl,fair,4 cylinders,gas,265000,clean,automatic,,fwd,mid-size,sedan,purple,al
7308969949,birmingham,5980,2005,acura,tl,,6 cylinders,gas,179721,,automatic,19UUA66295A053616,fwd,,sedan,silver,al
7308952053,birmingham,6980,2013,nissan,juke,,4 cylinders,gas,170273,,automatic,JN8AF5MV7DT221254,,,wagon,red,al
7308932276,birmingham,5980,2006,nissan,murano,,6 cylinders,gas,178388,,automatic,JN8AZ08T36W405014,fwd,,SUV,white,al
7308921874,birmingham,3500,2009,hyundai,accent,,4 cylinders,gas,111387,rebuilt,automatic,KMHCN46C69U298613,fwd,,sedan,white,al
7308919338,birmingham,2500,1976,chevrolet,malibu classic,,,gas,100,clean,automatic,,,,,,al
7308911222,birmingham,6980,2011,kia,sorento,,6 cylinders,gas,182321,,other,5XYKW4A20BG104807,rwd,,SUV,,al
7308888798,birmingham,6980,2008,toyota,avalon,,6 cylinders,gas,158888,,automatic,4T1BK36B28U302953,fwd,,sedan,silver,al
7308865425,birmingham,6480,2012,jeep,compass,,4 cylinders,gas,180096,,manual,1C4NJCBAXCD724883,fwd,,SUV,white,al
7308854113,birmingham,36590,2019,gmc,sierra 1500 limited double,good,8 cylinders,gas,14222,clean,other,2GTV2LECXK1123316,4wd,,pickup,blue,al
7308848055,birmingham,4250,2003,ford,crown victoria,,8 cylinders,gas,131282,clean,automatic,2FAFP74W93X151315,rwd,,sedan,red,al
7308844860,birmingham,11700,2007,chevrolet,silverado classic,good,8 cylinders,gas,155000,clean,automatic,,4wd,full-size,pickup,black,al
7308842482,birmingham,4980,2007,ford,edge,,6 cylinders,gas,178095,,automatic,2FMDK46C87BA54266,4wd,,sedan,white,al
7308819618,birmingham,29590,2013,gmc,sierra 1500 extended cab slt,good,8 cylinders,gas,37888,clean,other,1GTR1WE01DZ407455,,,pickup,silver,al
7308819340,birmingham,7280,2014,nissan,altima,,4 cylinders,gas,135412,,automatic,1N4AL3AP2EC110391,fwd,,sedan,silver,al
7308796380,birmingham,5980,2010,gmc,terrain,,4 cylinders,gas,208359,,manual,2CTALFEW0A6326745,rwd,,SUV,red,al
7308787250,birmingham,58500,1933,ford,coupe,,,gas,5830,clean,automatic,,,,,black,al
7308785111,birmingham,35590,2011,dodge,challenger srt8 coupe 2d,good,8 cylinders,gas,16796,clean,other,2B3CJ7DJ7BH589702,rwd,,coupe,green,al
7308784873,birmingham,46990,2014,chevrolet,corvette stingray,good,8 cylinders,gas,16966,clean,other,1G1YA3D74E5119018,rwd,,other,white,al
7308773594,birmingham,3999,2006,pontiac,grand prix,,6 cylinders,gas,207238,clean,automatic,2G2WP552061255472,fwd,,sedan,white,al
7308773221,birmingham,5480,2013,chevrolet,captiva sport,,4 cylinders,gas,182711,,automatic,3GNFL3EK8DS506789,fwd,,SUV,grey,al
7308745784,birmingham,34590,2015,gmc,sierra 1500 crew cab sle,good,8 cylinders,gas,35423,clean,automatic,3GTU2UEC2FG198302,4wd,,pickup,,al
7308738418,birmingham,4000,1958,ford,pick up,good,8 cylinders,gas,110000,missing,automatic,,4wd,,,black,al
7308735364,birmingham,35495,,,Series,,4 cylinders,gas,14000,clean,automatic,3MW5R1J08L8B21625,rwd,,sedan,white,al
7308728202,birmingham,6895,1995,gmc,sonoma,good,6 cylinders,gas,186500,clean,automatic,,rwd,mid-size,pickup,red,al
7308723075,birmingham,500,2021,,SPECIAL FINANCE PROGRAM 2020,fair,other,other,1400,clean,other,,,full-size,bus,green,al
7308717036,birmingham,14141,2017,ram,promaster city cargo van,like new,4 cylinders,gas,102386,clean,automatic,ZFBERFBB3H6D75571,fwd,full-size,van,white,al
7308711653,birmingham,18777,2016,volvo,s60 inscription platinum,like new,4 cylinders,gas,38561,clean,automatic,LYV402FM0GB097320,fwd,mid-size,sedan,silver,al
7308708711,birmingham,5600,2013,dodge,dart,good,4 cylinders,gas,88000,clean,manual,,fwd,compact,sedan,red,al
7308703132,birmingham,24590,2018,nissan,frontier crew cab pro-4x,good,6 cylinders,gas,33036,clean,other,1N6AD0EVXJN750990,4wd,,pickup,black,al
7308701971,birmingham,27988,2020,nissan,altima,,,gas,15139,clean,automatic,1N4BL4FW4LC155761,,,,blue,al
7308701963,birmingham,22488,2020,nissan,rogue,,,gas,17013,clean,automatic,5N1AT2MT8LC710645,fwd,,,green,al
7308701954,birmingham,26500,2019,nissan,rogue sport,,,gas,9975,clean,automatic,JN1BJ1CR1KW311221,,,,red,al
7308699652,birmingham,21977,2017,ford,explorer,,,gas,79265,clean,automatic,1FM5K7D81HGD62474,fwd,,,black,al
7308699640,birmingham,16477,2011,chevrolet,silverado 1500,,,gas,178349,clean,automatic,3GCPKSE31BG274782,4wd,,,silver,al
7308645962,birmingham,34500,2012,bmw,x6,,8 cylinders,gas,53723,clean,automatic,5YMGZ0C57CLK14442,,,,,al
7308630105,birmingham,6500,2003,chevrolet,tahoe z71,like new,8 cylinders,gas,245700,clean,automatic,,4wd,full-size,SUV,silver,al
7308626890,birmingham,7800,2004,gmc,yukon,,,gas,160000,clean,automatic,,,,,,al
7308600575,birmingham,17999,2012,jeep,wrangler,excellent,6 cylinders,gas,125000,clean,automatic,,4wd,full-size,offroad,black,al
7308579912,birmingham,28500,2015,chrysler,town and country tourin,,,gas,49319,clean,automatic,2C4RC1BG6FR595076,,,,,al
7308579144,birmingham,4250,2007,chrysler,pt cruiser,,4 cylinders,gas,94093,clean,automatic,3A8FY68B77T582695,fwd,,sedan,red,al
7308554036,birmingham,3500,2006,ford,freestyle,,6 cylinders,gas,214775,clean,automatic,1FMZK02146GA31559,fwd,,SUV,blue,al
7308522231,birmingham,3850,2003,dodge,durango,,8 cylinders,gas,215604,clean,automatic,1D4HR38N13F620886,rwd,,SUV,blue,al
7308507172,birmingham,20900,2016,toyota,avalon,excellent,6 cylinders,gas,100318,clean,automatic,,rwd,full-size,sedan,silver,al
7308504921,birmingham,5790,2008,cadillac,srx,,6 cylinders,gas,189294,,automatic,1GYEE637880133226,rwd,,SUV,white,al
7308485678,birmingham,4300,2012,kia,soul,,4 cylinders,gas,174053,clean,automatic,KNDJT2A56C7421511,fwd,,wagon,silver,al
7308485634,birmingham,35000,1978,toyota,land cruiser,good,8 cylinders,gas,1000000,clean,manual,,4wd,full-size,SUV,red,al
7308485607,birmingham,6480,2008,buick,enclave,,6 cylinders,gas,183858,,automatic,5GAER23768J133952,rwd,,SUV,,al
7308464555,birmingham,5940,2011,kia,soul,,4 cylinders,gas,163385,,manual,KNDJT2A23B7712004,rwd,,wagon,white,al
7308461993,birmingham,36900,,,olet Express Commercial Cutaway,,8 cylinders,,71931,,automatic,1HA3GTCG1KN000447,rwd,,pickup,white,al
7308450063,birmingham,28500,2019,gmc,acadia,good,6 cylinders,gas,43961,clean,automatic,1GKKNMLS7KZ230331,fwd,full-size,SUV,black,al
7308449579,birmingham,23900,2017,jeep,grand cherokee,good,6 cylinders,gas,50543,clean,automatic,1C4RJEAG6HC782831,rwd,full-size,SUV,black,al
7308441758,birmingham,4980,2011,nissan,murano,,6 cylinders,gas,199524,,manual,JN8AZ1MU0BW050964,rwd,,SUV,silver,al
7308441693,birmingham,3450,2007,ford,taurus,,6 cylinders,gas,164421,clean,automatic,1FAFP53U87A108605,fwd,,sedan,,al
7308417863,birmingham,8980,2011,jeep,grand cherokee,,6 cylinders,,173787,,manual,1J4RS4GG8BC644367,rwd,,SUV,silver,al
7308392571,birmingham,3980,2002,ford,f-150,,8 cylinders,gas,197070,,manual,1FTRF17W42NA41940,rwd,,pickup,white,al
7308392468,birmingham,2800,2006,ford,taurus,,6 cylinders,gas,230108,clean,automatic,1FAFP53U56A238775,fwd,,sedan,white,al
7308367198,birmingham,27900,2014,ram,3500,,8 cylinders,gas,66788,,automatic,3C7WRSCJ7EG281400,rwd,,pickup,white,al
7308365086,birmingham,5480,2013,chevrolet,sonic,,4 cylinders,gas,121954,,automatic,1G1JC5SH2D4143101,fwd,,sedan,red,al
7308337198,birmingham,4980,2010,dodge,grand caravan,,6 cylinders,gas,134819,,manual,2D4RN5D12AR107733,rwd,,van,red,al
7308337068,birmingham,4450,2004,cadillac,srx,,6 cylinders,gas,144850,clean,automatic,1GYDE637940132303,rwd,,SUV,white,al
7308309094,birmingham,0,2009,dodge,journey,,6 cylinders,gas,170013,,manual,3D4GG57VX9T138642,rwd,,SUV,black,al
7308308632,birmingham,49975,1937,ford,,excellent,8 cylinders,gas,13025,clean,automatic,,rwd,full-size,coupe,blue,al
7308306259,birmingham,0,1988,,AM GENERAL HUMMER,good,8 cylinders,diesel,43000,clean,automatic,,4wd,full-size,other,custom,al
7308302315,birmingham,24990,2019,subaru,crosstrek 2.0i premium,good,,gas,12495,clean,other,JF2GTACC1K8284343,,,hatchback,white,al
7308299773,birmingham,6500,1995,ford,mustang,excellent,8 cylinders,gas,119000,clean,automatic,,rwd,,,white,al
7308295742,birmingham,33990,2018,jeep,wrangler unlimited willys,good,6 cylinders,gas,34636,clean,other,1C4BJWDG2JL806552,4wd,,other,white,al
7308295643,birmingham,28590,2017,jeep,wrangler sport suv 2d,good,6 cylinders,gas,37218,clean,other,1C4GJWAG4HL572192,4wd,,other,,al
7308281284,birmingham,3999,2006,honda,accord sedan,,4 cylinders,gas,253076,clean,automatic,3HGCM56406G701183,fwd,,sedan,silver,al
7308280968,birmingham,4980,2010,chevrolet,traverse,,6 cylinders,gas,208122,,manual,1GNLVEED4AS107976,rwd,,SUV,silver,al
7308238538,birmingham,31990,2016,chevrolet,silverado 1500,,8 cylinders,,107597,clean,automatic,3GCUKREC3GG310264,4wd,,pickup,white,al
7308232383,birmingham,39590,2018,jeep,wrangler unlimited all new,good,6 cylinders,gas,21893,clean,other,1C4HJXEGXJW175675,4wd,,SUV,silver,al
7308232382,birmingham,27990,2016,bmw,3 series 340i sedan 4d,good,,gas,46057,clean,other,WBA8B3G53GNT91767,rwd,,sedan,blue,al
7308228384,birmingham,29800,2016,ram,1500,,8 cylinders,gas,43000,clean,automatic,,4wd,,,silver,al
7308204051,birmingham,20870,2019,infiniti,qx30,,,gas,29938,clean,automatic,SJKCH5CP1KA009165,fwd,,,red,al
7308204040,birmingham,45531,2019,toyota,tacoma,,,gas,15295,clean,automatic,5TFCZ5AN0KX185798,4wd,,,black,al
7308204043,birmingham,26988,2018,nissan,pathfinder,,,gas,24274,clean,automatic,5N1DR2MM1JC613563,4wd,,,white,al
7308199884,birmingham,23477,2013,ford,f-150,,,gas,127350,clean,automatic,1FTFW1ET9DKF90680,4wd,,,silver,al
7308199856,birmingham,0,2017,chevrolet,silverado 1500,,,gas,144776,clean,automatic,3GCUKREC9HG322243,4wd,,,black,al
7308179558,birmingham,38590,2014,mercedes-benz,c-class c 63 amg,good,8 cylinders,gas,39558,clean,automatic,WDDGJ7HB1EG206426,rwd,,coupe,black,al
7308137175,birmingham,22795,2015,mercedes-benz,c-class,,4 cylinders,gas,67870,clean,automatic,55SWF4KB4FU020761,,,sedan,silver,al
7308099881,birmingham,7900,1985,mercury,capri,,,gas,89312,clean,automatic,,,,,,al
7308062041,birmingham,9000,1976,alfa-romeo,romeo spider,excellent,4 cylinders,gas,88627,clean,manual,,rwd,mid-size,convertible,white,al
7308060307,birmingham,2999,2007,ford,taurus,,6 cylinders,gas,162029,clean,automatic,1FAFP56U47A197052,fwd,,sedan,blue,al
7308055231,birmingham,6000,1957,chevrolet,belair,good,6 cylinders,gas,80000,clean,manual,,rwd,full-size,,,al
7308031579,birmingham,4425,2004,honda,accord sedan,,4 cylinders,gas,192275,clean,automatic,1HGCM56694A166593,fwd,,sedan,black,al
7308021785,birmingham,13500,2000,jeep,wrangler sport,good,6 cylinders,gas,149980,clean,automatic,1J4FA49S5YP766581,4wd,full-size,SUV,blue,al
7307995502,birmingham,2999,2005,ford,taurus,,6 cylinders,gas,226797,clean,automatic,1FAFP56U35A285359,fwd,,sedan,white,al
7307965551,birmingham,19500,2013,infiniti,qx 56,like new,8 cylinders,gas,119895,clean,automatic,JN8AZ2NE6D9060199,4wd,full-size,SUV,grey,al
7307956167,birmingham,3399,2006,buick,lacrosse,,6 cylinders,gas,160218,clean,automatic,2G4WD582061211256,fwd,,sedan,blue,al
7307946996,birmingham,2700,2005,gmc,envoy,good,6 cylinders,gas,183876,clean,automatic,,rwd,full-size,SUV,white,al
7307919917,birmingham,27995,2017,nissan,nv2500 hd cargo,,,gas,48769,clean,automatic,1N6BF0KY6HN800985,,,,white,al
7307909585,birmingham,3650,2008,kia,rio,,4 cylinders,gas,115124,clean,automatic,KNADE123786319837,fwd,,sedan,silver,al
7307886134,birmingham,24995,2012,ford,f250 xl super duty,,,gas,52377,clean,automatic,1FDBF2A68CEC73003,,,,grey,al
7307884060,birmingham,19950,2009,porsche,boxster,excellent,6 cylinders,gas,80190,clean,automatic,,rwd,,convertible,red,al
7307883751,birmingham,13950,2011,mazda,mx-5 miata grand touring,excellent,4 cylinders,gas,138235,clean,automatic,,rwd,,convertible,red,al
7307883318,birmingham,45950,2014,gmc,sierra 2500hd denali,excellent,8 cylinders,diesel,154289,clean,automatic,,4wd,full-size,truck,black,al
7307882710,birmingham,12950,2007,mazda,mx-5 miata touring,excellent,4 cylinders,gas,90610,clean,automatic,,rwd,,convertible,black,al
7307882262,birmingham,12950,2011,honda,crv ex,excellent,4 cylinders,gas,87994,clean,automatic,,fwd,,SUV,silver,al
7307881901,birmingham,22950,2014,ford,f150 supercrew cab xlt,excellent,8 cylinders,gas,166380,clean,automatic,,4wd,full-size,truck,black,al
7307881605,birmingham,10950,2007,mazda,miata touring,,4 cylinders,gas,57323,clean,automatic,,rwd,,convertible,blue,al
7307881286,birmingham,16950,2007,toyota,tacoma double cab,good,6 cylinders,gas,156792,clean,automatic,,rwd,,truck,white,al
7307874195,birmingham,26875,1999,chevrolet,corvette,,,gas,8902,clean,automatic,1G1YY32G4X5117058,,,convertible,silver,al
7307873798,birmingham,46875,2015,chevrolet,corvette,,,gas,29337,clean,manual,1G1YC2D76F5100671,,,coupe,white,al
7307873613,birmingham,69850,2017,chevrolet,corvette,,,gas,2813,clean,automatic,1G1Y13D72H5109625,rwd,,convertible,blue,al
7307861270,birmingham,199,2017,dodge,charger,,,gas,21737,clean,automatic,,,,,,al
7307859883,birmingham,4499,2010,ford,crown victoria,,8 cylinders,gas,138895,rebuilt,automatic,2FABP7BV0AX106334,rwd,,sedan,white,al
7307843447,birmingham,500,2021,,SPECIAL FINANCE PROGRAM 2020,fair,other,other,1400,clean,other,,,full-size,bus,green,al
7307807487,birmingham,2200,2001,mitsubishi,montero sport,,6 cylinders,gas,289419,clean,automatic,JA4LS21H31P045380,rwd,,SUV,,al
7307807029,birmingham,7991,2011,dodge,caliber mainstreet,excellent,4 cylinders,gas,93333,clean,automatic,1B3CB3HA1BD297895,fwd,mid-size,hatchback,white,al
7307751877,birmingham,2600,2000,buick,lesabre,,6 cylinders,gas,212061,clean,automatic,1G4HR54K6YU316195,fwd,,,blue,al
7307744591,birmingham,0,2020,nissan,altima,excellent,4 cylinders,gas,9187,clean,automatic,1N4BL4BV4LC252519,fwd,,sedan,silver,al
7307722757,birmingham,6599,2010,toyota,sienna xle,good,6 cylinders,gas,174000,clean,automatic,,fwd,full-size,mini-van,brown,al
7307711584,birmingham,35990,,,500,,8 cylinders,gas,60260,clean,automatic,1C6RR6PT7JS254916,rwd,,pickup,black,al
7307707165,birmingham,4000,2002,toyota,camry,like new,4 cylinders,gas,160000,clean,automatic,,fwd,full-size,sedan,white,al
7307667154,birmingham,13563,2016,hyundai,santa fe sport,,,gas,110157,clean,automatic,5XYZT3LB4GG375018,fwd,,,,al
7307667126,birmingham,17989,2015,toyota,camry,,,gas,65381,clean,automatic,4T1BF1FK8FU931879,fwd,,,,al
7307667141,birmingham,13458,2013,mercedes-benz,glk,,,gas,126863,clean,automatic,WDCGG5HB4DG062912,rwd,,,silver,al
7307662982,birmingham,42977,2017,mercedes-benz,e 400,,,gas,35268,clean,automatic,WDDKK6FF7HF360964,,,,white,al
7307662967,birmingham,18477,2011,toyota,4runner,,,gas,172921,clean,automatic,JTEBU5JR9B5069195,,,,black,al
7307624585,birmingham,2700,2004,nissan,maxima,good,6 cylinders,gas,200000,clean,automatic,,fwd,full-size,sedan,white,al
7307623928,birmingham,2700,2004,nissan,maxima,good,6 cylinders,gas,200000,clean,automatic,,fwd,full-size,sedan,white,al
7307618805,birmingham,32000,2008,,HINO,excellent,,diesel,250000,clean,automatic,,rwd,,,white,al
7307618392,birmingham,0,2016,ford,f450 4x4,,,diesel,0,clean,other,,,,other,white,al
7307617837,birmingham,4500,2000,,BMW528i,excellent,6 cylinders,gas,256000,clean,automatic,,rwd,full-size,sedan,custom,al
7307598882,birmingham,26495,2017,mercedes-benz,c-class,,4 cylinders,gas,27443,clean,automatic,55SWF4KB6HU188159,,,sedan,white,al
7307597799,birmingham,0,2014,ram,,,,diesel,0,clean,automatic,,,,other,white,al
7307511064,birmingham,1950,1999,dodge,caravan,,6 cylinders,,227794,clean,automatic,1B4GP44G7XB827417,fwd,,van,,al
7307500655,birmingham,9800,2010,cadillac,srx luxury,good,6 cylinders,gas,132815,clean,automatic,3GYFNAEY1AS620988,fwd,full-size,SUV,black,al
7307496138,birmingham,5600,2008,toyota,camry,good,4 cylinders,diesel,133244,clean,automatic,,fwd,mid-size,sedan,grey,al
7307456879,birmingham,0,2013,ford,mustang,,6 cylinders,gas,0,clean,automatic,1ZVBP8AM5D5269363,rwd,,coupe,white,al
7307452808,birmingham,8950,2011,ford,f-150,excellent,6 cylinders,gas,164000,clean,automatic,1FTMF1CM6BKD55331,fwd,full-size,truck,white,al
7307390193,birmingham,3999,2009,volvo,s60,,5 cylinders,gas,182005,clean,automatic,YV1RS592192724102,fwd,,,silver,al
7307385521,birmingham,12995,2016,chrysler,200,,,gas,72754,clean,automatic,1C3CCCBBXGN146315,,,,black,al
7307379785,birmingham,21900,2011,chevrolet,camaro 2ss,good,8 cylinders,gas,93096,clean,automatic,2G1FK3DJ2B9171780,rwd,full-size,convertible,blue,al
7307374766,birmingham,6980,2009,dodge,journey sxt,,,gas,170000,clean,automatic,,,,,,al
7307371745,birmingham,8990,2011,jeep,grand cherokee laredo,,,gas,173000,clean,automatic,,,,,,al
7307330565,birmingham,0,2014,,Freightliner Cascadia,,,diesel,100,clean,automatic,,,,,,al
7307330380,birmingham,3500,2003,,Chevelet Venture,good,6 cylinders,gas,230000,clean,automatic,,rwd,mid-size,mini-van,red,al
7307311249,birmingham,3550,2008,dodge,caliber,,4 cylinders,gas,127083,rebuilt,automatic,1B3HB48B38D578805,fwd,,hatchback,black,al
7307305180,birmingham,31500,2019,ford,f150,,6 cylinders,gas,106054,clean,automatic,,4wd,,,white,al
7307300061,birmingham,22900,2016,ford,transit t250,,6 cylinders,gas,95900,clean,automatic,,rwd,,,white,al
7307298639,birmingham,21800,2018,ford,f150,,8 cylinders,gas,143603,clean,automatic,,4wd,,,silver,al
7307297248,birmingham,27900,2018,ford,f250,,8 cylinders,gas,159911,clean,automatic,,4wd,,,white,al
7307259540,birmingham,16500,2018,ford,fusion,,4 cylinders,gas,58059,clean,other,3FA6P0HD9JR228700,fwd,,sedan,red,al
7307259264,birmingham,18897,2012,bmw,535i,,6 cylinders,gas,105766,clean,other,WBAFR7C54CC813857,rwd,,sedan,grey,al
7307252414,birmingham,32990,2018,ford,f150 super cab xlt pickup,good,,other,11360,clean,other,1FTEX1CP3JFA35355,,,pickup,white,al
7307246197,birmingham,46990,2020,gmc,yukon slt sport utility 4d,good,8 cylinders,gas,28552,clean,other,1GKS1BKC9LR212585,,,other,white,al
7307246045,birmingham,21990,2017,gmc,acadia sle-1 sport utility,good,,gas,48959,clean,other,1GKKNKLA4HZ273691,fwd,,SUV,white,al
7307246117,birmingham,33590,2020,chevrolet,silverado 1500 double,good,6 cylinders,other,15591,clean,other,1GCRYAEH3LZ179610,4wd,,pickup,white,al
7307225699,birmingham,3799,2002,chevrolet,tahoe,,8 cylinders,gas,200121,clean,automatic,1GNEC13VX2R119190,rwd,,SUV,white,al
7307219629,birmingham,0,2019,ford,fiesta,excellent,4 cylinders,gas,45056,clean,automatic,3FADP4EJ4KM111422,fwd,,hatchback,white,al
7307207503,birmingham,64900,,,500,,6 cylinders,diesel,12338,,automatic,3C63RRHL0LG260671,4wd,,pickup,white,al
7307201540,birmingham,500,2021,,SPECIAL FINANCE PROGRAM 2020,fair,other,other,1400,clean,other,,,full-size,bus,green,al
7307188227,birmingham,21990,2014,lincoln,navigator,,8 cylinders,gas,106148,clean,automatic,5LMJJ2J51EEL01631,4wd,,SUV,black,al
7307181623,birmingham,34990,2020,ford,f150 super cab xlt pickup,good,6 cylinders,gas,12562,clean,other,1FTEX1CB6LKF00239,,,pickup,,al
7307143599,birmingham,19990,2020,nissan,versa,,,gas,6591,clean,automatic,3N1CN8FV7LL800790,fwd,,,black,al
7307143581,birmingham,26990,2020,nissan,frontier,,,gas,323,clean,automatic,1N6ED0CE8LN726078,rwd,,,red,al
7307143591,birmingham,31988,2019,nissan,murano,,,gas,15566,clean,automatic,5N1AZ2MJ9KN124875,fwd,,,blue,al
7307140169,birmingham,7977,2007,toyota,camry solara,,,gas,117148,clean,automatic,4T1FA38P57U127626,fwd,,,red,al
7307140075,birmingham,13477,2008,chevrolet,tahoe,,,gas,148789,clean,automatic,1GNFK13098R141704,4wd,,,silver,al
7307115835,birmingham,47590,2020,gmc,yukon slt sport utility 4d,good,8 cylinders,gas,26215,clean,other,1GKS1BKC4LR250130,,,SUV,white,al
7307098820,birmingham,10000,1970,volvo,,,,gas,99999,clean,manual,,,,,,al
7307082685,birmingham,2700,2004,nissan,maxima,good,6 cylinders,gas,200000,clean,automatic,,fwd,full-size,sedan,white,al
7307081360,birmingham,48990,,,Gladiator,,6 cylinders,gas,5792,clean,automatic,1C6HJTFG6LL106890,4wd,,pickup,black,al
7307067929,birmingham,22900,2018,nissan,frontier,good,4 cylinders,gas,14570,clean,automatic,1N6BD0CT3JN730151,rwd,full-size,truck,custom,al
7307067889,birmingham,30900,2015,chevrolet,silverado 1500,good,8 cylinders,gas,114800,clean,automatic,3GCUKSEC4FG336264,4wd,full-size,truck,custom,al
7307067844,birmingham,24900,2015,chevrolet,silverado 1500,good,8 cylinders,gas,119569,clean,automatic,3GCPCREC2FG522274,rwd,full-size,truck,white,al
7307050330,birmingham,9250,2007,gmc,yukon slt,good,8 cylinders,gas,181000,clean,automatic,,rwd,full-size,SUV,black,al
7307048623,birmingham,7950,2007,chevrolet,tahoe lt,good,8 cylinders,gas,208000,clean,automatic,,rwd,full-size,SUV,grey,al
7307034122,birmingham,6800,2003,ford,f-150,excellent,8 cylinders,gas,190000,clean,automatic,,,full-size,truck,white,al
7307029274,birmingham,11500,2012,kia,optima,excellent,6 cylinders,gas,64000,lien,automatic,,fwd,mid-size,sedan,grey,al
7307012479,birmingham,3500,2003,honda,accord,good,4 cylinders,gas,201580,clean,automatic,,fwd,full-size,sedan,grey,al
7306995440,birmingham,4400,2006,buick,lacrosse,,6 cylinders,gas,124201,clean,automatic,2G4WC582961280594,fwd,,sedan,white,al
7306994310,birmingham,0,2009,jeep,wrangler,excellent,,gas,,clean,automatic,,4wd,,,silver,al
7306994204,birmingham,17950,2009,jeep,wrangler,excellent,,gas,,clean,automatic,,,,,black,al
7306994088,birmingham,15950,2008,jeep,wrangler,excellent,,gas,,clean,automatic,,4wd,,,,al
7306993994,birmingham,16950,2007,jeep,wrangler,excellent,,gas,,clean,automatic,,,,,red,al
7306993889,birmingham,22950,2013,jeep,wrangler,excellent,,gas,,clean,automatic,,4wd,,,,al
7306993794,birmingham,32950,2016,jeep,wrangler,excellent,,gas,,clean,automatic,,4wd,,,red,al
7306993678,birmingham,28950,2017,jeep,wrangler unlimited,excellent,,gas,,clean,automatic,,4wd,,,silver,al
7306952160,birmingham,10000,1987,chevrolet,caprice,good,,gas,200000,clean,automatic,,,,,,al
7306941826,birmingham,4100,2010,hyundai,elantra touring,,4 cylinders,gas,130206,rebuilt,manual,KMHDC8AE1AU064894,fwd,,wagon,grey,al
7306898100,birmingham,49990,2015,ford,super duty f-550 drw,good,10 cylinders,gas,41631,clean,automatic,1FDUF5HY1FEA25813,4wd,full-size,truck,green,al
7306898032,birmingham,38990,2013,chevrolet,express commercial cutaway,good,8 cylinders,gas,134000,clean,automatic,1GB6G5CG6D1136715,rwd,full-size,truck,white,al
7306898020,birmingham,34990,2017,ram,2500,good,8 cylinders,gas,135740,clean,automatic,3C6UR5DJ4HG624065,4wd,full-size,truck,white,al
7306898022,birmingham,39990,2013,chevrolet,express commercial cutaway,good,8 cylinders,gas,119000,clean,automatic,1GB6G5CG0D1137472,rwd,,,white,al
7306897838,birmingham,10990,2009,lexus,es 350,good,6 cylinders,gas,102078,clean,automatic,JTHBJ46G392324089,fwd,,sedan,silver,al
7306897812,birmingham,29990,2003,ford,super duty f-550 drw,good,8 cylinders,diesel,54703,clean,manual,1FDAF57P23ED83719,4wd,full-size,truck,red,al
7306897830,birmingham,22990,2012,ford,super duty f-250 srw,good,8 cylinders,gas,114733,clean,automatic,1FTBF2B68CEA42525,4wd,,,white,al
7306897777,birmingham,38990,2016,mitsubishi,fuso fe180,good,4 cylinders,diesel,33474,clean,automatic,JL6CRK1A4GK000367,rwd,full-size,truck,white,al
7306897760,birmingham,28990,2008,ford,super duty f-450 drw,good,8 cylinders,gas,118078,clean,automatic,1FDXF46R18ED50595,rwd,full-size,truck,white,al
7306897746,birmingham,39990,2016,gmc,savana commercial cutaway,good,8 cylinders,gas,75649,clean,automatic,1GD37RCG5G1267463,rwd,,,white,al
7306897755,birmingham,8990,2013,chevrolet,equinox,good,4 cylinders,gas,127100,clean,automatic,2GNALFEK8D6411627,fwd,,wagon,black,al
7306897720,birmingham,49990,2013,ford,super duty f-550 drw,good,8 cylinders,diesel,98689,clean,automatic,1FD0W5HT7DEB10669,4wd,full-size,truck,white,al
7306897666,birmingham,26990,2016,ford,econoline commercial cutaway,good,10 cylinders,gas,105070,clean,automatic,1FDXE4FS4GDC53501,rwd,full-size,truck,white,al
7306897649,birmingham,33990,2016,ford,transit cutaway,good,6 cylinders,gas,117800,clean,automatic,1FDYR5PM8GKA09599,rwd,,,white,al
7306897364,birmingham,27990,2013,,International TerraStar,good,8 cylinders,diesel,138071,clean,automatic,1HTJSSKK2DH146483,rwd,,,white,al
7306897176,birmingham,27990,2005,,Sterling SC8000,good,6 cylinders,diesel,24624,clean,automatic,49HAADBV45DN90218,rwd,,,custom,al
7306897152,birmingham,21990,2018,nissan,maxima,good,6 cylinders,gas,25500,clean,automatic,1N4AA6AP8JC395115,fwd,,sedan,white,al
7306897103,birmingham,29990,2015,,Isuzu NPR HD REG,good,8 cylinders,gas,91400,clean,automatic,54DC4W1BXFS802567,rwd,full-size,truck,white,al
7306897105,birmingham,24990,2008,ford,econoline cargo van,good,8 cylinders,gas,139567,clean,automatic,1FTSE34L08DA81845,rwd,full-size,truck,white,al
7306897106,birmingham,24990,2014,mitsubishi,fuso fe,good,4 cylinders,diesel,117851,clean,automatic,JL6CRK1A0EK003991,rwd,full-size,truck,white,al
7306897083,birmingham,26990,2012,chevrolet,express commercial cutaway,good,8 cylinders,gas,108439,clean,automatic,1GB0G2BA6C1158438,rwd,,,white,al
7306897070,birmingham,27990,2013,,International 4300,good,8 cylinders,diesel,117550,clean,automatic,1HTJTSKM7DH258632,rwd,full-size,truck,white,al
7306897053,birmingham,24990,2014,,Hino 195,good,4 cylinders,hybrid,118693,clean,automatic,JHHRPM2H2EK001074,rwd,full-size,truck,white,al
7306897015,birmingham,29990,2014,,Isuzu DSL REG AT,good,4 cylinders,diesel,132469,clean,automatic,JALE5W163E7302389,rwd,full-size,truck,white,al
7306896767,birmingham,26990,2011,ford,super duty f-550 drw,good,8 cylinders,diesel,147797,clean,automatic,1FD0X5HT5BEB42675,4wd,,,white,al
7306896752,birmingham,9990,1991,honda,acty,good,3 cylinders,gas,38700,clean,other,1.11E+16,4wd,full-size,truck,white,al
7306896749,birmingham,24990,2013,,Isuzu NPR,good,6 cylinders,diesel,65902,clean,automatic,JALB4W171D7400124,rwd,full-size,truck,white,al
7306896691,birmingham,47990,2014,ford,super duty f-550 drw,good,8 cylinders,diesel,39253,clean,automatic,1FDUF5HT8EEA80861,4wd,full-size,truck,white,al
7306896675,birmingham,29990,2006,,Freightliner M Line Walk-in Van,good,4 cylinders,diesel,100509,clean,automatic,4UZACCCPX6CW72916,rwd,full-size,truck,white,al
7306896660,birmingham,22990,2016,ford,econoline commercial cutaway,good,8 cylinders,gas,181410,clean,automatic,1FDWE3FL6GDC00765,rwd,full-size,truck,white,al
7306896595,birmingham,29990,2007,ford,super duty f-750 straight frame,good,8 cylinders,diesel,124669,clean,automatic,3FRXX75U17V517746,rwd,full-size,truck,white,al
7306896584,birmingham,34990,2011,ford,super duty f-450 drw,good,8 cylinders,diesel,118787,clean,automatic,1FD0W4HT4BEC98946,4wd,,,white,al
7306896408,birmingham,23990,2007,chevrolet,silverado 3500 classic,good,8 cylinders,gas,32853,clean,automatic,1GBJC34U87E120320,rwd,full-size,truck,white,al
7306896374,birmingham,39990,2009,,Freightliner M-Line Walk-in Van,good,6 cylinders,diesel,35429,clean,automatic,4UZAAPDU49CAG2109,rwd,full-size,truck,white,al
7306895710,birmingham,26990,2016,ford,super duty f-750 straight frame,good,8 cylinders,diesel,201035,clean,automatic,1FDWF7DC4GDA01690,rwd,full-size,truck,white,al
7306895658,birmingham,34990,2001,ford,super duty f-350 drw,good,8 cylinders,diesel,70200,clean,automatic,1FTWX33F21EA27079,4wd,full-size,truck,custom,al
7306895647,birmingham,51990,2013,ram,5500,good,,diesel,129633,clean,other,3C7WRMALXDG588249,rwd,full-size,truck,white,al
7306895581,birmingham,39990,2017,ford,f-650 sd,good,10 cylinders,gas,68655,clean,automatic,1FDNF6AY9HDB01002,rwd,full-size,truck,white,al
7306895551,birmingham,31990,2013,ford,super duty f-250 srw,good,8 cylinders,gas,101335,clean,automatic,1FDBF2B69DEB79406,4wd,full-size,truck,white,al
7306895554,birmingham,53990,2012,,International TerraStar,good,8 cylinders,diesel,63550,clean,automatic,1HTJSSKK5CJ390104,rwd,full-size,truck,white,al
7306895561,birmingham,36490,2018,ford,e-series cutaway,good,10 cylinders,gas,16535,clean,automatic,1FDWE3FS2JDC26391,rwd,full-size,truck,white,al
7306895547,birmingham,35990,2017,mitsubishi,fuso fe160,good,4 cylinders,diesel,45925,clean,automatic,JL6BNG1A1HK001952,rwd,full-size,truck,white,al
7306895533,birmingham,47990,2014,ram,5500,good,6 cylinders,diesel,66212,clean,automatic,3C7WRNFL0EG279227,4wd,,,red,al
7306895493,birmingham,55990,2015,,Freightliner M2 106 Medium Duty,good,6 cylinders,diesel,207548,clean,automatic,1FVACWDT5FHGH8100,rwd,,,white,al
7306895452,birmingham,28990,2010,ford,super duty f-550 drw,good,10 cylinders,gas,130441,clean,automatic,1FDAW5HY0AEB36459,4wd,,,white,al
7306895359,birmingham,20990,2008,ford,super duty f-350 srw,good,8 cylinders,gas,107040,clean,automatic,1FDWX31588ED44445,4wd,,,white,al
7306872640,birmingham,3000,2005,buick,lacrosse,,6 cylinders,gas,191064,clean,automatic,2G4WE567151317581,fwd,,sedan,silver,al
7306863718,birmingham,35000,1953,ford,f-100,excellent,8 cylinders,gas,54000,clean,manual,,rwd,,truck,blue,al
7306854164,birmingham,34500,2019,ford,transit,like new,6 cylinders,gas,7646,clean,automatic,1FTYR1YM9KKA86793,rwd,full-size,van,white,al
7306854149,birmingham,16900,2014,ford,transit connect,excellent,4 cylinders,gas,35173,clean,automatic,NM0LS7E74E1172536,fwd,full-size,van,white,al
7306854137,birmingham,32700,2019,ford,transit,like new,6 cylinders,gas,13646,clean,automatic,1FTYR1ZM3KKA71124,rwd,full-size,van,white,al
7306854140,birmingham,32900,2019,ford,transit,like new,6 cylinders,gas,6735,clean,automatic,1FTYR1YM7KKA86825,rwd,full-size,van,white,al
7306854119,birmingham,34800,2019,ford,transit,like new,6 cylinders,gas,31020,clean,automatic,1FTYR2CM1KKB38768,rwd,full-size,van,white,al
7306854125,birmingham,9500,2014,ford,transit connect,excellent,4 cylinders,gas,219581,clean,automatic,NM0LS7F7XE1147431,fwd,full-size,van,white,al
7306826799,birmingham,199,2017,dodge,charger,,,gas,21737,clean,automatic,,,,,,al
7306819258,birmingham,0,2015,ford,e350 bus,,,gas,55000,clean,automatic,,,,,,al
7306793614,birmingham,2300,1997,buick,lesabre,,6 cylinders,gas,201566,clean,automatic,1G4HR52KXVH453440,fwd,,,green,al
7306792875,birmingham,4950,2002,acura,rl,excellent,6 cylinders,gas,201000,clean,automatic,,,,sedan,,al
7306781109,birmingham,24990,2013,lexus,rx 350 sport utility 4d,good,6 cylinders,gas,27623,clean,other,JTJZK1BA2D2009576,fwd,,SUV,brown,al
7306782082,birmingham,4650,2002,chevrolet,trailblazer,excellent,6 cylinders,gas,139000,clean,automatic,,,,SUV,,al
7306768247,birmingham,21990,2017,infiniti,qx50 sport utility 4d,good,,other,27629,clean,automatic,JN1BJ0RP0HM384794,,,hatchback,blue,al
7306766642,birmingham,3950,2003,honda,civic ex,excellent,4 cylinders,gas,236890,clean,automatic,,,,,,al
7306741594,birmingham,11897,2013,gmc,terrain,,4 cylinders,gas,166458,clean,other,2GKALUEK4D6166455,fwd,,SUV,grey,al
7306741450,birmingham,14897,2012,jeep,grand cherokee,,6 cylinders,gas,112510,clean,other,1C4RJEAG7CC119745,rwd,,SUV,silver,al
7306715093,birmingham,25590,2018,mitsubishi,outlander phev sel,good,,other,25384,clean,other,JA4J24A52JZ032181,4wd,,other,black,al
7306708208,birmingham,1900,1999,buick,lesabre,,6 cylinders,gas,268994,clean,automatic,1G4HR52K4XH414622,fwd,,,,al
7306690950,birmingham,24800,2019,subaru,crosstrek,,4 cylinders,gas,15000,clean,automatic,,4wd,,,silver,al
7306684832,birmingham,34995,2017,ford,f250 sd xlt,,,gas,138052,clean,automatic,1FT7W2B61HEE45601,4wd,,,white,al
7306683018,birmingham,27590,2017,cadillac,xt5 luxury sport,good,,other,21360,clean,other,1GYKNBRSXHZ323483,fwd,,SUV,silver,al
7306670478,birmingham,50990,2017,mercedes-benz,s-class,,8 cylinders,gas,68643,clean,automatic,WDDUG8FB5HA318535,,,sedan,black,al
7306668118,birmingham,29950,2014,gmc,sierra 1500,excellent,8 cylinders,gas,139029,clean,automatic,,4wd,full-size,truck,black,al
7306647155,birmingham,44650,1942,,WILLYS MB,,,gas,30,clean,manual,,,,convertible,,al
7306636642,birmingham,28490,2020,nissan,murano,,,gas,6154,clean,automatic,5N1AZ2AJ2LN101363,fwd,,,blue,al
7306636641,birmingham,31968,2020,infiniti,q50,,,gas,27441,clean,automatic,JN1EV7AR9LM251385,,,,white,al
7306636586,birmingham,21334,2021,toyota,corolla,,,gas,7277,clean,automatic,5YFS4MCE4MP059799,fwd,,,white,al
7306630085,birmingham,26590,2017,infiniti,q70 3.7 sedan 4d,good,,other,34159,clean,automatic,JN1BY1AR5HM770805,,,sedan,,al
7306623109,birmingham,22950,2008,ram,3500,,,diesel,132162,clean,manual,3D7MX38A88G203369,4wd,,,red,al
7306623081,birmingham,3977,2002,volvo,s80,,,gas,114419,clean,automatic,YV1TS92D021272082,fwd,,,silver,al
7306615056,birmingham,1000,2021,,SPECIAL FINANCE PROGRAM 2021,fair,other,other,1400,clean,other,,,full-size,bus,green,al
7306593117,birmingham,32590,2013,lexus,ls 460 l sedan 4d,good,8 cylinders,gas,60271,clean,automatic,JTHDL5EF2D5005680,,,sedan,,al
7306588508,birmingham,2700,2004,nissan,maxima,good,6 cylinders,gas,200000,clean,automatic,,fwd,full-size,sedan,white,al
7306565136,birmingham,32990,2013,tesla,model s,,,electric,69961,clean,automatic,5YJSA1CP3DFP25751,rwd,,sedan,white,al
7306478192,birmingham,0,2006,cadillac,sts,,8 cylinders,gas,149033,clean,automatic,1G6DC67A860119663,rwd,,sedan,black,al
7306472445,birmingham,9800,2012,kia,soul,good,4 cylinders,gas,76117,clean,automatic,KNDJT2A53C7445782,fwd,mid-size,wagon,white,al
7306469701,birmingham,19900,2004,chevrolet,ssr,good,8 cylinders,gas,72333,clean,automatic,1GCES14P54B110212,rwd,full-size,pickup,silver,al
7306424341,birmingham,0,2013,acura,rdx,,6 cylinders,gas,186444,clean,automatic,5J8TB3H5XDL019721,fwd,,SUV,,al
7306423021,birmingham,6500,2011,toyota,camry xle,good,6 cylinders,gas,214000,clean,automatic,,,,sedan,black,al
7306356310,birmingham,3500,2009,hyundai,accent,,4 cylinders,gas,111387,rebuilt,automatic,KMHCN46C69U298613,fwd,,sedan,white,al
7306353067,birmingham,35500,2019,chevrolet,silverado 4x4,like new,8 cylinders,gas,7189,clean,automatic,2GCVKMEC4K1244686,4wd,full-size,truck,black,al
7306342905,birmingham,25000,2013,jeep,,excellent,,gas,111000,clean,automatic,,,,,black,al
7306325727,birmingham,0,2014,,Freightliner Cascadia,,,diesel,100,clean,automatic,,,,,,al
7306292125,birmingham,19995,2011,jeep,wrangler right hand drive,,,,87857,,manual,1J4BZ3H14BL602635,4wd,,SUV,,al
7306276653,birmingham,4250,2003,ford,crown victoria,,8 cylinders,gas,131282,clean,automatic,2FAFP74W93X151315,rwd,,sedan,red,al
7306271728,birmingham,6950,2002,ford,f350 super duty,excellent,8 cylinders,gas,240000,clean,automatic,,rwd,full-size,,white,al
7306251509,birmingham,2350,2001,gmc,safari slt,fair,6 cylinders,gas,250000,clean,automatic,,rwd,mid-size,van,brown,al
7306251399,birmingham,4980,2010,chevrolet,traverse,,,gas,208000,clean,automatic,,,,,,al
7306231804,birmingham,15590,2016,,Scion iM Hatchback 4D,good,,gas,32573,clean,other,JTNKARJE9GJ510268,fwd,,hatchback,green,al
7306231841,birmingham,15990,2016,,Scion iM Hatchback 4D,good,,gas,29652,clean,other,JTNKARJEXGJ517925,fwd,,hatchback,blue,al
7306210949,birmingham,6980,2008,mercedes-benz,benz c300,,,gas,148000,clean,automatic,,,,,,al
7306191878,birmingham,3999,2008,nissan,rogue,,4 cylinders,gas,197604,clean,automatic,JN8AS58V88W105085,4wd,,,blue,al
7306188002,birmingham,4625,2009,,Chevrolet/Trailblazer,excellent,6 cylinders,gas,199353,clean,automatic,,fwd,,,,al
7306172483,birmingham,29990,2018,acura,mdx sport utility 4d,good,,other,33727,clean,other,5J8YD3H30JL000010,,,SUV,silver,al
7306172391,birmingham,34590,2019,acura,mdx sh-awd sport utility,good,,other,27387,clean,other,5J8YD4H34KL004925,,,SUV,black,al
7306172314,birmingham,32990,2017,acura,mdx sh-awd sport utility,good,6 cylinders,gas,29322,clean,other,5J8YD4H54HL000710,,,SUV,white,al
7306153816,birmingham,14895,2015,audi,a3,,4 cylinders,gas,92822,clean,automatic,WAUBFGFF7F1091960,,,sedan,white,al
7306134436,birmingham,38750,2018,tesla,model 3,,,electric,14452,clean,automatic,,,,,,al
7306111194,birmingham,17989,2018,toyota,camry,,,gas,120943,clean,automatic,4T1B11HK3JU537162,fwd,,,silver,al
7306111168,birmingham,19425,2017,honda,accord,,,gas,34539,clean,automatic,1HGCR2F63HA165591,fwd,,,red,al
7306111148,birmingham,13595,2013,toyota,prius,,,gas,39949,clean,automatic,JTDKN3DUXD1727171,fwd,,,,al
7306108020,birmingham,10477,2012,ford,mustang,,,gas,139696,clean,manual,1ZVBP8AM0C5237354,rwd,,,black,al
7306107999,birmingham,4777,2007,kia,sedona,,,gas,127087,clean,automatic,KNDMB233476171743,fwd,,,blue,al
7306103912,birmingham,39500,2008,ford,f-650,like new,6 cylinders,diesel,13158,clean,manual,,rwd,full-size,truck,white,al
7306099993,birmingham,14990,2016,,Scion iM Hatchback 4D,good,,gas,65203,clean,other,JTNKARJE4GJ508198,fwd,,hatchback,red,al
7306098891,birmingham,26900,2016,dodge,grand caravan,,6 cylinders,gas,51510,clean,automatic,2C4RDGCG1GR274773,fwd,,,white,al
7306051221,birmingham,25495,2017,mercedes-benz,c-class,,4 cylinders,gas,42056,clean,automatic,55SWF4KB8HU214437,,,sedan,black,al
7306019391,birmingham,1300,1969,mercedes-benz,benz,,,gas,12774,clean,automatic,,,,,,al
7306002775,birmingham,7200,2014,hyundai,sonata,,,gas,101000,rebuilt,automatic,,,,,,al
7305965793,birmingham,12900,2013,nissan,frontier s king cab,good,4 cylinders,gas,47751,rebuilt,manual,1N6BD0CT7DN751279,rwd,full-size,pickup,silver,al
7305965022,birmingham,3999,2006,pontiac,grand prix,,6 cylinders,gas,207238,clean,automatic,2G2WP552061255472,fwd,,sedan,white,al
7305938792,birmingham,4795,2001,chevrolet,silverado,excellent,,gas,141005,clean,automatic,,,full-size,pickup,black,al
7305909848,birmingham,3500,2005,honda,odyssey,,6 cylinders,gas,197742,clean,automatic,5FNRL38785B000287,fwd,,van,silver,al
7305902080,birmingham,0,2014,ford,f550 4x4,,,diesel,0,clean,other,,,,other,white,al
7305902049,birmingham,6000,2012,honda,civic,,4 cylinders,gas,120000,rebuilt,automatic,,,,,silver,al
7305884251,birmingham,4500,2012,kia,soul,,,gas,120000,clean,automatic,,,,,silver,al
7305848451,birmingham,6950,2008,honda,civic exl,excellent,4 cylinders,gas,135000,clean,automatic,2HGFA16978H329516,fwd,mid-size,sedan,silver,al
7305847041,birmingham,5950,2008,honda,accord,excellent,4 cylinders,gas,190000,clean,automatic,JHMCP26468C032426,fwd,mid-size,sedan,grey,al
7305846211,birmingham,6350,2013,toyota,corolla le,excellent,4 cylinders,gas,184000,clean,automatic,5YFBU4EE7DP096004,fwd,mid-size,sedan,silver,al
7305838811,birmingham,3250,1997,ford,crown victoria,,8 cylinders,gas,210965,clean,automatic,2FALP73W6VX235633,rwd,,sedan,red,al
7305830482,birmingham,18900,2015,ford,f-150 supercab xlt,good,6 cylinders,gas,112165,clean,automatic,1FTEX1CP7FFD01645,rwd,full-size,truck,white,al
7305829824,birmingham,4900,2007,volkswagen,jetta gli fahrenheit,good,4 cylinders,gas,243730,clean,manual,3VWWJ71K67M176099,fwd,mid-size,sedan,yellow,al
7305829015,birmingham,16900,2017,chrysler,pacifica l,good,6 cylinders,gas,88987,clean,automatic,2C4RC1BG2HR539848,fwd,full-size,mini-van,silver,al
7305796028,birmingham,199,2017,dodge,charger,,,gas,21737,clean,automatic,,,,,,al
7305755171,birmingham,57590,2018,cadillac,escalade esv luxury,good,8 cylinders,gas,28453,clean,other,1GYS4HKJ0JR291365,4wd,,SUV,,al
7305754391,birmingham,4400,2003,lexus,rx 300,,6 cylinders,gas,193058,clean,automatic,JTJGF10UX30153153,fwd,,SUV,blue,al
7305748708,birmingham,5500,1988,mercedes-benz,560,fair,,diesel,177607,clean,manual,,,mid-size,convertible,white,al
7305726265,birmingham,4800,2010,chevrolet,malibu ls,like new,4 cylinders,gas,155071,clean,automatic,,fwd,full-size,sedan,white,al
7305700495,birmingham,45990,2018,mercedes-benz,e-class e 400,good,,other,29520,clean,other,WDD1J6GB6JF011665,,,coupe,black,al
7305700381,birmingham,18590,2018,hyundai,sonata sel sedan 4d,good,,gas,22075,clean,other,5NPE34AF7JH658815,fwd,,sedan,white,al
7305679046,birmingham,19995,2015,ford,transit 250,,,gas,150000,clean,automatic,,rwd,,,,al
7305668545,birmingham,2950,1963,chevrolet,corvair convertible,fair,4 cylinders,gas,1164,missing,manual,,rwd,compact,convertible,blue,al
7305665954,birmingham,4250,2007,chrysler,pt cruiser,,4 cylinders,gas,94093,clean,automatic,3A8FY68B77T582695,fwd,,sedan,red,al
7305659436,birmingham,0,2020,honda,pilot,excellent,6 cylinders,gas,15299,clean,automatic,5FNYF5H33LB004241,fwd,,SUV,white,al
7305652176,birmingham,27590,2018,alfa-romeo,romeo giulia sedan 4d,good,,gas,11007,clean,other,ZARFAEDN0J7565017,,,sedan,white,al
7305630376,birmingham,6500,2010,honda,accord,good,,gas,174000,clean,automatic,,,,sedan,grey,al
7305625501,birmingham,33990,2016,chevrolet,silverado 1500,,8 cylinders,,117895,clean,automatic,3GCUKSEC9GG266780,4wd,,pickup,white,al
7305621413,birmingham,0,2012,ram,3500 laramie 4x4,like new,6 cylinders,diesel,9999999,clean,automatic,,4wd,full-size,truck,red,al
7305617025,birmingham,0,2013,gmc,sierra 2500 hd denali 4x4,like new,8 cylinders,diesel,9999999,clean,automatic,,4wd,full-size,truck,red,al
7305615816,birmingham,0,2014,chevrolet,silverado z71 4x4,like new,8 cylinders,gas,9999999,clean,automatic,,4wd,full-size,truck,white,al
7305614933,birmingham,17990,2018,ford,edge sel,like new,6 cylinders,gas,101000,clean,automatic,,fwd,mid-size,SUV,blue,al
7305614401,birmingham,11990,2011,audi,a3 tdi premium plus,like new,4 cylinders,diesel,70000,clean,automatic,,fwd,mid-size,sedan,black,al
7305613532,birmingham,0,2014,ram,2500 slt 4x4,like new,6 cylinders,diesel,1111111,clean,automatic,,4wd,full-size,truck,white,al
7305612757,birmingham,25990,2008,ram,2500 mega cab 4x4,like new,6 cylinders,diesel,172000,clean,automatic,,4wd,full-size,truck,red,al
7305612073,birmingham,0,2018,chevrolet,silverado 3500 ltz 4x4,like new,8 cylinders,diesel,9999999,clean,automatic,,4wd,full-size,truck,black,al
7305607276,birmingham,0,2015,gmc,yukon denali xl,like new,8 cylinders,gas,1111111,clean,automatic,,rwd,full-size,SUV,grey,al
7305606661,birmingham,21590,2016,acura,rdx sport utility 4d,good,,other,37793,clean,automatic,5J8TB3H3XGL016949,fwd,,SUV,,al
7305601435,birmingham,0,2014,toyota,highlander limited awd,like new,6 cylinders,gas,88000,clean,automatic,,4wd,mid-size,SUV,custom,al
7305596098,birmingham,0,2015,ford,f150 platinum 4x4,like new,6 cylinders,gas,1111111,clean,automatic,,4wd,full-size,truck,silver,al
7305589846,birmingham,0,2014,ford,f150 xlt 4x4,like new,8 cylinders,gas,8888888,clean,automatic,,4wd,full-size,truck,blue,al
7305582284,birmingham,37998,2020,nissan,maxima,,,gas,23783,clean,automatic,1N4AA6FV0LC373152,fwd,,,blue,al
7305582271,birmingham,26589,2019,nissan,frontier,,,gas,7067,clean,automatic,1N6DD0ER1KN781465,rwd,,,black,al
7305582273,birmingham,26500,2019,nissan,altima,,,gas,13544,clean,automatic,1N4AL4FV2KC256492,fwd,,,,al
7305579239,birmingham,40888,2020,jeep,gladiator,like new,6 cylinders,gas,27955,clean,automatic,,4wd,mid-size,SUV,black,al
7305578892,birmingham,1000,2021,,SPECIAL FINANCE PROGRAM 2021,fair,other,other,1400,clean,other,,,full-size,bus,green,al
7305578237,birmingham,10477,2018,nissan,versa,,,gas,58050,clean,automatic,3N1CN7AP7JL813622,fwd,,,,al
7305578187,birmingham,14777,2003,mercedes-benz,sl-class,,,gas,87180,clean,automatic,WDBSK75F63F019774,rwd,,,silver,al
7305575903,birmingham,29500,2018,mercedes-benz,benz,like new,,gas,18000,clean,manual,,,,sedan,white,al
7305542284,birmingham,14990,2019,kia,soul wagon 4d,good,,gas,7007,clean,other,KNDJN2A27K7012206,fwd,,wagon,black,al
7305531803,birmingham,3500,2001,buick,park avenue,good,6 cylinders,gas,1000,clean,automatic,,fwd,full-size,sedan,brown,al
7305517981,birmingham,29500,2016,ford,mustang,,8 cylinders,gas,36772,clean,automatic,1FA6P8CF7G5283231,rwd,,coupe,blue,al
7305435075,birmingham,2450,2001,ford,taurus,,6 cylinders,gas,161662,clean,automatic,1FAFP55U71A194378,fwd,,sedan,green,al
7305412372,birmingham,7900,1987,mercury,grand marquis,,,gas,83000,clean,automatic,,,,,,al
7305410023,birmingham,3900,1977,ford,f-150,,,gas,100000,clean,manual,,,,,,al
7305386288,birmingham,3500,2006,ford,freestyle,,6 cylinders,gas,214775,clean,automatic,1FMZK02146GA31559,fwd,,SUV,blue,al
7305377226,birmingham,38000,2020,chevrolet,colorado crew cab lt,like new,4 cylinders,diesel,8932,clean,automatic,,rwd,mid-size,pickup,white,al
7305373718,birmingham,7980,2009,nissan,maxima,,6 cylinders,gas,163837,,automatic,1N4AA51E69C841542,fwd,,sedan,grey,al
7305355147,birmingham,5980,2010,ford,fusion,,4 cylinders,gas,178753,,manual,3FAHP0HA8AR254400,fwd,,sedan,red,al
7305335644,birmingham,6980,2010,nissan,pathfinder,,6 cylinders,gas,186334,,manual,5N1AR1NN3AC600236,rwd,,SUV,grey,al
7305325474,birmingham,3850,2003,dodge,durango,,8 cylinders,gas,215604,clean,automatic,1D4HR38N13F620886,rwd,,SUV,blue,al
7305314961,birmingham,0,2012,chevrolet,traverse,,6 cylinders,gas,133167,,automatic,1GNKRFED8CJ339608,fwd,,SUV,white,al
7305293615,birmingham,5980,2009,buick,enclave,,6 cylinders,gas,160419,,manual,5GAER13D89J193779,rwd,,SUV,silver,al
7305271229,birmingham,3850,2004,nissan,titan,,8 cylinders,gas,319746,,automatic,1N6AA06B84N529244,4wd,,pickup,red,al
7305238032,birmingham,3800,2003,chrysler,pt cruiser gt,good,4 cylinders,gas,150000,clean,automatic,,,mid-size,sedan,,al
7305237464,birmingham,36590,2018,audi,q5 prestige sport utility,good,,gas,32409,clean,other,WA1CNAFY2J2139581,,,SUV,red,al
7305237407,birmingham,28990,2018,lincoln,mkx select sport utility,good,6 cylinders,gas,27343,clean,other,2LMPJ8KR4JBL11498,,,SUV,,al
7305229359,birmingham,5800,2012,ford,escape,excellent,4 cylinders,gas,160000,clean,automatic,,fwd,mid-size,SUV,silver,al
7305221733,birmingham,4500,2006,honda,civic,good,4 cylinders,gas,170000,clean,automatic,,fwd,mid-size,sedan,white,al
7305221156,birmingham,4200,2007,honda,odyssey,good,6 cylinders,gas,195000,clean,automatic,,fwd,mid-size,mini-van,green,al
7305221147,birmingham,13400,2012,nissan,murano sl,,,gas,90255,clean,automatic,,,,SUV,white,al
7305220570,birmingham,15000,2003,volvo,vnl 780,good,,diesel,1000000,clean,manual,,,full-size,truck,white,al
7305219766,birmingham,55000,2002,,freightliner fl60,excellent,,diesel,110000,clean,automatic,,,mid-size,truck,white,al
7305218100,birmingham,5500,2008,ford,focus,excellent,6 cylinders,gas,115000,clean,automatic,,,mid-size,sedan,,al
7305217525,birmingham,5500,2009,jeep,patriot,good,6 cylinders,gas,158000,clean,automatic,,rwd,mid-size,SUV,silver,al
7305217058,birmingham,4500,2008,dodge,durango,excellent,8 cylinders,gas,190000,clean,automatic,,rwd,full-size,SUV,,al
7305165451,birmingham,25590,2017,jaguar,xf 20d premium sedan 4d,good,,other,27662,clean,automatic,SAJBD4BN2HCY32254,rwd,,sedan,white,al
7305165413,birmingham,35990,2019,bmw,5 series 530e xdrive,good,,gas,19260,clean,other,WBAJB1C56KB375682,,,sedan,white,al
7305144996,birmingham,8500,1968,ford,fairlane ranchero,excellent,8 cylinders,gas,100000,clean,automatic,,fwd,compact,other,green,al
7305144788,birmingham,16990,2015,honda,accord sedan,,6 cylinders,gas,82023,clean,automatic,1HGCR3F83FA035024,fwd,,sedan,white,al
7305121999,birmingham,35990,2020,infiniti,q60 3.0t pure coupe 2d,good,6 cylinders,gas,8677,clean,other,JN1EV7EK2LM340938,rwd,,coupe,black,al
7305114567,birmingham,3000,2002,buick,lesabre,excellent,6 cylinders,gas,101000,clean,automatic,1G4HP54K724165493,fwd,mid-size,sedan,,al
7305114571,birmingham,38500,2019,infiniti,q60,,,gas,17182,clean,automatic,JN1EV7EL3KM291434,,,,blue,al
7305114542,birmingham,21988,2016,ford,edge,,,gas,49992,clean,automatic,2FMPK3K83GBB47897,fwd,,,,al
7305114536,birmingham,15988,2017,hyundai,veloster,,,gas,24546,clean,automatic,KMHTC6AD9HU323343,fwd,,,silver,al
7305111890,birmingham,21977,2017,chevrolet,express 3500,,,gas,42760,clean,automatic,1GAZGPFG9H1151840,rwd,,,white,al
7305111847,birmingham,30477,2016,chevrolet,tahoe,,,gas,98256,clean,automatic,1GNSCBKC9GR340456,,,,red,al
7305087629,birmingham,30990,2018,lexus,nx 300h sport utility 4d,good,,hybrid,27205,clean,automatic,JTJBJRBZXJ2094073,,,hatchback,silver,al
7305064413,birmingham,14395,2016,kia,soul,,4 cylinders,gas,32819,clean,automatic,KNDJP3A51G7852936,fwd,,wagon,silver,al
7305001218,birmingham,4300,2012,kia,soul,,4 cylinders,gas,174053,clean,automatic,KNDJT2A56C7421511,fwd,,wagon,silver,al
7304975226,birmingham,3650,2006,chevrolet,trailblazer,,6 cylinders,gas,184925,clean,automatic,1GNDT13S562337358,4wd,,SUV,,al
7304943462,birmingham,3650,2008,chevrolet,impala,,6 cylinders,,149186,clean,automatic,2G1WT55KX89190263,fwd,,sedan,grey,al
7304939955,birmingham,34850,2017,nissan,titan xd pro 4x,good,8 cylinders,gas,50000,clean,automatic,,4wd,,,black,al
7304936759,birmingham,12500,2008,ford,ranger xlt,excellent,6 cylinders,gas,141345,clean,automatic,,rwd,,truck,grey,al
7304933010,birmingham,6995,2011,volkswagen,jetta sel,excellent,5 cylinders,gas,172752,clean,automatic,,fwd,,sedan,black,al
7304930793,birmingham,18950,2010,ford,f150 lariat supercrew 4x4,good,8 cylinders,gas,151403,clean,automatic,,4wd,,pickup,black,al
7304928623,birmingham,12950,2005,bmw,z4,excellent,6 cylinders,gas,69586,clean,automatic,,rwd,,convertible,white,al
7304925415,birmingham,7480,2013,hyundai,sonata,,4 cylinders,gas,117271,,automatic,5NPEB4AC2DH527384,fwd,,sedan,blue,al
7304923833,birmingham,10950,2009,lexus,rx350,excellent,6 cylinders,gas,191955,clean,automatic,,4wd,full-size,SUV,white,al
7304922384,birmingham,4950,2011,ford,taurus se,,,gas,104244,rebuilt,automatic,,,,,,al
7304921716,birmingham,13950,2006,lexus,gx470,good,8 cylinders,gas,178790,clean,automatic,,4wd,full-size,SUV,,al
7304906285,birmingham,3650,2008,hyundai,elantra,,4 cylinders,gas,137161,rebuilt,manual,KMHDU46D18U458458,fwd,,sedan,grey,al
7304906223,birmingham,5980,2013,jeep,patriot,,4 cylinders,gas,106290,,manual,1C4NJPBA7DD260203,fwd,,SUV,white,al
7304896067,birmingham,9800,2007,chevrolet,tahoe,good,,gas,220780,clean,automatic,,,full-size,,silver,al
7304888974,birmingham,27500,2018,acura,tlx,good,6 cylinders,gas,21115,clean,automatic,19UUB2F54JA012739,fwd,,sedan,black,al
7304888907,birmingham,19900,2018,kia,sportage,good,4 cylinders,gas,35823,clean,automatic,KNDPN3AC4J7344398,fwd,full-size,SUV,black,al
7304888869,birmingham,17900,2013,ram,1500,good,8 cylinders,gas,153943,clean,automatic,1C6RR7GT0DS689917,4wd,full-size,truck,white,al
7304888853,birmingham,14900,2015,subaru,xv crosstrek,good,4 cylinders,gas,97061,clean,automatic,JF2GPAMC8F8246097,4wd,full-size,SUV,orange,al
7304888822,birmingham,20900,2013,ford,f-150,good,6 cylinders,gas,152233,clean,automatic,1FTFW1ET1DKE39106,4wd,full-size,truck,grey,al
7304885189,birmingham,5980,2006,chrysler,300,,8 cylinders,gas,160566,,automatic,2C3KA63H96H518644,rwd,,sedan,white,al
7304884810,birmingham,7400,2007,lexus,rx350,good,6 cylinders,gas,181000,clean,automatic,2T2GK31U57C025466,fwd,mid-size,SUV,white,al
7304879531,birmingham,12900,2015,volkswagen,passat,excellent,4 cylinders,diesel,74400,clean,automatic,1NXBU40E79Z035670,fwd,mid-size,sedan,white,al
7304871964,birmingham,3900,2001,honda,civic,,4 cylinders,gas,144000,clean,automatic,1HGES16551L064786,fwd,compact,sedan,black,al
7304871378,birmingham,7500,2011,kia,soul,excellent,4 cylinders,gas,51000,clean,automatic,KNDJT2A23B7709278,fwd,compact,SUV,silver,al
7304863686,birmingham,5500,2007,toyota,yaris,excellent,4 cylinders,gas,51000,clean,manual,JTDJT923675130076,fwd,compact,hatchback,blue,al
7304863364,birmingham,5980,2008,chevrolet,impala,,6 cylinders,,165596,,automatic,2G1WT58K989262310,fwd,,sedan,black,al
7304863260,birmingham,3525,2005,mercedes-benz,c-class,,4 cylinders,gas,79101,clean,automatic,WDBRF40J55F569287,rwd,,sedan,silver,al
7304860086,birmingham,6500,2013,volkswagen,jetta,excellent,4 cylinders,gas,135000,clean,automatic,3VWDX7AJ0DM207663,fwd,compact,sedan,,al
7304851381,birmingham,13500,2011,audi,q7,good,,gas,145000,clean,automatic,,,,,,al
7304840112,birmingham,6980,2008,mercedes-benz,c-class,,6 cylinders,gas,148095,,automatic,WDDGF54X38F132654,rwd,,sedan,black,al
7304815758,birmingham,5980,2005,nissan,xterra,,6 cylinders,gas,198576,,manual,5N1AN08W65C610629,,,SUV,silver,al
7304815618,birmingham,3450,2007,ford,taurus,,6 cylinders,gas,164421,clean,automatic,1FAFP53U87A108605,fwd,,sedan,,al
7304803940,birmingham,20000,2014,jeep,grand cherokee,like new,,gas,167821,clean,automatic,,,,SUV,white,al
7304789522,birmingham,7980,2008,nissan,titan,,8 cylinders,,200850,,automatic,1N6BA06A18N315813,rwd,,pickup,white,al
7304783155,birmingham,28590,2017,dodge,challenger r/t shaker,good,,other,65817,clean,other,2C3CDZBT7HH578735,rwd,,coupe,green,al
7304763306,birmingham,5480,2005,dodge,durango,,8 cylinders,gas,178667,,automatic,1D4HD48N95F540954,rwd,,SUV,,al
7304763219,birmingham,2800,2006,ford,taurus,,6 cylinders,gas,230108,clean,automatic,1FAFP53U56A238775,fwd,,sedan,white,al
7304755268,birmingham,0,2013,rover,evoque,,,gas,112000,clean,automatic,,,,,,al
7304750558,birmingham,41990,2019,toyota,4runner limited,good,6 cylinders,gas,32326,clean,other,JTEZU5JR2K5198622,,,SUV,black,al
7304743807,birmingham,11400,2013,kia,sportage,,4 cylinders,gas,92986,clean,other,KNDPBCA2XD7460869,4wd,,SUV,blue,al
7304743503,birmingham,11587,2013,ford,escape,,4 cylinders,gas,215046,clean,other,1FMCU0J92DUD22213,fwd,,SUV,black,al
7304736829,birmingham,6980,2006,infiniti,g35 sedan,,6 cylinders,gas,144632,,automatic,JNKCV51F96M615144,,,sedan,grey,al
7304710477,birmingham,4450,2004,cadillac,srx,,6 cylinders,gas,144850,clean,automatic,1GYDE637940132303,rwd,,SUV,white,al
7304710296,birmingham,7980,2009,bmw,x5,,6 cylinders,gas,123000,,manual,5UXFE43579L269262,rwd,,SUV,grey,al
7304691719,birmingham,36590,2017,chevrolet,tahoe lt sport utility,good,,other,60476,clean,other,1GNSCBKC1HR284238,,,SUV,silver,al
7304691684,birmingham,18590,2017,toyota,camry le sedan 4d,good,,gas,30223,clean,other,4T1BF1FK4HU421581,fwd,,sedan,silver,al
7304691593,birmingham,15990,2018,ford,focus se hatchback 4d,good,,other,14178,clean,other,1FADP3K25JL291324,,,hatchback,white,al
7304691491,birmingham,53700,,,ierra 1500,,8 cylinders,gas,35676,,automatic,3GTP9EED8LG120707,4wd,,pickup,grey,al
7304667285,birmingham,29980,2016,infiniti,qx80,,8 cylinders,gas,113427,clean,automatic,JN8AZ2NF7G9611673,rwd,,SUV,white,al
7304633761,birmingham,7988,2014,toyota,yaris,,,gas,94109,clean,automatic,JTDJTUD37ED582444,fwd,,,red,al
7304633749,birmingham,12654,2014,chevrolet,traverse,,,gas,106986,clean,automatic,1GNKRFED6EJ110332,fwd,,,,al
7304633710,birmingham,37988,2020,nissan,armada,,,gas,10981,clean,automatic,JN8AY2ND1LX015482,rwd,,,silver,al
7304629471,birmingham,30777,2015,chevrolet,suburban,,,gas,100124,clean,automatic,1GNSKKKC0FR573238,4wd,,,black,al
7304629453,birmingham,4177,2004,hyundai,sonata,,,gas,127131,clean,automatic,KMHWF25S64A926445,fwd,,,black,al
7304619784,birmingham,1000,2021,,SPECIAL FINANCE PROGRAM 2021,fair,other,other,1400,clean,other,,,full-size,bus,green,al
7304604496,birmingham,21590,2016,dodge,charger sxt sedan 4d,good,,other,45097,clean,automatic,2C3CDXHG0GH346216,rwd,,sedan,silver,al
7304572221,birmingham,35990,2016,ford,f-150,,6 cylinders,gas,57838,clean,automatic,1FTFW1EGXGFA01765,4wd,,pickup,black,al
7304529114,birmingham,5400,2001,ram,1500,like new,8 cylinders,gas,198000,clean,automatic,,,full-size,truck,silver,al
7304500210,birmingham,3999,2006,honda,accord sedan,,4 cylinders,gas,253076,clean,automatic,3HGCM56406G701183,fwd,,sedan,silver,al
7304470843,birmingham,2999,2007,ford,taurus,,6 cylinders,gas,162029,clean,automatic,1FAFP56U47A197052,fwd,,sedan,blue,al
7304456148,birmingham,35900,2020,ram,1500 big horn,good,8 cylinders,gas,21028,clean,automatic,1C6RREBT3LN274924,rwd,full-size,pickup,silver,al
7304435771,birmingham,4425,2004,honda,accord sedan,,4 cylinders,gas,192275,clean,automatic,1HGCM56694A166593,fwd,,sedan,black,al
7304435160,birmingham,5950,2013,nissan,altima,,,gas,114194,rebuilt,automatic,,,,,,al
7304425727,birmingham,13995,2006,chevrolet,silverado 2500hd,,,diesel,215000,clean,automatic,,rwd,,,,al
7304395361,birmingham,2999,2005,ford,taurus,,6 cylinders,gas,226797,clean,automatic,1FAFP56U35A285359,fwd,,sedan,white,al
7304350003,birmingham,4475,2008,hyundai,sonata,,4 cylinders,gas,116916,clean,automatic,5NPET46C08H344755,fwd,,sedan,blue,al
7304344676,birmingham,31995,2012,ford,f350 super duty,,,gas,24692,clean,automatic,1FDRF3G64CED01178,,,,white,al
7304301821,birmingham,3450,2002,chrysler,300m,,6 cylinders,gas,144934,clean,automatic,2C3HE66G22H190124,fwd,,sedan,,al
7304251213,birmingham,50980,,,olet Silverado 2500HD,,8 cylinders,diesel,50954,,automatic,1GC1KSEY9KF178482,4wd,,pickup,white,al
7304249613,birmingham,3399,2006,buick,lacrosse,,6 cylinders,gas,160218,clean,automatic,2G4WD582061211256,fwd,,sedan,blue,al
7304230460,birmingham,49897,2021,toyota,tundra,,8 cylinders,gas,15965,clean,other,5TFDY5F13MX969988,4wd,,truck,white,al
7304230291,birmingham,15897,2017,hyundai,veloster,,4 cylinders,gas,30844,clean,other,KMHTC6AD0HU317480,fwd,,coupe,red,al
7304229921,birmingham,24990,2018,bmw,3 series 330i xdrive sedan,good,,gas,34454,clean,automatic,WBA8D9G5XJNU68848,,,sedan,black,al
7304229871,birmingham,40990,2017,jeep,wrangler unlimited rubicon,good,,other,30092,clean,other,1C4BJWFG7HL558919,4wd,,other,black,al
7304196924,birmingham,3600,2002,honda,accord sedan,,4 cylinders,gas,272068,clean,automatic,1HGCG566X2A036326,fwd,,sedan,blue,al
7304180250,birmingham,0,2014,,Freightliner Cascadia,,,diesel,100,clean,automatic,,,,,,al
7304171423,birmingham,24590,2018,bmw,3 series 330i xdrive sedan,good,,other,38872,clean,other,WBA8D9G53JNU69355,,,sedan,black,al
7304161888,birmingham,14900,2005,,KW T800,,,diesel,771000,clean,manual,,,,,white,al
7304158723,birmingham,26500,2014,gmc,sierra 1500,,8 cylinders,,162934,clean,automatic,3GTU2VEC9EG380938,4wd,,pickup,white,al
7304150148,birmingham,27900,2018,ford,f250,,8 cylinders,gas,159911,clean,automatic,,4wd,,,white,al
7304148916,birmingham,21800,2018,ford,f150,,8 cylinders,gas,143603,clean,automatic,,4wd,,,silver,al
7304147466,birmingham,22900,2016,ford,transit t250,,6 cylinders,gas,95900,clean,automatic,,rwd,,,white,al
7304123429,birmingham,32990,2020,jeep,wrangler sport suv 2d,good,,gas,20205,clean,other,1C4GJXAN4LW180633,4wd,,SUV,silver,al
7304117476,birmingham,34590,2020,mercedes-benz,c-class c 300,good,,gas,17061,clean,other,WDDWF8DB4LR563562,rwd,,sedan,white,al
7304114286,birmingham,16427,2014,honda,cr-v,,,gas,59216,clean,automatic,5J6RM3H7XEL013613,fwd,,,red,al
7304114287,birmingham,23663,2017,honda,pilot,,,gas,100357,clean,automatic,5FNYF5H52HB000027,fwd,,,white,al
7304114264,birmingham,30292,2017,toyota,tacoma,,,gas,48697,clean,automatic,5TFAZ5CN5HX043072,rwd,,,,al
7304114266,birmingham,17656,2017,hyundai,santa fe sport,,,gas,83636,clean,automatic,5NMZU4LA7HH043317,fwd,,,white,al
7304109767,birmingham,4477,2000,honda,accord,,,gas,129865,clean,automatic,1HGCG1652YA033347,fwd,,,green,al
7304109759,birmingham,15777,2010,,Freightliner Sprinter 3500,,,gas,172052,clean,automatic,WDPPF3CC9A9436386,,,,white,al
7304109313,birmingham,40988,2020,jeep,gladiator,like new,6 cylinders,gas,27955,clean,automatic,,4wd,mid-size,SUV,black,al
7304109196,birmingham,1000,2021,,SPECIAL FINANCE PROGRAM 2021,fair,other,other,1400,clean,other,,,full-size,bus,green,al
7304095845,birmingham,24995,2011,chevrolet,silverado 2500hd,,,diesel,201000,clean,automatic,,4wd,,,,al
7304082794,birmingham,23590,2018,subaru,crosstrek 2.0i limited,good,,gas,44201,clean,automatic,JF2GTAJC2JH266273,,,hatchback,blue,al
7304050794,birmingham,29890,,,ai Santa Fe,,6 cylinders,gas,30934,clean,automatic,KM8SR4HF6JU283377,fwd,,SUV,white,al
7303965456,birmingham,3650,2008,kia,rio,,4 cylinders,gas,115124,clean,automatic,KNADE123786319837,fwd,,sedan,silver,al
7303936250,birmingham,1,1999,,"1999 ply,prowler",good,8 cylinders,gas,1000,salvage,automatic,,rwd,compact,convertible,black,al
7303933786,birmingham,3500,2003,toyota,camry,good,4 cylinders,gas,237000,clean,automatic,,,,,,al
7303911108,birmingham,3800,2006,kia,optima,,6 cylinders,gas,112412,clean,automatic,KNAGE124165069150,fwd,,sedan,grey,al
7303907888,birmingham,31995,2016,chevrolet,silverado 1500 lt crew cab long box 4wd,,,gas,94526,,automatic,3GCUKREC4GG347677,4wd,,pickup,,al
7303855878,birmingham,0,2014,,Freightliner Cascadia,,,diesel,100,clean,automatic,,,,,,al
7303850049,birmingham,27900,2011,gmc,sierra,,,diesel,215000,clean,automatic,,,,,,al
7303844694,birmingham,0,2013,gmc,sierra 2500 hd denali 4x4,like new,8 cylinders,diesel,9999999,clean,automatic,,4wd,full-size,truck,red,al
7303843536,birmingham,0,2014,chevrolet,silverado z71 4x4,like new,8 cylinders,gas,9999999,clean,automatic,,4wd,full-size,truck,white,al
7303843241,birmingham,3500,1991,honda,accord,,4 cylinders,gas,153919,clean,automatic,1HGCB7664MA158760,fwd,,sedan,blue,al
7303843116,birmingham,5980,2013,jeep,patriot,,,gas,106000,clean,automatic,,,,,,al
7303842921,birmingham,0,2014,toyota,highlander limited awd,like new,6 cylinders,gas,80000,clean,automatic,,4wd,mid-size,SUV,grey,al
7303830584,birmingham,5980,2006,chevrolet,impala lt,,,gas,165000,clean,automatic,,,,,,al
7303825699,birmingham,5980,2005,nissan,xterra,,,gas,198000,clean,automatic,,,,,,al
7303819855,birmingham,6980,2010,nissan,pathfinder,,,gas,186000,clean,automatic,,,,,,al
7303800718,birmingham,9995,2011,toyota,prius prius v,,,,104087,,other,JTDKN3DU5B0273141,fwd,,hatchback,silver,al
7303799544,birmingham,27995,2014,ram,1500 sport crew cab lwb 4wd,,,,86325,,automatic,1C6RR7UT6ES166228,4wd,,pickup,,al
7303798440,birmingham,29995,2016,jeep,wrangler unlimited sport 4wd,,,,65203,,manual,1C4BJWDG0GL320573,4wd,,SUV,,al
7303797325,birmingham,26995,2014,ford,f-150 xl supercrew 6.5-ft. bed 4wd,,,,119981,,automatic,1FTFW1EF6EKG29978,4wd,,pickup,,al
7303796216,birmingham,26995,2017,ford,f-150 xl supercrew 5.5-ft. bed 4wd,,,,142288,,automatic,1FTFW1EF1HKE53975,4wd,,pickup,,al
7303795070,birmingham,25995,2014,chevrolet,silverado 1500 work truck 2wt crew cab long box 4w,,,,91852,,automatic,3GCUKPECXEG302292,4wd,,pickup,,al
7303793865,birmingham,32995,2018,chevrolet,silverado 1500 ls crew cab long box 4wd,,,,82233,,automatic,1GCUKNEC5JF175922,4wd,,pickup,,al
7303789204,birmingham,57850,2016,chevrolet,corvette,,,gas,1281,clean,automatic,1G1YD3D77G5115393,,,coupe,,al
7303779213,birmingham,14590,2012,bmw,1 series 128i coupe 2d,good,,other,80465,clean,other,WBAUP9C53CVL91190,,,coupe,black,al
7303766063,birmingham,3450,2001,acura,tl,,6 cylinders,gas,204764,clean,automatic,19UUA566X1A013214,fwd,,sedan,black,al
7303764426,birmingham,18800,2018,cadillac,xts,,6 cylinders,gas,94617,clean,automatic,,fwd,,,black,al
7303753368,birmingham,23990,2017,lincoln,mkz reserve sedan 4d,good,,gas,28565,clean,other,3LN6L5E96HR662842,fwd,,sedan,,al
7303734543,birmingham,29990,2018,alfa-romeo,romeo stelvio ti sport,good,,other,26978,clean,other,ZASFAKBN3J7B64774,,,hatchback,,al
7303734534,birmingham,39990,2020,lincoln,corsair reserve sport,good,,gas,7469,clean,other,5LMCJ2C97LUL00172,fwd,,other,blue,al
7303734535,birmingham,28990,2018,infiniti,qx60 3.5 sport utility,good,6 cylinders,gas,32458,clean,other,5N1DL0MN7JC500375,fwd,,SUV,black,al
7303728101,birmingham,25590,2020,buick,encore gx select sport,good,,gas,1113,clean,automatic,KL4MMDSL6LB104869,fwd,,SUV,red,al
7303728061,birmingham,20590,2018,chrysler,300 limited sedan 4d,good,6 cylinders,gas,71021,clean,other,2C3CCAEG6JH123125,rwd,,sedan,black,al
7303715185,birmingham,35897,2016,gmc,sierra 1500,,8 cylinders,gas,81139,clean,other,3GTU2MECXGG169325,4wd,,truck,white,al
7303714633,birmingham,11897,2014,ford,explorer,,6 cylinders,gas,139281,clean,other,1FM5K7B80EGB40068,fwd,,SUV,red,al
7303707131,birmingham,0,2015,ford,f250 lariat 4x4,like new,8 cylinders,diesel,1111111,clean,automatic,,4wd,full-size,truck,black,al
7303700272,birmingham,5750,2014,jeep,patriot sport,,,gas,105062,rebuilt,automatic,,,,,,al
7303684319,birmingham,0,2016,ram,3500 laramie 4x4,like new,6 cylinders,diesel,127000,clean,automatic,,4wd,full-size,truck,black,al
7303680804,birmingham,3475,2005,cadillac,escalade,,8 cylinders,gas,259337,clean,automatic,1GYEK63NX5R191188,,,SUV,white,al
7303674058,birmingham,0,2015,gmc,sierra 1500 slt 4x4,like new,8 cylinders,gas,1111111,clean,automatic,,4wd,full-size,truck,white,al
7303668833,birmingham,0,2014,ford,f150 xlt 4x4,like new,8 cylinders,gas,1111111,clean,automatic,,4wd,full-size,truck,blue,al
7303642038,birmingham,36495,2017,rover,discovery sport,,4 cylinders,gas,88,clean,automatic,SALCR2BG9HH697182,4wd,,SUV,white,al
7303640391,birmingham,20300,2017,ford,transit 150,excellent,6 cylinders,gas,141625,clean,automatic,1FTYE1YM5HKA37305,rwd,full-size,van,white,al
7303640392,birmingham,29600,2019,gmc,savana,like new,8 cylinders,gas,30052,clean,automatic,1GTW7AFG6K1269892,rwd,full-size,van,white,al
7303640395,birmingham,9500,2014,ford,transit connect,excellent,4 cylinders,gas,219581,clean,automatic,NM0LS7F7XE1147431,fwd,full-size,van,white,al
7303640373,birmingham,36700,2019,ford,transit 250,excellent,6 cylinders,gas,14985,clean,automatic,1FTYR2CMXKKB66522,rwd,full-size,van,white,al
7303640381,birmingham,37900,2020,chevrolet,silverado 1500,like new,8 cylinders,gas,5622,clean,automatic,3GCPWAEF0LG200571,rwd,full-size,truck,white,al
7303640383,birmingham,32800,2018,ford,transit,excellent,6 cylinders,gas,43479,clean,automatic,1FBAX2CGXJKA55456,rwd,full-size,van,white,al
7303640386,birmingham,31900,2019,ford,transit 250,excellent,6 cylinders,gas,29497,clean,automatic,1FTYR1ZM0KKA42423,rwd,full-size,van,white,al
7303640387,birmingham,38300,2020,ford,transit,like new,6 cylinders,gas,7540,clean,automatic,1FTBR1C87LKB10770,rwd,full-size,van,white,al
7303640365,birmingham,34800,2019,ford,transit,excellent,6 cylinders,gas,31020,clean,automatic,1FTYR2CM1KKB38768,rwd,full-size,van,white,al
7303640367,birmingham,24900,2016,ford,econoline,excellent,8 cylinders,gas,122238,clean,automatic,1FDWE3FL1GDC16856,rwd,full-size,truck,white,al
7303615645,birmingham,45200,2017,bmw,640i coupe,like new,6 cylinders,gas,35109,clean,automatic,,,,,white,al
7303600369,birmingham,32590,2020,,Genesis G70 2.0T Sedan 4D,good,,other,4171,clean,other,KMTG64LA2LU056383,,,sedan,white,al
7303596858,birmingham,39888,2019,honda,civic type r,like new,,gas,9528,clean,manual,SHHFK8G79KU202456,,,hatchback,,al
7303596812,birmingham,16902,2020,toyota,corolla,,,gas,11692,clean,automatic,5YFDPRAE6LP106166,fwd,,,black,al
7303596768,birmingham,16598,2015,ford,explorer,,,gas,97987,clean,automatic,1FM5K7D89FGB36762,fwd,,,,al
7303596756,birmingham,18444,2015,lincoln,mkc,,,gas,68953,clean,automatic,5LMTJ2AH3FUJ33050,,,,black,al
7303593163,birmingham,11977,2014,nissan,pathfinder,,,gas,131033,clean,automatic,5N1AR2MN4EC715957,fwd,,,silver,al
7303593075,birmingham,9277,2005,lexus,ls 430,,,gas,130586,clean,automatic,JTHBN36F155008138,rwd,,,black,al
7303575265,birmingham,3200,1997,honda,crv ex awd,good,4 cylinders,gas,155000,clean,automatic,,4wd,mid-size,SUV,black,al
7303564841,birmingham,10990,2013,nissan,sentra s sedan 4d,good,,gas,81557,clean,other,3N1AB7AP2DL658501,fwd,,sedan,red,al
7303533186,birmingham,26495,,,des-Benz CLA,,4 cylinders,gas,42455,clean,automatic,WDDSJ4GB1JN582155,,,sedan,white,al
7303522197,birmingham,11999,2013,audi,a4 2.0t premium plus,like new,4 cylinders,gas,96000,clean,automatic,,,mid-size,sedan,blue,al
7303463961,birmingham,37995,2016,ford,f-250,,,diesel,130000,clean,automatic,,,,,,al
7303450166,birmingham,7200,1993,pontiac,firebird trans am,good,8 cylinders,gas,111000,clean,automatic,,rwd,,coupe,green,al
7303447527,birmingham,17900,2011,chevrolet,camaro ss,good,8 cylinders,gas,133847,clean,manual,2G1FS1EW2B9148336,rwd,full-size,coupe,white,al
7303445129,birmingham,4499,2010,ford,crown victoria,,8 cylinders,gas,138895,rebuilt,automatic,2FABP7BV0AX106334,rwd,,sedan,white,al
7303437430,birmingham,15900,2011,jeep,wrangler,excellent,6 cylinders,gas,165000,clean,automatic,,4wd,,SUV,black,al
7303395045,birmingham,4500,2012,chevrolet,malibu,good,4 cylinders,gas,160000,clean,automatic,,fwd,,sedan,brown,al
7303394572,birmingham,12000,2008,toyota,4runner,good,,gas,196000,clean,automatic,,,,,,al
7303390388,birmingham,0,2006,honda,civic sedan,,4 cylinders,gas,166822,clean,automatic,1HGFA16516L130930,fwd,,sedan,silver,al
7303339460,birmingham,7450,2004,toyota,4runner sr5,like new,6 cylinders,gas,218000,clean,automatic,JTEZU14RX48014579,rwd,mid-size,SUV,grey,al
7303321930,birmingham,32990,2018,ford,f150 super cab xlt pickup,good,8 cylinders,gas,20558,clean,other,1FTEX1C59JKD43720,,,pickup,,al
7303321426,birmingham,0,2004,lexus,es 330,,6 cylinders,gas,175945,clean,automatic,JTHBA30G240002292,fwd,,sedan,blue,al
7303298408,birmingham,41990,2019,chevrolet,silverado 1500 double,good,,gas,10079,clean,other,1GCRYEEKXKZ230036,4wd,,pickup,red,al
7303286056,birmingham,199,2017,dodge,charger,,,gas,21737,clean,automatic,,,,,,al
7303281092,birmingham,26990,2018,gmc,acadia sle-2 sport utility,good,6 cylinders,gas,26514,clean,other,1GKKNLLS5JZ181591,fwd,,SUV,,al
7303276113,birmingham,1000,2021,,SPECIAL FINANCE PROGRAM 2021,fair,other,other,1400,clean,other,,,full-size,bus,green,al
7303262404,birmingham,33990,2018,ford,f150 super cab lariat,good,6 cylinders,other,26732,clean,other,1FTEX1EPXJFB66473,4wd,,pickup,,al
7303242547,birmingham,0,2006,acura,mdx,,6 cylinders,gas,194274,clean,automatic,2HNYD18606H507131,,,SUV,white,al
7303190384,birmingham,51990,2020,gmc,yukon slt sport utility 4d,good,8 cylinders,other,33829,clean,other,1GKS2BKC1LR253175,4wd,,SUV,black,al
7303189963,birmingham,9989,2015,hyundai,elantra,,4 cylinders,gas,122666,clean,other,5NPDH4AE3FH617013,fwd,,sedan,silver,al
7303189760,birmingham,0,2009,gmc,sierra 1500,,8 cylinders,gas,139589,clean,other,3GTEK33M29G216442,4wd,,truck,silver,al
7303187070,birmingham,9950,2010,ford,e250,excellent,8 cylinders,gas,177000,clean,automatic,1FTNE2EL1ADA74561,rwd,full-size,van,white,al
7303178934,birmingham,12900,2011,lincoln,mkx,like new,6 cylinders,gas,77101,clean,automatic,,fwd,full-size,SUV,black,al
7303174541,birmingham,16900,2015,nissan,pathfinder sv,like new,6 cylinders,gas,78808,clean,automatic,5N1AR2MN0FC700289,fwd,full-size,SUV,red,al
7303172572,birmingham,24500,2006,ford,f550,excellent,8 cylinders,diesel,147000,clean,automatic,1FDAF56PX5ED24552,rwd,full-size,truck,white,al
7303169244,birmingham,36500,2001,,STERLING L,excellent,6 cylinders,diesel,215000,clean,manual,2FZHAZAS72AJ79491,rwd,full-size,truck,white,al
7303163934,birmingham,49990,2020,gmc,yukon slt sport utility 4d,good,8 cylinders,other,31166,clean,other,1GKS2BKC8LR268918,4wd,,SUV,blue,al
7303159806,birmingham,0,2016,chevrolet,silverado z71 4x4,like new,8 cylinders,gas,9999999,clean,automatic,,4wd,full-size,truck,,al
7303156957,birmingham,0,2007,acura,rl,,6 cylinders,gas,126500,clean,automatic,JH4KB16577C002833,,,sedan,white,al
7303156034,birmingham,13500,1999,,INTERNATIONAL 4700,excellent,8 cylinders,diesel,79000,clean,manual,1HTSCABL6XH635946,rwd,full-size,truck,white,al
7303155901,birmingham,0,2017,ford,f150 fx4 4x4,like new,8 cylinders,gas,9999999,clean,automatic,,4wd,full-size,truck,silver,al
7303142822,birmingham,0,2014,chevrolet,silverado z71 4x4,like new,8 cylinders,gas,9999999,clean,automatic,,4wd,full-size,truck,brown,al
7303137611,birmingham,0,2014,gmc,sierra 1500 slt z60,like new,8 cylinders,gas,9999999,clean,automatic,,rwd,full-size,truck,black,al
7303128305,birmingham,0,2015,buick,enclave premium,like new,6 cylinders,gas,9999999,clean,automatic,,rwd,mid-size,SUV,silver,al
7303124187,birmingham,47990,2020,gmc,yukon slt sport utility 4d,good,8 cylinders,gas,29827,clean,other,1GKS1BKC0LR254451,,,SUV,black,al
7303120264,birmingham,0,2014,jeep,grand cherokee summit,like new,8 cylinders,gas,9999999,clean,automatic,,rwd,mid-size,SUV,white,al
7303117560,birmingham,20495,2015,lexus,es 300h,,4 cylinders,hybrid,61063,clean,automatic,JTHBW1GG1F2085135,fwd,,sedan,blue,al
7303099554,birmingham,0,2016,chevrolet,silverado 2500 z71 4x4,like new,8 cylinders,diesel,9999999,clean,automatic,,4wd,full-size,truck,silver,al
7303096052,birmingham,0,2018,chevrolet,silverado 3500 ltz 4x4,like new,8 cylinders,diesel,9999999,clean,automatic,,4wd,full-size,truck,black,al
7303093382,birmingham,36590,2020,gmc,acadia denali sport utility,good,6 cylinders,gas,33026,clean,other,1GKKNXLS6LZ134810,,,SUV,black,al
7303088237,birmingham,40900,2020,jeep,gladiator,,,gas,19069,clean,automatic,1C6HJTAGXLL119987,4wd,,,black,al
7303088209,birmingham,29988,2019,ford,f-150,,,gas,41323,clean,automatic,1FTEW1C58KFA64241,rwd,,,black,al
7303088172,birmingham,19275,2020,toyota,corolla,,,gas,11314,clean,automatic,5YFEPRAE4LP105117,fwd,,,white,al
7303088145,birmingham,24958,2020,toyota,camry,,,gas,4862,clean,automatic,4T1G11AK6LU987956,fwd,,,white,al
7303086521,birmingham,0,2018,ford,edge sel,like new,6 cylinders,gas,101000,clean,automatic,,fwd,mid-size,SUV,blue,al
7303085844,birmingham,0,2018,chevrolet,silverado 3500 hd 4x4,like new,8 cylinders,diesel,85000,clean,automatic,,4wd,full-size,truck,silver,al
7303085116,birmingham,0,2012,ram,3500 laramie 4x4,like new,6 cylinders,diesel,9999999,clean,automatic,,4wd,full-size,truck,red,al
7303084483,birmingham,0,2014,ram,2500 slt 4x4,like new,6 cylinders,diesel,1111111,clean,automatic,,4wd,full-size,truck,white,al
7303083962,birmingham,25990,2008,ram,2500 mega cab 4x4,like new,6 cylinders,diesel,172000,clean,automatic,,4wd,full-size,truck,red,al
7303083041,birmingham,3950,2003,honda,civic ex,excellent,4 cylinders,gas,236890,clean,automatic,,,,,,al
7303080333,birmingham,4650,2002,chevrolet,trailblazer,excellent,6 cylinders,gas,139000,clean,automatic,,,,SUV,,al
7303078753,birmingham,0,2014,ford,f150 fx4 4x4,like new,8 cylinders,gas,8888888,clean,automatic,,4wd,full-size,truck,red,al
7303078071,birmingham,39990,2018,toyota,4runner trd pro 4x4,like new,6 cylinders,gas,44000,clean,automatic,,4wd,mid-size,SUV,white,al
7303077574,birmingham,0,2013,gmc,sierra 2500 hd denali 4x4,like new,8 cylinders,diesel,9999999,clean,automatic,,4wd,full-size,truck,red,al
7303076973,birmingham,0,2014,chevrolet,silverado z71 4x4,like new,8 cylinders,gas,9999999,clean,automatic,,4wd,full-size,truck,white,al
7303075426,birmingham,12995,2008,ford,f150 xl,,,gas,93146,clean,automatic,1FTRF12V98KD94523,,,,green,al
7303068708,birmingham,15477,2015,jeep,renegade,,,gas,31743,clean,automatic,ZACCJABT2FPB40691,fwd,,,orange,al
7303068698,birmingham,28877,2017,nissan,armada,,,gas,112563,clean,automatic,JN8AY2ND2H9000095,,,,white,al
7303062720,birmingham,36995,2012,ford,f250 super duty 4x4,,,gas,41364,clean,automatic,1FD7X2B65CEC58024,4wd,,,silver,al
7303062214,birmingham,31995,2017,ford,f350 super duty,,,gas,129638,clean,automatic,1FD8W3G69HEB28454,,,,white,al
7303062043,birmingham,25995,2015,gmc,sierra 2500hd,,,gas,126690,clean,automatic,1GT21XEG0FZ537816,,,,red,al
7303060840,birmingham,34995,2015,ford,f250 super duty 4x4,,,gas,84526,clean,automatic,1FD7X2B60FEB07855,4wd,,,white,al
7303037270,birmingham,33590,2020,chevrolet,silverado 1500 double,good,8 cylinders,gas,30457,clean,other,1GCRWCED9LZ104991,,,pickup,red,al
7303009705,birmingham,36990,,,des-Benz E-Class,,4 cylinders,gas,30967,clean,other,WDDZF4JB7JA379223,rwd,,sedan,silver,al
7302988012,birmingham,40900,2021,toyota,tacoma 4wd,good,6 cylinders,gas,1582,clean,automatic,5TFCZ5AN9MX254488,4wd,full-size,truck,silver,al
7302987929,birmingham,18900,2019,nissan,altima,good,4 cylinders,gas,44276,clean,automatic,1N4BL4EV5KC213531,fwd,,sedan,silver,al
7302971649,birmingham,10500,2010,acura,mdx,excellent,6 cylinders,gas,173000,clean,automatic,2HNYD2H65AH517085,4wd,full-size,SUV,grey,al
7302922924,birmingham,3999,2008,dodge,caliber,,4 cylinders,gas,127083,rebuilt,automatic,1B3HB48B38D578805,fwd,,hatchback,black,al
7302903439,birmingham,28500,1966,,NOVA WAGON,good,8 cylinders,gas,86000,clean,automatic,116356W169501,rwd,mid-size,wagon,blue,al
7302868997,birmingham,3950,1997,lincoln,town car,,8 cylinders,gas,116895,clean,automatic,1LNLM82W7VY661871,rwd,,sedan,white,al
7302830829,birmingham,34995,2015,ford,f250 super duty 4x4,,,gas,84526,clean,automatic,1FD7X2B60FEB07855,4wd,,,white,al
7302819529,birmingham,28300,2019,bmw,430 gran coupe,excellent,4 cylinders,gas,16000,clean,automatic,,rwd,,hatchback,white,al
7302801947,birmingham,5980,2005,acura,tl,,,gas,179000,clean,automatic,,,,,,al
7302801177,birmingham,6980,2008,toyota,avalon,,,gas,158000,clean,automatic,,,,,,al
7302800707,birmingham,3550,2009,kia,rio,,4 cylinders,gas,167205,clean,automatic,KNADE223896510321,rwd,,sedan,orange,al
7302766210,birmingham,4000,2002,toyota,corolla le,like new,4 cylinders,gas,125000,clean,automatic,,fwd,full-size,sedan,,al
7302787317,birmingham,5980,2006,chrysler,300c,,,gas,160000,clean,automatic,,,,,,al
7302783925,birmingham,7480,2013,hyundai,sonata gls,,,gas,117000,clean,automatic,,,,,,al
7302781021,birmingham,24800,2013,chevrolet,avalance,,8 cylinders,gas,104352,clean,automatic,,4wd,,,white,al
7302780995,birmingham,7980,2008,nissan,titan,,,gas,200000,clean,automatic,,,,,,al
7302763527,birmingham,0,2015,ford,e350 bus,,,gas,55000,clean,automatic,,,,,,al
7302753016,birmingham,43590,2016,audi,s7 sedan 4d,good,8 cylinders,gas,52366,clean,other,WAUW2AFC4GN052480,,,sedan,,al
7302752687,birmingham,0,1903,chevrolet,corvette,,,gas,,clean,,7275856000,,,other,,al
7302748469,birmingham,9900,2015,dodge,grand caravan,,6 cylinders,gas,95936,clean,automatic,,fwd,,,white,al
7302734392,birmingham,8990,2013,,smart fortwo Passion Hatchback,good,,gas,59072,clean,automatic,WMEEJ3BA2DK636540,rwd,,coupe,silver,al
7302733553,birmingham,31500,2019,ford,f150,,6 cylinders,gas,106054,clean,automatic,,4wd,,,white,al
7302720839,birmingham,4400,2006,buick,lacrosse,,6 cylinders,gas,124201,clean,automatic,2G4WC582961280594,fwd,,sedan,white,al
7302715307,birmingham,34990,2019,infiniti,q70 3.7 luxe sedan 4d,good,,other,16505,clean,other,JN1BY1AR0KM580014,,,sedan,black,al
7302688439,birmingham,26990,2014,lexus,ls 460 sedan 4d,good,,other,96454,clean,automatic,JTHBL5EF9E5130801,rwd,,sedan,red,al
7302654882,birmingham,17990,2020,mitsubishi,outlander sport es,good,,other,16631,clean,other,JA4AP3AU6LU017301,,,hatchback,,al
7302635003,birmingham,3400,2006,ford,taurus,,6 cylinders,gas,126139,clean,automatic,1FAFP53U96A229397,fwd,,sedan,grey,al
7302624031,birmingham,18500,2002,ford,f-350,like new,8 cylinders,diesel,203000,clean,automatic,,rwd,,truck,white,al
7302622547,birmingham,34590,2020,infiniti,qx50 luxe sport utility,good,,other,3542,clean,other,3PCAJ5M11LF110384,fwd,,hatchback,brown,al
7302622559,birmingham,25990,2018,mitsubishi,outlander phev gt,good,,electric,13938,clean,other,JA4J24A5XJZ061637,4wd,,SUV,,al
7302596634,birmingham,31890,2017,lexus,rc,,6 cylinders,gas,73372,clean,automatic,JTHHE5BC7H5017397,rwd,,coupe,black,al
7302587320,birmingham,11987,2012,lexus,ct 200h f-sport,excellent,4 cylinders,gas,117000,clean,automatic,JTHKD5BH4C2055247,fwd,mid-size,hatchback,white,al
7302579163,birmingham,49990,2020,cadillac,xt5 sport suv 4d,good,6 cylinders,gas,4322,clean,other,1GYKNGRS0LZ193218,,,SUV,white,al
7302560775,birmingham,26995,2015,ford,f-250,,,diesel,210000,clean,automatic,,4wd,,,,al
7302552989,birmingham,18700,2015,audi,a3 tdi premium,excellent,,diesel,11000,clean,automatic,,,,,black,al
7302551916,birmingham,23161,2019,chrysler,300,,,gas,23461,clean,automatic,2C3CCAAG5KH589958,rwd,,,red,al
7302551913,birmingham,27900,2018,ford,f-150,,,gas,50396,clean,automatic,1FTEX1CP7JKD49145,rwd,,,red,al
7302551891,birmingham,12307,2018,kia,soul,,,gas,95056,clean,automatic,KNDJP3A58J7592011,fwd,,,red,al
7302551866,birmingham,16520,2017,hyundai,santa fe sport,,,gas,69999,clean,automatic,5XYZU3LB2HG416678,fwd,,,,al
7302548373,birmingham,8977,2011,nissan,murano,,,gas,144503,clean,automatic,JN8AZ1MU5BW062981,fwd,,,red,al
7302548340,birmingham,10477,2009,chevrolet,colorado,,,gas,0,clean,automatic,1GCCS139X98156780,,,,black,al
7302520129,birmingham,32590,2017,lexus,rx 350 sport utility 4d,good,6 cylinders,gas,20425,clean,other,2T2ZZMCA7HC068818,fwd,,SUV,blue,al
7302488912,birmingham,29890,2017,infiniti,qx70,,6 cylinders,gas,32913,clean,automatic,JN8CS1MW5HM411107,,,SUV,black,al
7302456100,birmingham,5250,1999,ford,f-150,fair,8 cylinders,gas,248000,missing,automatic,,rwd,,pickup,red,al
7302444351,birmingham,45000,2007,chevrolet,corvette,like new,8 cylinders,gas,18000,clean,manual,,rwd,,convertible,black,al
7302444227,birmingham,55000,2001,ford,excursion,excellent,10 cylinders,gas,88000,clean,automatic,,4wd,full-size,SUV,blue,al
7302444082,birmingham,45000,2004,,Hummer H2,like new,8 cylinders,gas,48000,clean,automatic,,4wd,full-size,SUV,black,al
7302443955,birmingham,130000,2019,chevrolet,corvette,like new,8 cylinders,gas,5000,clean,automatic,,rwd,,coupe,blue,al
7302443619,birmingham,5500,2009,jeep,patriot,good,6 cylinders,gas,158000,clean,automatic,,rwd,mid-size,SUV,silver,al
7302443351,birmingham,15000,2003,volvo,vnl 780,good,,diesel,1000000,clean,manual,,,full-size,truck,white,al
7302443171,birmingham,4200,2007,honda,odyssey,good,6 cylinders,gas,195000,clean,automatic,,fwd,mid-size,mini-van,green,al
7302442993,birmingham,55000,2002,,freightliner fl60,excellent,,diesel,110000,clean,automatic,,,mid-size,truck,white,al
7302442089,birmingham,4500,2008,dodge,durango,excellent,8 cylinders,gas,190000,clean,automatic,,rwd,full-size,SUV,,al
7302442003,birmingham,6000,2010,chevrolet,cobalt,fair,,gas,80000,clean,automatic,,,compact,coupe,red,al
7302441839,birmingham,5500,2008,ford,focus,excellent,6 cylinders,gas,115000,clean,automatic,,,mid-size,sedan,,al
7302433496,birmingham,9000,2011,audi,a5,good,4 cylinders,gas,102380,clean,automatic,,4wd,compact,coupe,black,al
7302415559,birmingham,4800,1996,toyota,4runner 4wd,good,6 cylinders,gas,314000,clean,automatic,,4wd,,SUV,green,al
7302400790,birmingham,4100,2010,hyundai,elantra touring,,4 cylinders,gas,130206,rebuilt,manual,KMHDC8AE1AU064894,fwd,,wagon,grey,al
7302343569,birmingham,3500,2009,hyundai,accent,,4 cylinders,gas,111387,rebuilt,automatic,KMHCN46C69U298613,fwd,,sedan,white,al
7302320525,birmingham,3300,1994,bmw,318ic cabrio,fair,4 cylinders,gas,304000,clean,manual,WBABK6328RED15065,rwd,mid-size,convertible,black,al
7302273017,birmingham,3450,2003,ford,explorer,,6 cylinders,,228634,clean,automatic,1FMZU63K03UB46001,rwd,,SUV,red,al
7302262459,birmingham,3650,2009,saturn,aura,like new,6 cylinders,gas,127658,clean,automatic,,fwd,full-size,sedan,brown,al
7302246929,birmingham,199,2017,dodge,charger,,,gas,21737,clean,automatic,,,,,,al
7302204772,birmingham,37590,2019,acura,mdx advance pkg sport,good,,other,30356,clean,other,5J8YD3H83KL005134,,,other,silver,al
7302200204,birmingham,21250,2002,ford,thunderbird,new,8 cylinders,gas,15996,clean,automatic,,fwd,compact,convertible,yellow,al
7302195889,birmingham,21250,2002,ford,thunderbird,new,8 cylinders,gas,15996,clean,automatic,,fwd,compact,convertible,yellow,al
7302190724,birmingham,4500,2007,buick,lucerne,,6 cylinders,gas,116250,clean,automatic,1G4HD57257U150261,fwd,,sedan,grey,al
7302177121,birmingham,15990,2016,,Scion iM Hatchback 4D,good,,gas,40668,clean,other,JTNKARJE4GJ519735,fwd,,hatchback,red,al
7302165874,birmingham,0,2014,,Freightliner Cascadia,,,diesel,100,clean,automatic,,,,,,al
7302136072,birmingham,45590,2020,acura,mdx sh-awd w/advance pkg,good,6 cylinders,gas,21711,clean,other,5J8YD4H88LL002883,,,other,,al
7302135961,birmingham,43590,2020,acura,mdx sh-awd w/technology,good,6 cylinders,gas,12012,clean,other,5J8YD4H50LL000485,,,other,silver,al
7302136124,birmingham,42990,2020,acura,mdx technology pkg sport,good,,other,3207,clean,other,5J8YD3H53LL000555,fwd,,other,white,al
7302135993,birmingham,43990,2020,acura,mdx sh-awd w/technology,good,6 cylinders,gas,1944,clean,other,5J8YD4H50LL043305,,,SUV,silver,al
7302136125,birmingham,9000,2015,volkswagen,passat wolfsburg,excellent,4 cylinders,gas,99000,clean,automatic,,fwd,mid-size,sedan,silver,al
7302105553,birmingham,1,2005,gmc,envoy,excellent,8 cylinders,gas,181000,clean,automatic,,4wd,full-size,SUV,white,al
7302101757,birmingham,3999,2006,pontiac,grand prix,,6 cylinders,gas,207238,clean,automatic,2G2WP552061255472,fwd,,sedan,white,al
7302096466,birmingham,34900,2019,dodge,grand caravan handicap wheelchair rear entry,,6 cylinders,,22194,clean,automatic,2C4RDGEG3KR663310,fwd,,other,blue,al
7302095613,birmingham,0,2018,toyota,rav4,excellent,4 cylinders,gas,29594,clean,automatic,JTMYFREV8JJ160844,fwd,,SUV,white,al
7302086800,birmingham,18750,2005,,"GMC, Ford, Freightliner & More",,,diesel,161087,clean,automatic,,,,,,al
7302084698,birmingham,32997,2018,lexus,es,excellent,6 cylinders,gas,21300,clean,automatic,58ABK1GG8JU114385,fwd,,sedan,,al
7302084592,birmingham,47999,2013,ford,super duty f-250 srw,excellent,8 cylinders,diesel,37088,clean,automatic,1FT7W2BT0DEA48140,4wd,,pickup,,al
7302062798,birmingham,28990,,,CX-5,,4 cylinders,gas,9193,clean,automatic,JM3KFADM2K0531978,fwd,,SUV,white,al
7302049655,birmingham,41590,2020,acura,mdx sh-awd w/technology,good,6 cylinders,gas,20003,clean,other,5J8YD4H56LL010471,,,SUV,,al
7302026085,birmingham,36590,2018,acura,mdx advance and,good,,other,19139,clean,automatic,5J8YD3H99JL001628,fwd,,SUV,,al
7302017283,birmingham,20989,2019,toyota,camry,,,gas,43464,clean,automatic,4T1B11HK7KU716273,fwd,,,white,al
7302017244,birmingham,18988,2016,nissan,altima,,,gas,8876,clean,automatic,1N4AL3AP9GC173958,fwd,,,silver,al
7302017229,birmingham,37500,2018,ford,f-150,,,gas,30026,clean,automatic,1FTEW1EP0JFD83808,4wd,,,blue,al
7302017232,birmingham,26990,2019,nissan,frontier,,,gas,12373,clean,automatic,1N6DD0ER9KN772402,rwd,,,black,al
7302013420,birmingham,0,2005,ford,f-150,,,gas,223976,clean,automatic,1FTPX12515KC84940,rwd,,,,al
7302013412,birmingham,15477,2008,jeep,wrangler,,,gas,105284,clean,manual,1J4FA54108L565117,4wd,,,red,al
7302009967,birmingham,1000,2021,,SPECIAL FINANCE PROGRAM 2021,fair,other,other,1400,clean,other,,,full-size,bus,green,al
7302009728,birmingham,40988,2020,jeep,gladiator,like new,6 cylinders,gas,27955,clean,automatic,,4wd,mid-size,SUV,black,al
7301991502,birmingham,28750,2017,ram,1500,good,8 cylinders,gas,54000,clean,automatic,,rwd,,,black,al
7301980505,birmingham,39990,2020,acura,mdx sh-awd sport utility,good,6 cylinders,gas,1237,clean,other,5J8YD4H39LL041518,,,other,white,al
7301953611,birmingham,13495,2014,chevrolet,malibu,,4 cylinders,gas,100022,clean,automatic,1G11G5SX0EF171495,fwd,,sedan,red,al
7301948113,birmingham,32000,2013,gmc,sierra denali,excellent,8 cylinders,gas,95000,clean,manual,,4wd,,truck,black,al
7301878330,birmingham,3950,1997,ford,crown victoria,,8 cylinders,gas,210965,clean,automatic,2FALP73W6VX235633,rwd,,sedan,red,al
7301871839,birmingham,9500,1995,chevrolet,p30 step van,good,,gas,220000,clean,automatic,,,,,,al
7301853565,birmingham,32500,1968,chevrolet,c-10 truck,like new,,gas,4709,clean,automatic,,,,,,al
7301843551,birmingham,40000,2017,ford,f-150,like new,6 cylinders,gas,44000,clean,automatic,1FTEW1CG4HFB04535,rwd,full-size,truck,blue,al
7301836570,birmingham,4400,2003,lexus,rx 300,,6 cylinders,gas,193058,clean,automatic,JTJGF10UX30153153,fwd,,SUV,blue,al
7301832018,birmingham,5500,1988,nissan,300zx turbo,,,gas,220000,clean,manual,,,,,,al
7301826544,birmingham,5980,2008,toyota,sienna,,6 cylinders,gas,212579,,automatic,5TDZK22C38S198697,fwd,,,white,al
7301812553,birmingham,4380,2007,hyundai,entourage,,6 cylinders,gas,185852,,automatic,KNDMC233176024731,fwd,,van,blue,al
7301803311,birmingham,3250,2002,mercedes-benz,c230 kompressor,,,gas,210000,clean,manual,,,,,,al
7301797864,birmingham,6980,2011,bmw,3 series,,6 cylinders,gas,147608,,manual,WBAPH7G50BNM57427,rwd,,sedan,black,al
7301789939,birmingham,4250,2007,chrysler,pt cruiser,,4 cylinders,gas,94093,clean,automatic,3A8FY68B77T582695,fwd,,sedan,red,al
7301782139,birmingham,5940,2009,mini,cooper hardtop 2 door,,4 cylinders,gas,149835,,manual,WMWMF33529TW72711,fwd,,coupe,red,al
7301766353,birmingham,5970,2010,nissan,altima,,4 cylinders,gas,122584,,automatic,1N4AL2AP4AC166269,fwd,,sedan,grey,al
7301756162,birmingham,2950,2004,ford,taurus,good,6 cylinders,gas,193049,clean,automatic,,fwd,mid-size,sedan,silver,al
7301754615,birmingham,21990,2020,hyundai,sonata se sedan 4d,good,,other,13793,clean,other,5NPEG4JA0LH041512,,,sedan,blue,al
7301749959,birmingham,20990,2020,kia,soul s wagon 4d,good,,gas,2421,clean,other,KNDJ23AU1L7721375,fwd,,wagon,black,al
7301749733,birmingham,4980,2004,gmc,yukon xl,,8 cylinders,,248251,,automatic,3GKEC16Z04G325231,rwd,,SUV,silver,al
7301737005,birmingham,2850,2001,ford,taurus,,6 cylinders,gas,161662,clean,automatic,1FAFP55U71A194378,fwd,,sedan,green,al
7301732807,birmingham,20900,,,a RAV4,,4 cylinders,gas,21324,,automatic,JTMWFREV4JJ206774,fwd,,SUV,,al
7301728912,birmingham,38990,2020,acura,rdx advance pkg sport,good,,gas,14028,clean,other,5J8TC1H76LL009494,fwd,,SUV,white,al
7301715352,birmingham,4980,2011,chevrolet,cruze,,4 cylinders,gas,197456,,automatic,1G1PF5S9XB7157494,fwd,,sedan,grey,al
7301711414,birmingham,51990,2018,cadillac,escalade esv premium,good,8 cylinders,other,72367,clean,automatic,1GYS4JKJ6JR198941,4wd,,SUV,black,al
7301711415,birmingham,30990,2018,mercedes-benz,metris passenger,good,,gas,7896,clean,other,WD4PG2EE2J3420861,rwd,,van,black,al
7301707242,birmingham,7500,2004,gmc,sierra,good,8 cylinders,gas,187265,clean,automatic,,rwd,full-size,pickup,brown,al
7301698280,birmingham,6980,2012,nissan,maxima,,6 cylinders,gas,170461,,automatic,1N4AA5AP5CC854386,fwd,,sedan,red,al
7301684448,birmingham,21500,1990,toyota,hilux,new,4 cylinders,diesel,72000,clean,manual,,4wd,full-size,truck,grey,al
7301682080,birmingham,52990,2020,jaguar,e-pace p300 r-dynamic se,good,,gas,79,clean,other,SADFL2GX2L1Z91107,,,other,white,al
7301681797,birmingham,3000,2006,chevrolet,cobalt,,4 cylinders,gas,213149,clean,automatic,1G1AZ58F167757465,fwd,,sedan,,al
7301681679,birmingham,11980,2013,infiniti,g37 sedan,,6 cylinders,gas,0,,automatic,JN1CV6AP2DM300508,rwd,,sedan,silver,al
7301654236,birmingham,35590,2017,lincoln,navigator l select sport,good,6 cylinders,gas,76216,clean,automatic,5LMJJ3JT0HEL13925,4wd,,SUV,white,al
7301654156,birmingham,29890,2013,tesla,model s,,,electric,61591,clean,automatic,5YJSA1DN4DFP11483,rwd,,sedan,grey,al
7301633183,birmingham,57990,2020,mercedes-benz,e-class e 450,good,,other,6502,clean,other,WDDZF6JB2LA708148,,,sedan,black,al
7301630824,birmingham,21688,2020,nissan,kicks,,,gas,7575,clean,automatic,3N1CP5DV4LL500636,fwd,,,,al
7301630799,birmingham,27988,2020,nissan,altima,,,gas,15139,clean,automatic,1N4BL4FW4LC155761,,,,blue,al
7301630800,birmingham,22488,2020,nissan,rogue,,,gas,17013,clean,automatic,5N1AT2MT8LC710645,fwd,,,green,al
7301630802,birmingham,33988,2019,nissan,frontier,,,gas,11939,clean,automatic,1N6AD0EV7KN878847,4wd,,,red,al
7301628907,birmingham,20977,2017,subaru,outback,,,gas,103664,clean,automatic,4S4BSENC5H3286565,,,,blue,al
7301628901,birmingham,12977,2010,ford,f-150,,,gas,200224,clean,automatic,1FTFW1CV0AKE30803,,,,,al
7301619753,birmingham,30990,2017,alfa-romeo,romeo giulia sedan 4d,good,,gas,19835,clean,other,ZARFAEBN6H7548414,rwd,,sedan,,al
7301592117,birmingham,28990,2006,,Bentley Continental GT,,12 cylinders,gas,148774,clean,automatic,SCBCR63W16C030477,,,coupe,,al
7316836950,dothan,28998,2020,ford,edge sel,excellent,,gas,7943,clean,automatic,2FMPK3J96LBA19917,,,,,al
7316814899,dothan,22590,2010,chevrolet,silverado 1500,good,8 cylinders,gas,71229,clean,other,1GCSCSE06AZ123805,,,pickup,blue,al
7316807211,dothan,34159,2018,ram,1500 slt 4wd pickup truck,,,gas,48980,clean,automatic,,,,,,al
7316775176,dothan,39590,2020,chevrolet,silverado 1500 crew,good,8 cylinders,gas,19160,clean,other,3GCPWCED5LG130317,,,pickup,red,al
7316774946,dothan,30990,2017,toyota,tundra double cab sr,good,8 cylinders,gas,41124,clean,other,5TFRM5F17HX120972,,,pickup,red,al
7316754780,dothan,31499,2019,ram,1500 classic slt 4wd,,,gas,39364,clean,automatic,,,,,,al
7316562295,dothan,40000,1990,,Chevelot,excellent,,gas,29260,clean,automatic,,,,pickup,black,al
7316535594,dothan,37164,2020,ford,edge st line,,,gas,12,clean,automatic,,,,,,al
7316512282,dothan,49900,2019,lexus,rx 450h,new,6 cylinders,hybrid,1900,clean,automatic,2T2BGMCA9KC043093,4wd,full-size,SUV,white,al
7316503799,dothan,2800,1999,gmc,suburban k1500 4x4,good,8 cylinders,gas,300000,clean,automatic,,4wd,,SUV,,al
7316484530,dothan,51325,2020,ford,f150 lariat 4wd,,,gas,5503,clean,automatic,,,,,,al
7316471756,dothan,3900,2003,gmc,envoy,excellent,6 cylinders,gas,165000,clean,automatic,,rwd,,,white,al
7316452976,dothan,12345,1997,toyota,tacoma,,6 cylinders,gas,255000,clean,manual,,4wd,,,white,al
7316380520,dothan,34990,2018,jeep,grand cherokee trailhawk,good,6 cylinders,gas,37509,clean,other,1C4RJFLG1JC138453,4wd,,other,black,al
7316349411,dothan,27990,2012,gmc,sierra 2500 hd extended cab,good,8 cylinders,gas,68696,clean,other,1GT220CG8CZ231238,4wd,,pickup,black,al
7316319305,dothan,42532,2018,ford,f150 xlt 4wd,,,gas,22818,clean,automatic,,,,,,al
7316318948,dothan,11989,2016,dodge,journey sxt,excellent,,gas,112282,clean,automatic,3C4PDCBG9GT141385,,,,,al
7316291314,dothan,34590,2016,chevrolet,silverado 1500 double,good,6 cylinders,gas,29499,clean,other,1GCVKREH6GZ228691,4wd,,pickup,silver,al
7316247932,dothan,27345,2019,honda,crv touring suv,,,gas,23005,clean,automatic,,,,,,al
7316223602,dothan,31966,2019,ram,1500 classic slt,,,gas,31810,clean,automatic,,,,,,al
7316181955,dothan,36990,2018,gmc,sierra 1500 double cab sle,good,8 cylinders,gas,23424,clean,other,2GTV2MECXJ1106083,4wd,,pickup,black,al
7316181863,dothan,39590,2020,ford,mustang gt premium coupe 2d,good,8 cylinders,gas,1419,clean,other,1FA6P8CF5L5136223,rwd,,coupe,white,al
7315961634,dothan,99999999,1993,ford,ranger,,,gas,99999,clean,automatic,,,,,,al
7315890415,dothan,3000,2010,dodge,avenger r/t,,,gas,197456,clean,automatic,,,,,,al
7315853176,dothan,24590,2016,jeep,wrangler sport suv 2d,good,6 cylinders,gas,66313,clean,other,1C4AJWAG3GL227997,4wd,,other,white,al
7315810755,dothan,32990,2017,jeep,wrangler unlimited sport,good,6 cylinders,gas,30041,clean,other,1C4BJWDG5HL705371,4wd,,other,silver,al
7315810643,dothan,24590,2017,chevrolet,silverado 1500 regular,good,6 cylinders,gas,40784,clean,other,1GCNCNEH7HZ118773,,,pickup,white,al
7315765953,dothan,27990,2014,toyota,tacoma access cab pickup,good,,other,17805,clean,other,5TFTX4CN3EX042751,,,pickup,red,al
7315742516,dothan,25990,2019,acura,ilx premium pkg sedan 4d,good,,gas,5120,clean,other,19UDE2F71KA015222,fwd,,sedan,red,al
7315736881,dothan,10400,2011,toyota,sienna xle,excellent,6 cylinders,gas,159400,clean,automatic,,,,mini-van,red,al
7315563641,dothan,1,2012,,all,good,,gas,100000,clean,automatic,,,,,,al
7315472478,dothan,33590,2014,gmc,sierra 1500 crew cab slt,good,8 cylinders,gas,57923,clean,other,3GTP1VEC4EG551563,,,pickup,white,al
7315468383,dothan,5500,2001,bmw,7 series,good,8 cylinders,gas,116000,clean,automatic,,,,,,al
7315465742,dothan,13250,2016,kia,soul,excellent,4 cylinders,gas,99000,clean,automatic,,,,,grey,al
7315463696,dothan,7600,2013,mazda,2,good,4 cylinders,gas,139000,clean,automatic,,,,,green,al
7315461004,dothan,12525,2013,hyundai,tucson,excellent,4 cylinders,gas,134000,clean,automatic,,,,,white,al
7315329970,dothan,33590,2014,toyota,tundra crewmax sr5 pickup,good,,other,55251,clean,other,5TFEY5F15EX169621,,,pickup,red,al
7315303765,dothan,5300,2012,chevrolet,malibu,,,gas,145000,clean,automatic,,,,,,al
7315245358,dothan,31590,2018,toyota,4runner sr5 sport utility,good,6 cylinders,gas,62496,clean,other,JTEZU5JR6J5175276,,,other,red,al
7315245325,dothan,29990,2016,chevrolet,colorado extended cab,good,6 cylinders,gas,17302,clean,other,1GCHTCE37G1186784,4wd,,pickup,red,al
7315245328,dothan,32990,2019,dodge,challenger r/t coupe 2d,good,8 cylinders,gas,2676,clean,other,2C3CDZBT6KH724310,rwd,,coupe,white,al
7315114300,dothan,20682,2020,ford,ecosport titanium suv,,,gas,10,clean,automatic,,,,,,al
7315083529,dothan,3500,2004,honda,accord,good,,gas,212795,clean,automatic,,,,,,al
7314978394,dothan,10075,2012,toyota,corolla,excellent,4 cylinders,gas,111000,clean,automatic,,,,,white,al
7314922423,dothan,34590,2018,ford,f150 super cab xl pickup 4d,good,6 cylinders,gas,20856,clean,other,1FTEX1CBXJKD41626,,,pickup,white,al
7314906573,dothan,2200,2001,cadillac,deville,,,gas,103000,clean,automatic,,,,,,al
7314903688,dothan,30990,2019,ford,ranger supercrew xl pickup,good,,gas,5468,clean,other,1FTER4EH2KLB19171,,,pickup,white,al
7314854550,dothan,38990,2020,ford,f150 supercrew cab xlt,good,6 cylinders,gas,12231,clean,other,1FTEW1CP4LFB84170,,,pickup,,al
7314833468,dothan,12767,2016,chevrolet,equinox ls suv,,,gas,83443,clean,automatic,,,,,,al
7314823177,dothan,38590,2011,chevrolet,corvette grand sport,good,8 cylinders,gas,30237,clean,other,1G1YR3DW3B5102190,rwd,,other,red,al
7314823168,dothan,34990,2018,ram,1500 quad cab big horn,good,6 cylinders,other,22064,clean,other,1C6RR7GG0JS247282,4wd,,pickup,silver,al
7314816573,dothan,13000,1999,,1999 Corvette,excellent,8 cylinders,gas,139900,clean,automatic,,rwd,,,red,al
7314793227,dothan,16900,2015,chevrolet,traverse l t,excellent,6 cylinders,gas,71363,clean,automatic,,rwd,full-size,SUV,grey,al
7314773182,dothan,33993,2020,ford,ranger xlt,,,gas,3,clean,automatic,,,,,,al
7314677292,dothan,4200,2009,hyundai,sonata,excellent,4 cylinders,gas,93000,clean,automatic,,fwd,compact,sedan,black,al
7314614493,dothan,43499,2020,chevrolet,silverado 1500 lt,,,gas,28710,clean,automatic,,,,,,al
7314572816,dothan,52905,2020,ford,f150 4x4 lariat,,,gas,7655,clean,automatic,,,,,,al
7314568727,dothan,0,2020,ford,f150 xlt 4wd,,,gas,759,clean,automatic,,,,,,al
7314521949,dothan,23590,2017,nissan,frontier king cab sv,good,,gas,37091,clean,other,1N6BD0CT1HN724133,fwd,,pickup,red,al
7314521870,dothan,17990,2013,subaru,xv crosstrek premium,good,,gas,57371,clean,other,JF2GPAVC1D2886375,,,hatchback,blue,al
7314521851,dothan,30990,2016,chevrolet,colorado crew cab z71,good,,other,34940,clean,other,1GCGTDE32G1341288,4wd,,pickup,blue,al
7314521880,dothan,30990,2017,nissan,frontier crew cab pro-4x,good,6 cylinders,gas,31095,clean,other,1N6DD0EV9HN769618,4wd,,pickup,white,al
7314521802,dothan,39590,2017,chevrolet,camaro ss coupe 2d,good,8 cylinders,gas,10496,clean,other,1G1FE1R71H0109878,rwd,,coupe,white,al
7314519808,dothan,9900,2012,mini,cooper countryman s,excellent,4 cylinders,gas,108301,clean,automatic,WMWZC3C59CWL84771,fwd,mid-size,hatchback,green,al
7314514243,dothan,10900,2012,mini,cooper hardtop s,excellent,4 cylinders,gas,92000,clean,automatic,WMWSV3C54CT387140,fwd,mid-size,hatchback,blue,al
7314421645,dothan,64998,2020,ford,expedition limited,excellent,,gas,26806,clean,automatic,1FMJU2AT7LEA29432,,,,white,al
7314405076,dothan,16811,2018,ford,escape se,,,gas,40566,clean,automatic,,,,,,al
7314392466,dothan,24000,2018,toyota,camry,,,gas,38000,clean,automatic,,,,,,al
7314283689,dothan,17998,2017,toyota,camry se,excellent,,gas,43184,clean,automatic,4T1BF1FKXHU440894,,,,black,al
7314143328,dothan,24000,2018,honda,accord sport,excellent,4 cylinders,gas,49300,clean,automatic,,,,,,al
7314130686,dothan,63814,2020,ram,2500 laramie,,,diesel,18938,clean,automatic,,,,,,al
7313997571,dothan,35758,2018,ford,f150 xlt 4wd,,,gas,51758,clean,automatic,,,,,,al
7313993073,dothan,5850,2009,ford,fusion,good,4 cylinders,gas,228000,clean,automatic,,,,,white,al
7313897346,dothan,4550,2002,lincoln,ls,good,6 cylinders,gas,221916,clean,automatic,,,,sedan,,al
7313895456,dothan,5325,2007,chevrolet,impala,good,6 cylinders,gas,349000,clean,automatic,,,,,black,al
7313888461,dothan,54241,2020,ford,f150 lariat 4wd,,,gas,11994,clean,automatic,,,,,,al
7313888368,dothan,28082,2017,ford,explorer limited,,,gas,47596,clean,automatic,,,,,,al
7313804252,dothan,10000,1965,volvo,,,,gas,99999,clean,manual,,,,,,al
7313780283,dothan,31590,2020,mazda,mx-5 miata club,good,,gas,2195,clean,other,JM1NDAC74L0413665,rwd,,other,,al
7313775814,dothan,31590,2019,cadillac,xt4 sport suv 4d,good,,other,12102,clean,other,1GYFZER40KF121673,fwd,,hatchback,black,al
7313775947,dothan,27990,2020,ford,ranger supercab xl pickup,good,,gas,10688,clean,other,1FTER1EH1LLA36301,,,pickup,white,al
7313775759,dothan,26990,2016,ford,f150 regular cab xl pickup,good,6 cylinders,gas,14230,clean,other,1FTMF1CP3GKD62143,,,pickup,black,al
7313775671,dothan,16590,2016,jeep,renegade sport suv 4d,good,,gas,35835,clean,other,ZACCJBAW9GPC62449,4wd,,other,red,al
7313632206,dothan,16886,2019,hyundai,ioniq hybrid sel,,,hybrid,42672,clean,automatic,,,,,,al
7313616259,dothan,25737,2020,ford,escape sel suv,,,gas,15,clean,automatic,,,,,,al
7313451714,dothan,27990,2012,toyota,tacoma double cab pickup,good,6 cylinders,gas,67245,clean,other,5TFLU4EN4CX030112,4wd,,pickup,silver,al
7313394482,dothan,36990,2016,gmc,sierra 2500 hd double cab,good,8 cylinders,gas,23190,clean,other,1GT22REG1GZ401351,4wd,,pickup,black,al
7313368672,dothan,34990,2018,ram,1500 crew cab slt pickup 4d,good,6 cylinders,gas,20894,clean,other,1C6RR7LG4JS272305,4wd,,pickup,silver,al
7313362653,dothan,6900,2009,,volkwagen beetle convertible,excellent,5 cylinders,gas,89000,clean,automatic,3VWSF31Y69M412685,fwd,mid-size,convertible,silver,al
7313325127,dothan,25990,2019,ram,1500 classic regular cab,good,8 cylinders,gas,12302,clean,other,3C6JR6DT3KG560649,,,pickup,white,al
7313321886,dothan,2000,1991,pontiac,firebird,,,gas,178821,clean,manual,,,,,,al
7313318427,dothan,3800,1997,ford,crown victoria,,,gas,69017,clean,automatic,,,,,,al
7313315318,dothan,2800,2003,volvo,v70 wagon,,,gas,131692,clean,automatic,,,,,,al
7313311846,dothan,19256,2019,nissan,rogue s suv,,,gas,35071,clean,automatic,,,,,,al
7313278639,dothan,25590,2015,gmc,sierra 1500 regular cab,good,6 cylinders,other,35290,clean,other,1GTN1TEH9FZ243281,,,pickup,white,al
7313246699,dothan,32500,2018,ford,f-150,like new,6 cylinders,gas,47000,lien,automatic,,rwd,full-size,truck,white,al
7313149330,dothan,14000,1958,chevrolet,astro van,excellent,8 cylinders,gas,77000,clean,automatic,,,full-size,,brown,al
7313130931,dothan,51910,2020,ford,f150 lariat,,,gas,15168,clean,automatic,,,,,,al
7313087943,dothan,34978,2018,ford,f150 xlt 4wd f-150 4x4,,,gas,55060,clean,automatic,,,,,,al
7312973645,dothan,44998,2020,ford,explorer limited suv,,,gas,64,clean,automatic,,,,,,al
7312892394,dothan,32990,2019,chevrolet,silverado 1500 ld,good,,other,6897,clean,other,2GCVKNEC8K1187169,,,pickup,black,al
7312892310,dothan,38590,2019,ford,mustang gt coupe 2d,good,,other,17057,clean,other,1FA6P8CF2K5116090,rwd,,coupe,,al
7312866721,dothan,31646,2020,chevrolet,blazer lt,,,gas,5267,clean,automatic,,,,,,al
7312817755,dothan,31990,2013,toyota,tundra double cab pickup,good,8 cylinders,gas,55068,clean,other,5TFUY5F19DX303623,4wd,,pickup,,al
7312786668,dothan,34990,2017,gmc,sierra 1500 double cab sle,good,8 cylinders,gas,31728,clean,other,1GTV2MECXHZ377968,4wd,,pickup,white,al
7312730829,dothan,29990,2014,chevrolet,silverado 1500 double,good,8 cylinders,gas,26129,clean,other,1GCVKREC7EZ196951,4wd,,pickup,brown,al
7312380611,dothan,22990,2012,toyota,tacoma access cab pickup,good,,gas,37725,clean,other,5TFTX4CN6CX015282,,,pickup,white,al
7312337504,dothan,23990,2016,chevrolet,silverado 1500 regular,good,6 cylinders,gas,41568,clean,other,1GCNCNEH4GZ259783,,,pickup,white,al
7312333036,dothan,29990,2017,jeep,wrangler sport suv 2d,good,6 cylinders,gas,28680,clean,other,1C4AJWAG4HL704941,4wd,,other,black,al
7312333043,dothan,26990,2014,chevrolet,silverado 1500 crew,good,6 cylinders,gas,63129,clean,automatic,3GCPCREH5EG437908,,,pickup,black,al
7312276682,dothan,38990,2017,jeep,wrangler unlimited rubicon,good,6 cylinders,gas,20676,clean,other,1C4BJWFG3HL547853,4wd,,other,red,al
7311999205,dothan,19900,2002,,maserati spyder,excellent,8 cylinders,gas,42000,clean,other,ZAMBB18A720006592,rwd,mid-size,convertible,red,al
7311993269,dothan,54852,2020,ford,f150 4x4 lariat 4wd f-150,,,gas,6487,clean,automatic,,,,,,al
7311960902,dothan,26590,2020,honda,civic si coupe 2d,good,,gas,9954,clean,other,2HGFC3A51LH751302,fwd,,coupe,silver,al
7311906888,dothan,46232,2020,ford,expedition xlt suv,,,gas,4,clean,automatic,,,,,,al
7311878172,dothan,18590,2018,honda,civic lx sedan 4d,good,,gas,28942,clean,other,19XFC2F59JE206832,fwd,,sedan,white,al
7311877957,dothan,21590,2018,honda,civic ex sedan 4d,good,,gas,7885,clean,other,2HGFC2F74JH589649,fwd,,sedan,,al
7311864621,dothan,34069,2017,ford,f150 xlt 4wd,,,gas,37323,clean,automatic,,,,,,al
7311844349,dothan,6500,2007,chevrolet,silverado,good,8 cylinders,gas,233000,clean,automatic,,4wd,,truck,white,al
7311801032,dothan,29590,2017,ford,expedition xlt sport,good,6 cylinders,gas,70760,clean,other,1FMJU1JT1HEA52352,4wd,,SUV,blue,al
7311801004,dothan,24990,2013,gmc,sierra 1500 extended cab sle,good,8 cylinders,gas,70559,clean,other,1GTR2VE73DZ402410,4wd,,pickup,black,al
7311663576,dothan,33464,2018,ford,f150 xlt 4wd,,,gas,55864,clean,automatic,,,,,,al
7311622363,dothan,5700,2007,jeep,grand cherokee,excellent,8 cylinders,gas,164000,clean,automatic,,4wd,full-size,SUV,red,al
7311618575,dothan,31889,2020,ford,edge sel suv,,,gas,5,clean,automatic,,,,,,al
7311617814,dothan,5675,2011,chevrolet,cruze,good,4 cylinders,gas,209000,clean,manual,,,,,blue,al
7311455761,dothan,22590,2013,ford,f150 super cab xl pickup 4d,good,6 cylinders,other,14169,clean,other,1FTEX1CMXDFB16329,,,pickup,silver,al
7311429758,dothan,22791,2018,chevrolet,equinox lt,,,gas,26345,clean,automatic,,,,,,al
7311420271,dothan,28750,2003,chevrolet,silverado 2500,like new,8 cylinders,diesel,20000,clean,automatic,,4wd,full-size,truck,white,al
7311402694,dothan,21590,2016,ram,1500 regular cab tradesman,good,6 cylinders,gas,35391,clean,other,3C6JR6AG7GG225053,,,pickup,black,al
7311395274,dothan,24500,2010,toyota,tundra crewmax,excellent,8 cylinders,gas,81100,clean,automatic,,rwd,full-size,pickup,silver,al
7311383154,dothan,27590,2017,chevrolet,colorado extended cab,good,6 cylinders,gas,35943,clean,other,1GCHTCEN5H1175799,4wd,,pickup,,al
7311364423,dothan,32560,2018,ford,f150 stx,,,gas,44849,clean,automatic,,,,,,al
7311338967,dothan,31990,2018,ram,1500 quad cab harvest pickup,good,6 cylinders,gas,27426,clean,other,1C6RR7GG8JS247420,4wd,,pickup,white,al
7311290909,dothan,37590,2019,ford,f150 supercrew cab xl,good,6 cylinders,gas,8663,clean,other,1FTEW1CP2KKC65268,,,pickup,,al
7311138134,dothan,43970,2020,ram,1500 big horn 4wd,,,gas,9111,clean,automatic,,,,,,al
7311090875,dothan,42891,2020,ford,f150 xlt 4wd f-150 4x4,,,gas,13,clean,automatic,,,,,,al
7311039643,dothan,4650,2005,chevrolet,equinox,good,6 cylinders,gas,227000,clean,automatic,,,,,red,al
7310914109,dothan,44079,2018,ford,expedition xlt,,,gas,16599,clean,automatic,,,,,,al
7310893125,dothan,15900,2011,mercedes-benz,benz glk 350,excellent,6 cylinders,gas,63000,clean,automatic,WDCGG5GB6BF531065,rwd,mid-size,SUV,white,al
7310885518,dothan,20590,2020,kia,soul lx wagon 4d,good,,gas,2834,clean,other,KNDJ23AU8L7109397,fwd,,wagon,,al
7310885479,dothan,15590,2014,acura,ilx 2.0l sedan 4d,good,,gas,100391,clean,automatic,19VDE1F35EE004823,fwd,,sedan,black,al
7310885376,dothan,32990,2018,jaguar,e-pace p250 s sport,good,,other,26685,clean,other,SADFJ2FX1J1Z13468,,,other,white,al
7310878643,dothan,16990,2013,acura,ilx 2.0l sedan 4d,good,,gas,59536,clean,other,19VDE1F73DE013439,fwd,,sedan,,al
7310789663,dothan,15590,2014,kia,soul wagon 4d,good,,gas,11657,clean,other,KNDJN2A2XE7087468,fwd,,wagon,,al
7310789148,dothan,20804,2020,ford,ecosport titanium suv,,,gas,7,clean,automatic,,,,,,al
7310653667,dothan,32831,2018,ford,f150 stx 4wd,,,gas,41380,clean,automatic,,,,,,al
7310631448,dothan,29668,2021,gmc,acadia sle,,,gas,1402,clean,automatic,,,,,,al
7310564399,dothan,12900,2007,,maserati quattroporte,good,,gas,121710,clean,automatic,,,,,silver,al
7310418096,dothan,45542,2021,ford,explorer limited suv,,,gas,3,clean,automatic,,,,,,al
7310396525,dothan,22590,2016,volvo,s60 t5 cross country,good,,gas,42755,clean,other,YV4612UMXG2000759,,,sedan,,al
7310378359,dothan,22750,2018,chevrolet,equinox lt,,,gas,27050,clean,automatic,,,,,,al
7310363398,dothan,36990,2019,volvo,s60 t6 inscription sedan,good,,gas,8141,clean,other,7JRA22TL6KG004114,,,sedan,white,al
7310344611,dothan,31990,2020,volvo,s60 t5 momentum sedan 4d,good,,gas,16594,clean,other,7JR102FK7LG060315,fwd,,sedan,,al
7310319913,dothan,28590,2019,volvo,s60 t5 momentum sedan 4d,good,,gas,18531,clean,other,7JR102FK4KG010003,fwd,,sedan,black,al
7310291492,dothan,15990,2014,volvo,s60 t5 premier plus sedan,good,,gas,46169,clean,other,YV1612FS8E2279019,fwd,,sedan,white,al
7310129016,dothan,54258,2020,ford,f150 lariat,,,gas,10378,clean,automatic,,,,,,al
7310113289,dothan,18989,2018,ford,fusion hybrid se,,,hybrid,20313,clean,automatic,,,,,,al
7309917647,dothan,29590,2017,lincoln,continental select sedan,good,6 cylinders,gas,35320,clean,other,1LN6L9TP6H5634048,,,sedan,black,al
7309876132,dothan,20590,2013,acura,mdx sport utility 4d,good,6 cylinders,gas,77087,clean,other,2HNYD2H30DH510846,,,other,silver,al
7309850211,dothan,54488,2020,ford,super duty f250 srw xl,,,diesel,10265,clean,automatic,,,,,,al
7309808334,dothan,19990,2015,infiniti,qx60 3.5 sport utility,good,,other,96003,clean,other,5N1AL0MM5FC519184,,,other,silver,al
7309808201,dothan,28990,2020,buick,encore gx essence sport,good,,gas,21,clean,other,KL4MMGSL4LB128069,,,other,white,al
7309746566,dothan,45306,2021,ford,explorer limited,,,gas,5,clean,automatic,,,,,,al
7309733868,dothan,29990,2018,alfa-romeo,romeo stelvio ti sport,good,,other,26978,clean,other,ZASFAKBN3J7B64774,,,hatchback,,al
7309721053,dothan,3800,2003,toyota,camry solara convertible,,,gas,150042,clean,automatic,,,,,,al
7309583185,dothan,11932,2016,hyundai,veloster hatchback,,,gas,51747,clean,automatic,,,,,,al
7309537229,dothan,52140,2020,ford,f150 lariat,,,gas,4011,clean,automatic,,,,,,al
7309495964,dothan,3000,1999,ford,ranger,,,gas,216000,clean,automatic,,,,,,al
7309387408,dothan,18053,2016,bmw,x3,like new,4 cylinders,gas,110000,clean,automatic,,4wd,mid-size,SUV,white,al
7309336830,dothan,31990,2018,audi,q5 premium sport utility 4d,good,,gas,19179,clean,other,WA1ANAFY7J2102310,,,other,,al
7309330055,dothan,15990,2016,,Scion iM Hatchback 4D,good,,gas,29652,clean,other,JTNKARJEXGJ517925,fwd,,hatchback,blue,al
7309326921,dothan,46273,2020,ford,f150 xlt 4wd f-150 4x4,,,gas,8,clean,automatic,,,,,,al
7309309267,dothan,33988,2006,,INTERNATIONAL 4300 BUCKET TRUCK,excellent,6 cylinders,diesel,100729,clean,automatic,,rwd,full-size,truck,white,al
7309279633,dothan,52242,2020,ford,f150 lariat 4wd f-150,,,gas,9155,clean,automatic,,,,,,al
7309271376,dothan,29590,2018,audi,a6 2.0t premium sedan 4d,good,,gas,13035,clean,other,WAUC8AFC6JN041814,fwd,,sedan,,al
7309236444,dothan,16590,2015,hyundai,sonata sport sedan 4d,good,,gas,26655,clean,other,5NPE34AF8FH021634,fwd,,sedan,white,al
7309199666,dothan,61998,2020,ford,f-150 lariat,excellent,,gas,11594,clean,automatic,1FTEW1E43LFB71655,,,,,al
7309171786,dothan,29990,2018,lexus,nx 300 sport utility 4d,good,,other,15923,clean,other,JTJYARBZ2J2097415,,,hatchback,white,al
7309039556,dothan,4000,2007,cadillac,dts,fair,8 cylinders,gas,141000,clean,automatic,,rwd,full-size,sedan,grey,al
7309035025,dothan,2000,2005,ford,five hundred,good,6 cylinders,gas,165000,clean,automatic,,fwd,full-size,sedan,black,al
7308972392,dothan,17860,2014,jeep,grand cherokee limited,,,gas,108321,clean,automatic,,,,,,al
7308971633,dothan,54488,2020,ford,f-150 lariat 4wd,,,gas,5459,clean,automatic,,,,,,al
7308831024,dothan,33990,2017,ram,1500 crew cab tradesman,good,8 cylinders,gas,17033,clean,other,3C6RR7KT7HG794054,4wd,,pickup,blue,al
7308801755,dothan,3,2020,ford,fusion se sedan,,,gas,10,clean,automatic,,,,,,al
7308801682,dothan,18681,2019,nissan,altima 2.5 sr sedan,,,gas,41979,clean,automatic,,,,,,al
7308796837,dothan,33990,2018,jeep,wrangler unlimited willys,good,6 cylinders,gas,34636,clean,other,1C4BJWDG2JL806552,4wd,,other,white,al
7308773311,dothan,36590,2019,gmc,sierra 1500 limited double,good,8 cylinders,gas,14222,clean,other,2GTV2LECXK1123316,4wd,,pickup,blue,al
7308740514,dothan,25990,2013,toyota,tacoma double cab,good,,other,64919,clean,other,3TMJU4GN2DM147344,,,pickup,white,al
7308672575,dothan,34590,2015,gmc,sierra 1500 crew cab sle,good,8 cylinders,gas,35423,clean,automatic,3GTU2UEC2FG198302,4wd,,pickup,,al
7308568396,dothan,14500,2013,chevrolet,silverado,,,gas,168700,clean,automatic,,,,,,al
7308463525,dothan,27296,2018,ford,explorer xlt,,,gas,28510,clean,automatic,,,,,,al
7308463415,dothan,20820,2020,ford,ecosport titanium,,,gas,6,clean,automatic,,,,,,al
7308424426,dothan,36590,2019,toyota,4runner sr5 sport utility,good,,other,35204,clean,other,JTEBU5JR8K5627439,4wd,,SUV,black,al
7308424151,dothan,25990,2017,toyota,tacoma access cab sr,good,,gas,22820,clean,other,5TFRX5GN9HX090138,,,pickup,,al
7308361925,dothan,24194,2020,ford,escape sel,excellent,,gas,3957,clean,automatic,1FMCU0H64LUB08530,,,,silver,al
7308255879,dothan,39954,2020,ford,explorer hybrid limited,,,hybrid,7585,clean,automatic,,,,,,al
7308255332,dothan,18913,2017,lincoln,mkz hybrid select,,,hybrid,33618,clean,automatic,,,,,,al
7308237814,dothan,28590,2017,jeep,wrangler sport suv 2d,good,6 cylinders,gas,37218,clean,other,1C4GJWAG4HL572192,4wd,,other,,al
7308237794,dothan,32990,2018,jeep,wrangler sahara (jk) sport,good,6 cylinders,gas,30533,clean,other,1C4AJWBGXJL935539,4wd,,SUV,black,al
7308213603,dothan,1800,2002,ford,sport trac,fair,6 cylinders,gas,280000,clean,automatic,,rwd,mid-size,pickup,white,al
7308209186,dothan,24193,2020,ford,escape sel,excellent,,gas,4664,clean,automatic,1FMCU0H61LUB17461,,,,,al
7308196509,dothan,27590,2013,toyota,tacoma access cab pickup,good,,other,43937,clean,other,5TFUU4EN6DX061948,4wd,,pickup,white,al
7307981724,dothan,2800,2006,,suzuki reno,fair,4 cylinders,gas,167000,clean,automatic,,fwd,compact,sedan,silver,al
7307940114,dothan,6500,1999,ford,mustang,good,8 cylinders,gas,126000,clean,automatic,,,,coupe,white,al
7307838374,dothan,23500,2015,chevrolet,silverado 1500 lt 4x4,excellent,8 cylinders,gas,132200,clean,automatic,,4wd,,,white,al
7307837641,dothan,3500,2003,buick,rainier awd,,,gas,187000,clean,automatic,,,,,,al
7307830686,dothan,11998,2014,hyundai,genesis coupe 2.0t,excellent,,gas,101085,clean,automatic,KMHHT6KD9EU114345,,,,blue,al
7307830550,dothan,4999,2006,nissan,pathfinder,,6 cylinders,gas,138000,clean,automatic,,,,,,al
7307786650,dothan,7250,2012,chevrolet,sonic,good,4 cylinders,gas,122000,clean,manual,,,,,blue,al
7307670289,dothan,19998,2020,ford,escape s,excellent,,gas,26561,clean,automatic,1FMCU0F67LUA59696,,,,,al
7307408798,dothan,4000,2001,jeep,grand cherokee,fair,6 cylinders,gas,117000,clean,automatic,,rwd,mid-size,SUV,white,al
7307301740,dothan,39998,2016,ford,f-150 platinum,excellent,,gas,74046,clean,automatic,1FTEW1EG9GFB00475,,,,black,al
7307285584,dothan,28990,2017,gmc,acadia slt-1 sport utility,good,6 cylinders,gas,18041,clean,other,1GKKNMLS2HZ305977,fwd,,SUV,,al
7307285607,dothan,28590,2018,gmc,acadia sle-2 sport utility,good,6 cylinders,gas,20736,clean,other,1GKKNLLS2JZ178034,fwd,,other,white,al
7307285525,dothan,16590,2013,lincoln,mkz sedan 4d,good,,gas,61087,clean,other,3LN6L2G99DR819673,fwd,,sedan,red,al
7307170097,dothan,20590,2017,lincoln,mkz premiere sedan 4d,good,,gas,36436,clean,other,3LN6L5A97HR666209,fwd,,sedan,,al
7307150133,dothan,48407,2020,ford,expedition max xlt,excellent,,gas,13864,clean,automatic,1FMJK1HTXLEA25218,,,,black,al
7307142288,dothan,15590,2012,mitsubishi,outlander se sport,good,,gas,55110,clean,automatic,JA4JT3AW4CU019108,4wd,,SUV,blue,al
7306864678,dothan,18800,1978,chevrolet,,good,8 cylinders,gas,9999,clean,automatic,,rwd,,pickup,orange,al
7306783878,dothan,39998,2020,ford,explorer limited,excellent,,gas,19891,clean,automatic,1FMSK8FH0LGB83213,,,,white,al
7306728369,dothan,16990,2014,acura,ilx 2.0l sedan 4d,good,,other,44473,clean,other,19VDE1F37EE001597,,,sedan,silver,al
7306689188,dothan,14990,2016,kia,soul + wagon 4d,good,,gas,43223,clean,other,KNDJP3A58G7371789,fwd,,wagon,,al
7306641201,dothan,19590,2017,kia,soul ! wagon 4d,good,,other,13688,clean,other,KNDJX3AA9H7495679,fwd,,wagon,red,al
7306641172,dothan,35990,2018,jaguar,e-pace p250 se sport,good,,gas,8490,clean,other,SADFP2FX0J1Z05358,,,other,black,al
7306632401,dothan,43063,2018,ford,f-150 lariat,excellent,,gas,64983,clean,automatic,1FTEW1EG5JKF63972,,,,white,al
7306602676,dothan,40990,2017,lincoln,navigator l select sport,good,,other,31843,clean,automatic,5LMJJ3JT2HEL11304,4wd,,SUV,black,al
7306267242,dothan,82998,2020,gmc,sierra 3500hd denali,excellent,,gas,8420,clean,automatic,1GT49WEY0LF270114,,,,black,al
7306238676,dothan,12990,2013,volvo,s60 t5 sedan 4d,good,,gas,86614,clean,other,YV1612FS8D2218929,fwd,,sedan,black,al
7306238456,dothan,25990,2018,volvo,s60 t5 inscription sedan,good,,diesel,22834,clean,other,LYV402TK9JB177497,,,sedan,,al
7306172579,dothan,36590,2019,volvo,s60 t6 r-design sedan 4d,good,,gas,7618,clean,other,7JRA22TM2KG013336,,,sedan,white,al
7306125892,dothan,18990,2015,volvo,s60 t5 premier sedan 4d,good,,other,37238,clean,other,YV126MFK8F1362663,,,sedan,silver,al
7306082118,dothan,35990,2019,volvo,s60 t6 r-design sedan 4d,good,,other,15567,clean,other,7JRA22TM4KG006873,,,sedan,red,al
7305965940,dothan,0,2013,,Other,,,other,0,clean,other,1.31E+16,,,other,,al
7305886883,dothan,4150,2006,,suzuki forenza,good,4 cylinders,gas,101000,clean,automatic,,,,,green,al
7305875714,dothan,3875,2001,kia,spectra,good,4 cylinders,gas,206000,clean,automatic,,,,,silver,al
7305866002,dothan,4450,2000,ford,expedition,good,8 cylinders,gas,171000,clean,automatic,,,,,black,al
7305812883,dothan,3000,2005,chrysler,town and country,good,6 cylinders,gas,290000,clean,automatic,,,,,,al
7305800930,dothan,3000,2001,pontiac,montana,good,6 cylinders,gas,253000,clean,automatic,,,,,white,al
7305789367,dothan,4125,2007,ford,taurus,good,6 cylinders,gas,178000,clean,automatic,,,,,green,al
7305728568,dothan,22590,2020,buick,encore gx select sport,good,,other,5144,clean,other,KL4MMDSL8LB104338,,,SUV,red,al
7305728363,dothan,38990,2020,infiniti,qx60 luxe sport utility,good,6 cylinders,gas,5279,clean,other,5N1DL0MN9LC508268,fwd,,other,black,al
7305707837,dothan,8900,1970,chevrolet,c10,,,gas,108000,clean,manual,,,,,,al
7305704621,dothan,8900,2016,kia,forte,,,gas,84000,clean,manual,,,,,,al
7305701098,dothan,6300,2013,dodge,avenger,,,gas,127000,clean,automatic,,,,,,al
7305696293,dothan,7900,2013,hyundai,elantra,,,gas,107000,clean,automatic,,,,,,al
7305692925,dothan,9300,2012,honda,civic,,,gas,100600,clean,automatic,,,,,,al
7305672261,dothan,0,2018,chevrolet,express cargo van,like new,6 cylinders,gas,68472,clean,automatic,1GCWGAFP8J1309579,rwd,full-size,van,white,al
7305672264,dothan,0,2019,chevrolet,express cargo van,like new,6 cylinders,gas,69125,clean,automatic,1GCWGAFP4K1214373,rwd,full-size,van,white,al
7305672248,dothan,0,2018,chevrolet,express cargo van,like new,6 cylinders,gas,66555,clean,automatic,1GCWGAFPXJ1337903,rwd,full-size,van,white,al
7305652525,dothan,33990,2018,alfa-romeo,romeo stelvio ti sport suv,good,,gas,23753,clean,other,ZASFAKNN6J7B70368,,,hatchback,,al
7305606810,dothan,27990,2017,lincoln,continental select sedan,good,6 cylinders,gas,19492,clean,automatic,1LN6L9TK4H5636420,,,sedan,,al
7305585650,dothan,29998,2020,dodge,challenger sxt,excellent,,gas,6062,clean,automatic,2C3CDZAG4LH161814,,,,black,al
7305559995,dothan,39990,2020,acura,mdx sh-awd sport utility,good,6 cylinders,gas,1237,clean,other,5J8YD4H39LL041518,,,other,white,al
7305551849,dothan,55000,2019,chevrolet,silverado,like new,8 cylinders,gas,58000,clean,automatic,,4wd,mid-size,truck,white,al
7305505150,dothan,4500,1994,honda,accord,good,4 cylinders,gas,184000,clean,manual,,fwd,full-size,sedan,blue,al
7305214769,dothan,36590,2018,audi,q5 prestige sport utility,good,,gas,32409,clean,other,WA1CNAFY2J2139581,,,SUV,red,al
7305170355,dothan,18590,2018,hyundai,sonata sel sedan 4d,good,,gas,22075,clean,other,5NPE34AF7JH658815,fwd,,sedan,white,al
7305158423,dothan,51325,2020,ford,f150 lariat 4wd,,,gas,5503,clean,automatic,,,,,,al
7305140300,dothan,14990,2016,,Scion iM Hatchback 4D,good,,gas,65203,clean,other,JTNKARJE4GJ508198,fwd,,hatchback,red,al
7305140219,dothan,30990,2018,lexus,nx 300h sport utility 4d,good,,hybrid,27205,clean,automatic,JTJBJRBZXJ2094073,,,hatchback,silver,al
7305087734,dothan,29990,2018,audi,a6 2.0t premium plus sedan,good,,other,24996,clean,automatic,WAUG8AFC8JN040987,,,sedan,silver,al
7304939504,dothan,9079,2014,honda,accord sedan lx,,,gas,120569,clean,automatic,,,,,,al
7304907991,dothan,40703,2020,ford,explorer hybrid limited,,,hybrid,3075,clean,automatic,,,,,,al
7304786484,dothan,11989,2016,dodge,journey sxt,excellent,,gas,112282,clean,automatic,3C4PDCBG9GT141385,,,,white,al
7304751819,dothan,27990,2015,ford,f150 supercrew cab xl,good,,other,56080,clean,other,1FTEW1C83FFC45408,,,pickup,,al
7304735334,dothan,3000,1982,ford,f100,fair,6 cylinders,gas,42000,clean,automatic,,rwd,full-size,pickup,green,al
7304711211,dothan,27636,2018,ford,explorer xlt,,,gas,18022,clean,automatic,,,,,,al
7304711123,dothan,37180,2018,ford,f150 xlt 4wd f-150 4x4,,,gas,38374,clean,automatic,,,,,,al
7304697711,dothan,18590,2017,toyota,camry le sedan 4d,good,,gas,30223,clean,other,4T1BF1FK4HU421581,fwd,,sedan,silver,al
7304697686,dothan,15990,2018,ford,focus se hatchback 4d,good,,other,14178,clean,other,1FADP3K25JL291324,,,hatchback,white,al
7304638079,dothan,43998,2020,ford,explorer limited,excellent,,gas,24054,clean,automatic,1FMSK7FH8LGA30153,,,,white,al
7304611597,dothan,36990,2018,ford,f150 supercrew cab xlt,good,8 cylinders,gas,10170,clean,other,1FTEW1C5XJKE69054,,,pickup,black,al
7304611581,dothan,33590,2020,chevrolet,silverado 1500 double,good,6 cylinders,other,15591,clean,other,1GCRYAEH3LZ179610,4wd,,pickup,white,al
7304540349,dothan,3000,2005,ford,f-150 lariat,fair,8 cylinders,gas,150000,clean,automatic,,rwd,full-size,truck,blue,al
7304361572,dothan,7000,2013,ford,fusion se,excellent,4 cylinders,gas,150000,clean,automatic,,fwd,full-size,sedan,blue,al
7304272122,dothan,32498,2020,honda,accord touring 2.0t,excellent,,gas,36170,clean,automatic,1HGCV2F90LA004937,,,,white,al
7304243380,dothan,35990,2020,toyota,4runner sr5 sport utility,good,6 cylinders,gas,33556,clean,other,JTEBU5JR7L5790715,4wd,,SUV,black,al
7304210275,dothan,27990,2016,jeep,wrangler unlimited willys,good,,other,58916,clean,other,1C4BJWDG2GL197312,4wd,,SUV,silver,al
7304171462,dothan,39590,2020,toyota,4runner sr5 sport utility,good,6 cylinders,gas,3110,clean,other,JTEBU5JR2L5746055,4wd,,SUV,white,al
7304129414,dothan,25990,2016,toyota,tacoma access cab sr5,good,,other,79393,clean,other,5TFSX5EN4GX044784,,,pickup,silver,al
7304120097,dothan,34998,2019,toyota,highlander xle,excellent,,gas,20252,clean,automatic,5TDKZRFHXKS569180,,,,silver,al
7304073583,dothan,26990,2020,toyota,tacoma access cab sr5,good,,gas,8625,clean,other,5TFRX5GN0LX165463,,,pickup,red,al
7304008996,dothan,4800,2006,ford,f-150,,,gas,205000,clean,automatic,,,,,,al
7303827395,dothan,11500,2012,chevrolet,,,,gas,106,clean,automatic,,,,,,al
7303688189,dothan,14590,2012,bmw,1 series 128i coupe 2d,good,,other,80465,clean,other,WBAUP9C53CVL91190,,,coupe,black,al
7303688087,dothan,19990,2020,mitsubishi,outlander sport es,good,,other,11103,clean,other,JA4AP3AU9LU013694,,,hatchback,orange,al
7303658149,dothan,18000,1948,chevrolet,aero 2 door sedan,good,8 cylinders,gas,21000,clean,automatic,,rwd,full-size,coupe,silver,al
7303612082,dothan,32590,2020,,Genesis G70 2.0T Sedan 4D,good,,other,4171,clean,other,KMTG64LA2LU056383,,,sedan,white,al
7303612022,dothan,20590,2018,chrysler,300 limited sedan 4d,good,6 cylinders,gas,71021,clean,other,2C3CCAEG6JH123125,rwd,,sedan,black,al
7303602667,dothan,58998,2020,ford,f-150 lariat,excellent,,gas,3421,clean,automatic,1FTEW1EP4LFC42677,,,,black,al
7303562259,dothan,10990,2013,nissan,sentra s sedan 4d,good,,gas,81557,clean,other,3N1AB7AP2DL658501,fwd,,sedan,red,al
7303394081,dothan,5300,2010,jeep,patriot,,,gas,160000,clean,automatic,,,,,,al
7303262763,dothan,8000,2013,kia,soul,excellent,4 cylinders,gas,89800,rebuilt,automatic,,fwd,compact,hatchback,red,al
7303232586,dothan,12499,2018,ford,focus se,excellent,,gas,69319,clean,automatic,1FADP3K2XJL207692,,,,black,al
7303196791,dothan,26990,2018,gmc,acadia sle-2 sport utility,good,6 cylinders,gas,26514,clean,other,1GKKNLLS5JZ181591,fwd,,SUV,,al
7303179945,dothan,21990,2018,chevrolet,express 2500,excellent,6 cylinders,gas,69000,clean,automatic,,rwd,full-size,,white,al
7303164131,dothan,24990,2020,mitsubishi,outlander gt sport,good,,other,28945,clean,other,JA4JZ4AX3LZ036515,4wd,,SUV,white,al
7303124404,dothan,36590,2020,gmc,acadia denali sport utility,good,6 cylinders,gas,33026,clean,other,1GKKNXLS6LZ134810,,,SUV,black,al
7303093384,dothan,30990,2020,gmc,acadia slt sport utility 4d,good,6 cylinders,gas,35200,clean,other,1GKKNULSXLZ132766,,,SUV,white,al
7303078511,dothan,66998,2020,ford,f-150 limited,excellent,,gas,10966,clean,automatic,1FTEW1EG5LFC10661,,,,white,al
7303040792,dothan,24590,2018,lincoln,mkz select sedan 4d,good,,gas,16081,clean,automatic,3LN6L5C91JR615484,fwd,,sedan,white,al
7302710958,dothan,33998,2017,ford,explorer limited,excellent,,gas,42037,clean,automatic,1FM5K7FH2HGB03697,,,,red,al
7302655034,dothan,20990,2020,kia,soul s wagon 4d,good,,gas,2421,clean,other,KNDJ23AU1L7721375,fwd,,wagon,black,al
7302635372,dothan,23990,2019,acura,ilx premium pkg sedan 4d,good,,gas,7281,clean,other,19UDE2F75KA013392,fwd,,sedan,black,al
7302590897,dothan,8990,2013,,smart fortwo Passion Hatchback,good,,gas,59072,clean,automatic,WMEEJ3BA2DK636540,rwd,,coupe,silver,al
7302590811,dothan,35590,2017,lincoln,navigator l select sport,good,6 cylinders,gas,76216,clean,automatic,5LMJJ3JT0HEL13925,4wd,,SUV,white,al
7302527114,dothan,52990,2020,jaguar,e-pace p300 r-dynamic se,good,,gas,79,clean,other,SADFL2GX2L1Z91107,,,other,white,al
7302517814,dothan,16000,1969,pontiac,,,,gas,45000,clean,automatic,,,,,,al
7302322906,dothan,5250,2003,chevrolet,trailblazer,good,6 cylinders,gas,221000,clean,automatic,,,,,green,al
7302207967,dothan,33994,2020,ford,ranger xlt 4wd,,,gas,4,clean,automatic,,,,,,al
7302179530,dothan,20998,2018,toyota,camry xle,excellent,,gas,55610,clean,automatic,4T1B11HK6JU554649,,,,,al
7302143371,dothan,17590,2015,volvo,s60 t5 premier sedan 4d,good,,gas,63512,clean,automatic,YV1612TBXF1304224,,,sedan,blue,al
7302132335,dothan,19291,2018,chevrolet,impala premier,,,gas,42312,clean,automatic,,,,,,al
7302102164,dothan,36590,2020,volvo,s60 t6 r-design sedan 4d,good,,gas,18506,clean,other,7JRA22TM7LG032143,,,sedan,blue,al
7302069081,dothan,33590,2019,volvo,s60 t6 r-design sedan 4d,good,,gas,10742,clean,other,7JRA22TM6KG005594,,,sedan,silver,al
7302031608,dothan,35990,2020,volvo,s60 t6 inscription sedan,good,,other,11878,clean,other,7JRA22TL7LG037835,,,sedan,blue,al
7302022184,dothan,37998,2018,ford,f-150 xlt,excellent,,gas,49103,clean,automatic,1FTEW1E55JFD14031,,,,silver,al
7301980476,dothan,38590,2019,volvo,s60 t8 r-design sedan 4d,good,,gas,14054,clean,automatic,7JRBR0FM4KG013841,,,sedan,black,al
7301813260,dothan,5500,2009,audi,a5,excellent,6 cylinders,gas,211000,clean,automatic,WAUDK78T59A027332,,,coupe,silver,al
7301685271,dothan,3000,2006,chevrolet,trailblazer,,,gas,124095,clean,automatic,,,,SUV,black,al
7301677770,dothan,32590,2018,alfa-romeo,romeo stelvio sport suv 4d,good,,other,14863,clean,other,ZASFAKPN0J7B80942,,,hatchback,blue,al
7301677751,dothan,45590,2020,acura,mdx advance pkg sport,good,6 cylinders,gas,3687,clean,other,5J8YD3H8XLL007383,fwd,,SUV,white,al
7301657983,dothan,25590,2020,buick,encore gx select sport,good,,gas,1113,clean,automatic,KL4MMDSL6LB104869,fwd,,SUV,red,al
7301636755,dothan,29590,2018,lincoln,continental select sedan,good,6 cylinders,other,33047,clean,automatic,1LN6L9TP1J5605689,,,sedan,white,al
7301619860,dothan,27590,2018,infiniti,qx60 3.5 sport utility,good,6 cylinders,gas,41119,clean,automatic,5N1DL0MM4JC527444,,,SUV,blue,al
7316853861,florence / muscle shoals,21250,2002,ford,thunderbird,like new,8 cylinders,gas,15962,clean,automatic,,fwd,compact,convertible,yellow,al
7316794868,florence / muscle shoals,30990,2015,toyota,tacoma double cab,good,6 cylinders,gas,34375,clean,other,3TMJU4GNXFM174374,,,pickup,white,al
7316794882,florence / muscle shoals,16990,2016,kia,forte koup ex coupe 2d,good,,gas,17631,clean,other,KNAFX6A8XG5647822,fwd,,coupe,,al
7316755519,florence / muscle shoals,16350,2013,ford,econoline cargo,good,8 cylinders,gas,83000,clean,automatic,,rwd,full-size,van,white,al
7316713925,florence / muscle shoals,4100,2004,nissan,armada,good,8 cylinders,gas,226000,clean,automatic,,4wd,full-size,SUV,grey,al
7316686065,florence / muscle shoals,39590,2019,chevrolet,silverado 1500 crew,good,,gas,21014,clean,other,3GCPYDEK6KG154347,4wd,,pickup,brown,al
7316396195,florence / muscle shoals,20995,2011,chevrolet,silverado 1500 ltz crew cab 4wd,,,,137701,,automatic,3GCPKTE30BG264332,4wd,,pickup,,al
7316395218,florence / muscle shoals,25995,2015,chevrolet,silverado 1500 lt crew cab 4wd,,,,151681,,automatic,3GCUKREC2FG257362,4wd,,pickup,,al
7316394132,florence / muscle shoals,31995,2014,chevrolet,silverado 1500 2lt crew cab long box 4wd,,,,66738,,automatic,3GCUKREC8EG123888,4wd,,pickup,,al
7316378170,florence / muscle shoals,9000,1974,cadillac,eldorado,,,gas,92110,clean,automatic,,,,,,al
7316360251,florence / muscle shoals,13990,2014,ford,escape titanium,,,gas,92706,clean,automatic,,,,,,al
7316358841,florence / muscle shoals,6990,2012,dodge,grand caravan se,,,gas,136185,clean,automatic,,,,,,al
7316357165,florence / muscle shoals,13890,2016,chevrolet,malibu limited lt,,,gas,67334,clean,automatic,,,,,,al
7316284411,florence / muscle shoals,37990,2016,chevrolet,camaro ss coupe 2d,good,8 cylinders,gas,9704,clean,other,1G1FF1R79G0140582,rwd,,coupe,red,al
7316213243,florence / muscle shoals,8750,2006,subaru,outback,excellent,4 cylinders,gas,92000,clean,manual,,4wd,compact,SUV,silver,al
7316176390,florence / muscle shoals,24590,2017,chevrolet,silverado 1500 regular,good,6 cylinders,gas,40784,clean,other,1GCNCNEH7HZ118773,,,pickup,white,al
7316176354,florence / muscle shoals,31590,2020,mazda,mx-5 miata club,good,,gas,2195,clean,other,JM1NDAC74L0413665,rwd,,other,,al
7316170548,florence / muscle shoals,3000,1996,ford,ranger,good,,gas,100000,clean,manual,,,,,,al
7316006702,florence / muscle shoals,2650,1998,honda,accord,,4 cylinders,gas,156000,clean,automatic,1HGCG5640WA168130,fwd,compact,sedan,silver,al
7315756559,florence / muscle shoals,29990,2017,jeep,wrangler sport suv 2d,good,6 cylinders,gas,22947,clean,other,1C4AJWAG4HL696954,4wd,,other,,al
7315756406,florence / muscle shoals,25990,2014,gmc,sierra 1500 regular cab,good,6 cylinders,gas,15575,clean,other,1GTN1TEH5EZ273019,,,pickup,brown,al
7315739034,florence / muscle shoals,16500,2013,ford,escape sel,excellent,4 cylinders,gas,51500,clean,automatic,1FMCU0H93DUC51982,fwd,mid-size,SUV,red,al
7315719002,florence / muscle shoals,27990,2014,toyota,tacoma access cab pickup,good,,other,17805,clean,other,5TFTX4CN3EX042751,,,pickup,red,al
7315625422,florence / muscle shoals,13500,2015,gmc,acadia slt,good,other,gas,111073,clean,automatic,,,,SUV,black,al
7315581251,florence / muscle shoals,23000,2010,jeep,wrangler unlimited,excellent,6 cylinders,gas,112000,clean,automatic,1J4BA3H11AL197663,4wd,full-size,SUV,red,al
7315385350,florence / muscle shoals,29990,2016,chevrolet,colorado extended cab,good,6 cylinders,gas,17302,clean,other,1GCHTCE37G1186784,4wd,,pickup,red,al
7315379226,florence / muscle shoals,33990,2018,ford,f150 super cab xl pickup 4d,good,6 cylinders,other,13670,clean,other,1FTEX1CP9JFC60637,,,pickup,black,al
7315373230,florence / muscle shoals,32990,2017,jeep,wrangler unlimited sahara,good,6 cylinders,gas,24674,clean,other,1C4BJWEG4HL634856,4wd,,other,,al
7315085297,florence / muscle shoals,14900,1999,jeep,wrangler,good,6 cylinders,gas,140212,clean,manual,1J4FY19S0XP415571,4wd,full-size,SUV,green,al
7314854259,florence / muscle shoals,39590,2020,ford,mustang gt premium coupe 2d,good,8 cylinders,gas,1419,clean,other,1FA6P8CF5L5136223,rwd,,coupe,white,al
7314854286,florence / muscle shoals,36590,2020,gmc,sierra 1500 double cab,good,6 cylinders,gas,3592,clean,other,1GTR9AEH3LZ235526,4wd,,pickup,white,al
7314854238,florence / muscle shoals,39990,2019,nissan,370z nismo coupe 2d,good,6 cylinders,gas,8373,clean,other,JN1AZ4EH8KM420880,rwd,,coupe,white,al
7314511300,florence / muscle shoals,36990,2015,chevrolet,tahoe lt sport utility,good,8 cylinders,other,51677,clean,other,1GNSCBKC8FR712092,,,other,black,al
7314511309,florence / muscle shoals,36990,2018,toyota,4runner sr5 sport utility,good,6 cylinders,gas,21415,clean,other,JTEBU5JR4J5589139,4wd,,other,silver,al
7314511266,florence / muscle shoals,30990,2017,toyota,tundra double cab sr,good,8 cylinders,gas,41124,clean,other,5TFRM5F17HX120972,,,pickup,red,al
7314409249,florence / muscle shoals,2500,2000,ford,mustang,excellent,6 cylinders,gas,80000,clean,automatic,,,compact,coupe,red,al
7314362802,florence / muscle shoals,2500,1994,ram,,fair,6 cylinders,gas,123000,clean,automatic,,rwd,,,,al
7313929998,florence / muscle shoals,10990,2013,ford,edge sel,,,gas,152061,clean,automatic,,,,,,al
7313871035,florence / muscle shoals,27990,2020,ford,ranger supercab xl pickup,good,,gas,10688,clean,other,1FTER1EH1LLA36301,,,pickup,white,al
7313870985,florence / muscle shoals,34590,2016,chevrolet,silverado 1500 double,good,6 cylinders,gas,29499,clean,other,1GCVKREH6GZ228691,4wd,,pickup,silver,al
7313864426,florence / muscle shoals,26990,2016,ford,f150 regular cab xl pickup,good,6 cylinders,gas,14230,clean,other,1FTMF1CP3GKD62143,,,pickup,black,al
7313605371,florence / muscle shoals,11750,2011,chevrolet,tahoe,good,8 cylinders,gas,170000,lien,automatic,,rwd,full-size,SUV,grey,al
7313337061,florence / muscle shoals,24590,2013,gmc,sierra 1500 extended cab slt,good,8 cylinders,other,80318,clean,other,1GTR1WE07DZ143724,,,pickup,,al
7313336901,florence / muscle shoals,25990,2019,ram,1500 classic regular cab,good,8 cylinders,gas,12302,clean,other,3C6JR6DT3KG560649,,,pickup,white,al
7313308648,florence / muscle shoals,36590,2019,chevrolet,silverado 1500 crew,good,8 cylinders,gas,7619,clean,other,3GCPWCED5KG232523,,,pickup,white,al
7313007413,florence / muscle shoals,12000,1998,ford,f800,good,6 cylinders,diesel,169901,clean,automatic,,rwd,,truck,white,al
7312941912,florence / muscle shoals,13500,2012,honda,odyssey,excellent,6 cylinders,gas,138258,clean,automatic,5FNRL5H99CB118701,fwd,,van,black,al
7312817792,florence / muscle shoals,37990,2010,chevrolet,corvette grand sport,good,8 cylinders,other,56302,clean,other,1G1YS3DW5A5103103,rwd,,other,red,al
7312792806,florence / muscle shoals,26990,2016,mazda,mx-5 miata grand touring,good,,gas,7512,clean,other,JM1NDAD79G0101815,rwd,,other,red,al
7312748921,florence / muscle shoals,23990,2016,chevrolet,silverado 1500 regular,good,6 cylinders,gas,41568,clean,other,1GCNCNEH4GZ259783,,,pickup,white,al
7312633988,florence / muscle shoals,8700,1979,lincoln,town car,excellent,8 cylinders,gas,23000,clean,automatic,,rwd,full-size,sedan,grey,al
7312593235,florence / muscle shoals,2650,2007,ford,crown victoria police,,8 cylinders,gas,243000,clean,automatic,,,,,,al
7312356520,florence / muscle shoals,16990,2010,cadillac,escalade 4wd,excellent,8 cylinders,gas,155000,clean,automatic,,4wd,full-size,SUV,black,al
7312318560,florence / muscle shoals,22990,2012,toyota,tacoma access cab pickup,good,,gas,37725,clean,other,5TFTX4CN6CX015282,,,pickup,white,al
7312318528,florence / muscle shoals,29990,2017,jeep,wrangler sport suv 2d,good,6 cylinders,gas,28680,clean,other,1C4AJWAG4HL704941,4wd,,other,black,al
7312302237,florence / muscle shoals,15990,2013,ford,explorer,excellent,6 cylinders,gas,87000,clean,automatic,,4wd,mid-size,SUV,red,al
7312283268,florence / muscle shoals,36990,2017,ford,f150 supercrew cab xlt,good,6 cylinders,other,15443,clean,automatic,1FTEW1EG9HFC85502,4wd,,pickup,red,al
7312282872,florence / muscle shoals,25990,2017,infiniti,qx60,excellent,6 cylinders,gas,68000,clean,automatic,,4wd,mid-size,SUV,grey,al
7312281064,florence / muscle shoals,12900,2013,ford,f-150,good,8 cylinders,gas,216000,clean,automatic,,4wd,full-size,truck,white,al
7311925851,florence / muscle shoals,15900,2013,toyota,highlander,like new,6 cylinders,gas,120000,clean,automatic,,fwd,,SUV,grey,al
7311915565,florence / muscle shoals,29590,2017,ford,expedition xlt sport,good,6 cylinders,gas,70760,clean,other,1FMJU1JT1HEA52352,4wd,,SUV,blue,al
7311915626,florence / muscle shoals,36990,2018,jeep,wrangler unlimited all new,good,,other,5933,clean,other,1C4HJXDN3JW287136,4wd,,other,,al
7311915589,florence / muscle shoals,22590,2013,ford,f150 super cab xl pickup 4d,good,6 cylinders,other,14169,clean,other,1FTEX1CMXDFB16329,,,pickup,silver,al
7311455509,florence / muscle shoals,11990,2015,chevrolet,equinox lt,,,gas,128273,clean,automatic,,,,,,al
7311345130,florence / muscle shoals,37990,2019,ford,mustang gt coupe 2d,good,8 cylinders,gas,337,clean,other,1FA6P8CF8K5199377,rwd,,coupe,black,al
7311321975,florence / muscle shoals,29990,2012,toyota,tacoma double cab pickup,good,6 cylinders,gas,43182,clean,other,3TMLU4EN4CM085701,4wd,,pickup,white,al
7311286725,florence / muscle shoals,32990,2011,bmw,z4 sdrive35is roadster 2d,good,,other,45858,clean,other,WBALM1C55BE393513,rwd,,other,red,al
7310954634,florence / muscle shoals,7000,1996,,1996 s10 ss,good,6 cylinders,gas,200000,clean,automatic,,rwd,mid-size,pickup,white,al
7310836195,florence / muscle shoals,31990,2019,acura,rdx sport utility 4d,good,,gas,16370,clean,other,5J8TC1H34KL022997,fwd,,SUV,white,al
7310835881,florence / muscle shoals,26990,2018,acura,rdx technology and,good,6 cylinders,gas,30386,clean,other,5J8TB3H59JL009998,fwd,,other,silver,al
7310774542,florence / muscle shoals,33590,2019,alfa-romeo,romeo giulia ti sedan 4d,good,,gas,12442,clean,other,ZARFANBN1K7615511,,,sedan,blue,al
7310628088,florence / muscle shoals,2000,1995,chevrolet,s10,fair,6 cylinders,gas,159000,clean,automatic,,rwd,mid-size,pickup,red,al
7310434542,florence / muscle shoals,9990,2014,chrysler,town & country touring,,,gas,116455,clean,automatic,,,,,,al
7310326090,florence / muscle shoals,15590,2016,,Scion iM Hatchback 4D,good,,gas,32573,clean,other,JTNKARJE9GJ510268,fwd,,hatchback,green,al
7310325813,florence / muscle shoals,21990,2018,hyundai,sonata limited sedan 4d,good,,other,14945,clean,other,5NPE34AF3JH683954,fwd,,sedan,white,al
7310260249,florence / muscle shoals,16590,2015,hyundai,sonata sport sedan 4d,good,,gas,26655,clean,other,5NPE34AF8FH021634,fwd,,sedan,white,al
7310122790,florence / muscle shoals,2650,2005,lincoln,town car,,8 cylinders,gas,176000,clean,automatic,,rwd,,,blue,al
7310121183,florence / muscle shoals,6500,1986,chevrolet,k10 4x4,good,8 cylinders,gas,123456,clean,automatic,,4wd,full-size,pickup,brown,al
7309795346,florence / muscle shoals,32590,2018,bmw,x3 xdrive30i sport utility,good,,gas,28118,clean,automatic,5UXTR9C56JLC76215,,,other,black,al
7309795224,florence / muscle shoals,40590,2018,lexus,rx 350l sport utility 4d,good,6 cylinders,gas,9173,clean,other,JTJDZKCA3J2004022,,,other,,al
7309740039,florence / muscle shoals,29990,2018,lexus,nx 300 sport utility 4d,good,,other,15923,clean,other,JTJYARBZ2J2097415,,,hatchback,white,al
7309545303,florence / muscle shoals,25500,2016,ford,explorer,like new,6 cylinders,gas,98000,clean,automatic,,4wd,mid-size,SUV,white,al
7309524195,florence / muscle shoals,27900,2014,jeep,wrangler,excellent,6 cylinders,gas,117834,clean,automatic,1C4BJWDG5EL206288,4wd,full-size,SUV,white,al
7309368450,florence / muscle shoals,13690,2014,honda,cr-v ex,,,gas,103669,clean,automatic,,,,,,al
7309354527,florence / muscle shoals,4850,2002,gmc,yukon xl slt,good,8 cylinders,gas,220000,clean,automatic,,4wd,full-size,SUV,silver,al
7309220513,florence / muscle shoals,26900,2014,jeep,wrangler,like new,6 cylinders,gas,64700,clean,automatic,1C4AJWAG0EL223029,4wd,full-size,SUV,black,al
7309219740,florence / muscle shoals,24900,2012,jeep,wrangler,excellent,6 cylinders,gas,113761,clean,automatic,1C4BJWDG2CL167172,4wd,full-size,SUV,red,al
7309216613,florence / muscle shoals,20590,2013,acura,mdx sport utility 4d,good,6 cylinders,gas,77087,clean,other,2HNYD2H30DH510846,,,other,silver,al
7309217979,florence / muscle shoals,23900,2015,jeep,wrangler,excellent,6 cylinders,gas,77785,clean,manual,1C4AJWAG8FL616827,4wd,full-size,SUV,orange,al
7309197922,florence / muscle shoals,25990,2018,volvo,s60 t5 inscription sedan,good,,diesel,22834,clean,other,LYV402TK9JB177497,,,sedan,,al
7309166307,florence / muscle shoals,36590,2019,,Genesis G70 3.3T Dynamic Edition,good,,other,33278,clean,other,KMTG34LE1KU027872,rwd,,sedan,white,al
7308899871,florence / muscle shoals,1500,1983,,1983 Mustange Convertible,fair,6 cylinders,gas,48580,clean,automatic,,rwd,compact,convertible,red,al
7308735496,florence / muscle shoals,40590,2019,ford,f250 super duty regular cab,good,8 cylinders,other,9313,clean,other,1FTBF2B65KEC91136,4wd,,pickup,white,al
7308735407,florence / muscle shoals,36590,2019,gmc,sierra 1500 limited double,good,8 cylinders,gas,14222,clean,other,2GTV2LECXK1123316,4wd,,pickup,blue,al
7308703177,florence / muscle shoals,46990,2014,chevrolet,corvette stingray,good,8 cylinders,gas,16966,clean,other,1G1YA3D74E5119018,rwd,,other,white,al
7308462187,florence / muscle shoals,36900,,,olet Express Commercial Cutaway,,8 cylinders,,71931,,automatic,1HA3GTCG1KN000447,rwd,,pickup,white,al
7308248006,florence / muscle shoals,11900,2013,toyota,avalon ylimited,excellent,,gas,132000,clean,automatic,,,,,silver,al
7308232289,florence / muscle shoals,27590,2013,toyota,tacoma access cab pickup,good,,other,43937,clean,other,5TFUU4EN6DX061948,4wd,,pickup,white,al
7308227248,florence / muscle shoals,25990,2017,toyota,tacoma access cab sr,good,,gas,22820,clean,other,5TFRX5GN9HX090138,,,pickup,,al
7308183617,florence / muscle shoals,25590,2018,lincoln,mkz reserve hybrid sedan,good,,hybrid,33467,clean,other,3LN6L5MU3JR609317,fwd,,sedan,white,al
7307512066,florence / muscle shoals,12500,2011,ford,f150 lariat,,,gas,197000,clean,automatic,,,,,,al
7307389834,florence / muscle shoals,14200,2016,gmc,terrain slt 2wd,excellent,6 cylinders,gas,135000,clean,automatic,,fwd,mid-size,SUV,white,al
7307378760,florence / muscle shoals,9990,2013,ford,escape se 4wd,excellent,4 cylinders,gas,111000,clean,automatic,,4wd,sub-compact,SUV,white,al
7307371633,florence / muscle shoals,14400,2017,jeep,cherokee latitude 2wd,excellent,4 cylinders,gas,105000,clean,automatic,,fwd,mid-size,SUV,grey,al
7307208177,florence / muscle shoals,64900,,,500,,6 cylinders,diesel,12338,,automatic,3C63RRHL0LG260671,4wd,,pickup,white,al
7307170215,florence / muscle shoals,40590,2019,ram,1500 crew cab big horn,good,8 cylinders,gas,16931,clean,other,1C6SRFMT2KN657854,4wd,,pickup,,al
7307170029,florence / muscle shoals,27990,2014,ram,1500 crew cab laramie pickup,good,8 cylinders,gas,83987,clean,other,1C6RR6VTXES122841,,,pickup,white,al
7307147677,florence / muscle shoals,35590,2018,ram,1500 crew cab big horn,good,6 cylinders,other,22805,clean,other,1C6RR7LG2JS220638,4wd,,pickup,black,al
7306969435,florence / muscle shoals,13900,2019,buick,encore,excellent,4 cylinders,gas,26000,rebuilt,automatic,KL4CJASB9KB703029,fwd,,SUV,,al
7306635622,florence / muscle shoals,33590,2020,acura,rdx sport utility 4d,good,,gas,13623,clean,other,5J8TC1H33LL013841,fwd,,SUV,,al
7306635601,florence / muscle shoals,27590,2018,acura,rdx sport utility 4d,good,6 cylinders,gas,22873,clean,other,5J8TB4H32JL023505,,,SUV,white,al
7306597334,florence / muscle shoals,27590,2018,alfa-romeo,romeo giulia sedan 4d,good,,gas,11007,clean,other,ZARFAEDN0J7565017,,,sedan,white,al
7306466553,florence / muscle shoals,7500,2012,chrysler,town and country,good,6 cylinders,gas,133000,clean,automatic,,fwd,,van,black,al
7306292351,florence / muscle shoals,19995,2011,jeep,wrangler right hand drive,,,,87857,,manual,1J4BZ3H14BL602635,4wd,,SUV,,al
7306172482,florence / muscle shoals,14990,2016,,Scion iM Hatchback 4D,good,,gas,65203,clean,other,JTNKARJE4GJ508198,fwd,,hatchback,red,al
7306125766,florence / muscle shoals,12990,2014,,Scion xD Hatchback 4D,good,,other,81350,clean,other,JTKKUPB44E1043837,fwd,,hatchback,white,al
7306099953,florence / muscle shoals,17590,2016,hyundai,sonata se sedan 4d,good,,gas,9570,clean,other,5NPE24AF0GH382506,fwd,,sedan,,al
7305612327,florence / muscle shoals,32590,2017,lexus,rx 350 sport utility 4d,good,,other,23572,clean,other,2T2ZZMCA0HC075867,fwd,,SUV,black,al
7305612236,florence / muscle shoals,39590,2020,bmw,x3 sdrive30i sport utility,good,,other,8396,clean,other,5UXTY3C07L9D63125,rwd,,SUV,white,al
7305559976,florence / muscle shoals,30990,2018,lexus,nx 300h sport utility 4d,good,,hybrid,27205,clean,automatic,JTJBJRBZXJ2094073,,,hatchback,silver,al
7305281329,florence / muscle shoals,19000,2013,gmc,sierra,excellent,8 cylinders,gas,172699,clean,automatic,,4wd,full-size,truck,white,al
7305144875,florence / muscle shoals,39990,2019,,Genesis G70 3.3T Advanced Sedan,good,,other,11717,clean,other,KMTG34LE9KU021141,rwd,,sedan,red,al
7305144849,florence / muscle shoals,38990,2020,acura,mdx sport utility 4d,good,,other,2512,clean,other,5J8YD3H39LL012434,fwd,,SUV,black,al
7305087696,florence / muscle shoals,35990,2020,volvo,s60 t6 inscription sedan,good,,other,11878,clean,other,7JRA22TL7LG037835,,,sedan,blue,al
7304962325,florence / muscle shoals,19500,2013,jeep,wrangler,excellent,6 cylinders,gas,124055,clean,automatic,1C4AJWAGXDL542324,4wd,full-size,SUV,blue,al
7304692224,florence / muscle shoals,53700,,,ierra 1500,,8 cylinders,gas,35676,,automatic,3GTP9EED8LG120707,4wd,,pickup,grey,al
7304674605,florence / muscle shoals,58500,1933,ford,coupe,,,gas,5830,clean,automatic,,,,,black,al
7304633051,florence / muscle shoals,7500,2011,mazda,2,good,4 cylinders,gas,78000,clean,automatic,,,,,,al
7304622343,florence / muscle shoals,18590,2017,toyota,camry le sedan 4d,good,,gas,30223,clean,other,4T1BF1FK4HU421581,fwd,,sedan,silver,al
7304622351,florence / muscle shoals,15590,2016,kia,soul wagon 4d,good,,gas,23972,clean,other,KNDJN2A28G7302820,fwd,,wagon,brown,al
7304622327,florence / muscle shoals,40590,2018,jeep,wrangler unlimited all new,good,6 cylinders,gas,22092,clean,other,1C4HJXEG8JW102952,4wd,,SUV,,al
7304251604,florence / muscle shoals,50980,,,olet Silverado 2500HD,,8 cylinders,diesel,50954,,automatic,1GC1KSEY9KF178482,4wd,,pickup,white,al
7304134818,florence / muscle shoals,23990,2017,lincoln,mkz reserve sedan 4d,good,,gas,28565,clean,other,3LN6L5E96HR662842,fwd,,sedan,,al
7304129535,florence / muscle shoals,21990,2013,toyota,tacoma access cab,good,,other,77018,clean,other,5TFTU4GN8DX030371,,,pickup,red,al
7304085907,florence / muscle shoals,25990,2016,toyota,tacoma access cab sr5,good,,other,79393,clean,other,5TFSX5EN4GX044784,,,pickup,silver,al
7303908040,florence / muscle shoals,31995,2016,chevrolet,silverado 1500 lt crew cab long box 4wd,,,gas,94526,,automatic,3GCUKREC4GG347677,4wd,,pickup,,al
7303878886,florence / muscle shoals,8750,2006,subaru,outback,excellent,4 cylinders,gas,92000,clean,manual,,4wd,compact,SUV,silver,al
7303800922,florence / muscle shoals,9995,2011,toyota,prius prius v,,,,104087,,other,JTDKN3DU5B0273141,fwd,,hatchback,silver,al
7303799739,florence / muscle shoals,27995,2014,ram,1500 sport crew cab lwb 4wd,,,,86325,,automatic,1C6RR7UT6ES166228,4wd,,pickup,,al
7303798623,florence / muscle shoals,29995,2016,jeep,wrangler unlimited sport 4wd,,,,65203,,manual,1C4BJWDG0GL320573,4wd,,SUV,,al
7303797563,florence / muscle shoals,26995,2014,ford,f-150 xl supercrew 6.5-ft. bed 4wd,,,,119981,,automatic,1FTFW1EF6EKG29978,4wd,,pickup,,al
7303796403,florence / muscle shoals,26995,2017,ford,f-150 xl supercrew 5.5-ft. bed 4wd,,,,142288,,automatic,1FTFW1EF1HKE53975,4wd,,pickup,,al
7303795260,florence / muscle shoals,25995,2014,chevrolet,silverado 1500 work truck 2wt crew cab long box 4w,,,,91852,,automatic,3GCUKPECXEG302292,4wd,,pickup,,al
7303794080,florence / muscle shoals,32995,2018,chevrolet,silverado 1500 ls crew cab long box 4wd,,,,82233,,automatic,1GCUKNEC5JF175922,4wd,,pickup,,al
7303612147,florence / muscle shoals,26990,2017,infiniti,qx60 3.5 sport utility,good,6 cylinders,gas,40529,clean,automatic,5N1DL0MM6HC557149,,,SUV,,al
7303612119,florence / muscle shoals,41590,2020,buick,enclave avenir sport,good,6 cylinders,gas,29010,clean,other,5GAERDKWXLJ231184,fwd,,SUV,red,al
7303573565,florence / muscle shoals,3500,2006,nissan,altima 3.5 sl,good,6 cylinders,gas,287000,clean,automatic,,fwd,mid-size,sedan,white,al
7303562334,florence / muscle shoals,29590,2019,alfa-romeo,romeo stelvio ti sport,good,,other,60984,clean,other,ZASPAKBN6K7C33284,,,hatchback,black,al
7303093558,florence / muscle shoals,35590,2019,ram,1500 crew cab big horn,good,6 cylinders,gas,68032,clean,other,1C6RRFFG5KN664859,4wd,,pickup,,al
7303093380,florence / muscle shoals,39990,2019,ram,1500 crew cab big horn,good,6 cylinders,gas,19381,clean,other,1C6RRFFG8KN755883,4wd,,pickup,red,al
7303037394,florence / muscle shoals,39590,2019,ram,1500 crew cab big horn,good,6 cylinders,gas,22154,clean,other,1C6RRFFG4KN755640,4wd,,pickup,red,al
7302864277,florence / muscle shoals,24900,2012,jeep,wrangler,excellent,6 cylinders,gas,113761,clean,automatic,1C4BJWDG2CL167172,4wd,full-size,SUV,red,al
7302863797,florence / muscle shoals,26900,2014,jeep,wrangler,like new,6 cylinders,gas,64700,clean,automatic,1C4AJWAG0EL223029,4wd,full-size,SUV,black,al
7302788821,florence / muscle shoals,9500,2011,hyundai,genesis coupe 3.8,excellent,,gas,100038,clean,automatic,,,,,grey,al
7302579272,florence / muscle shoals,29990,2017,alfa-romeo,romeo giulia ti sedan 4d,good,,other,17703,clean,other,ZARFAECN2H7557092,rwd,,sedan,red,al
7302526986,florence / muscle shoals,8990,2013,,smart fortwo Passion Hatchback,good,,gas,59072,clean,automatic,WMEEJ3BA2DK636540,rwd,,coupe,silver,al
7302526943,florence / muscle shoals,23990,2018,acura,rdx sport utility 4d,good,6 cylinders,gas,49760,clean,automatic,5J8TB4H37JL026206,,,SUV,black,al
7302411297,florence / muscle shoals,16900,2006,ford,f350 super duty,,,gas,123549,clean,automatic,,,,,,al
7302194247,florence / muscle shoals,21250,2002,ford,thunderbird,like new,8 cylinders,gas,15962,clean,automatic,,fwd,compact,convertible,yellow,al
7302043331,florence / muscle shoals,21990,2020,hyundai,sonata se sedan 4d,good,,other,13793,clean,other,5NPEG4JA0LH041512,,,sedan,blue,al
7302004853,florence / muscle shoals,15590,2016,,Scion iM Hatchback 4D,good,,other,41036,clean,other,JTNKARJE5GJ518108,,,hatchback,blue,al
7302004785,florence / muscle shoals,12590,2012,,Scion xD Hatchback 4D,good,,gas,60589,clean,other,JTKKU4B42C1019855,fwd,,hatchback,white,al
7301640143,florence / muscle shoals,29590,2017,bmw,x3 xdrive35i sport utility,good,,gas,26761,clean,other,5UXWX7C51H0U41023,,,SUV,white,al
7301640099,florence / muscle shoals,31590,2017,lexus,rx 350 sport utility 4d,good,6 cylinders,gas,28185,clean,other,2T2ZZMCAXHC078839,fwd,,SUV,silver,al
7301640087,florence / muscle shoals,34990,2020,lexus,nx 300 sport utility 4d,good,,gas,12161,clean,other,JTJAARBZ1L5018688,fwd,,hatchback,silver,al
7316833917,gadsden-anniston,39590,2020,chevrolet,silverado 1500 crew,good,8 cylinders,gas,19160,clean,other,3GCPWCED5LG130317,,,pickup,red,al
7316833879,gadsden-anniston,26990,2017,nissan,titan single cab sv,good,8 cylinders,gas,41335,clean,other,1N6AA1R84HN570756,4wd,,pickup,red,al
7316827986,gadsden-anniston,27990,2018,nissan,frontier crew cab pro-4x,good,6 cylinders,gas,37332,clean,other,1N6AD0EV5JN745213,4wd,,pickup,silver,al
7316827853,gadsden-anniston,33590,2014,gmc,sierra 1500 crew cab slt,good,8 cylinders,gas,57923,clean,other,3GTP1VEC4EG551563,,,pickup,white,al
7316754914,gadsden-anniston,0,2021,hyundai,kona,excellent,4 cylinders,gas,1517,clean,automatic,KM8K22AA7MU629352,fwd,,SUV,,al
7316589571,gadsden-anniston,17000,2019,chevrolet,impala lt,good,4 cylinders,gas,39000,clean,automatic,,fwd,mid-size,sedan,white,al
7316356112,gadsden-anniston,31990,2017,jeep,wrangler sport s utility 2d,good,6 cylinders,gas,891,clean,other,1C4AJWAG1HL698869,4wd,,other,white,al
7316304869,gadsden-anniston,27990,2012,gmc,sierra 2500 hd extended cab,good,8 cylinders,gas,68696,clean,other,1GT220CG8CZ231238,4wd,,pickup,black,al
7316244323,gadsden-anniston,29990,2016,chevrolet,colorado extended cab,good,6 cylinders,gas,17302,clean,other,1GCHTCE37G1186784,4wd,,pickup,red,al
7316237509,gadsden-anniston,37590,2019,ford,f150 supercrew cab xl,good,6 cylinders,gas,8663,clean,other,1FTEW1CP2KKC65268,,,pickup,,al
7316236994,gadsden-anniston,0,2018,toyota,highlander,excellent,6 cylinders,gas,42661,clean,automatic,5TDJZRFHXJS544564,,,SUV,red,al
7316044669,gadsden-anniston,0,2011,mercedes-benz,s-class,,8 cylinders,gas,87488,clean,automatic,,rwd,full-size,sedan,black,al
7315969666,gadsden-anniston,18700,2012,gmc,4wd z71,like new,8 cylinders,gas,90000,clean,automatic,,4wd,full-size,pickup,grey,al
7315944467,gadsden-anniston,19000,2011,chevrolet,silverado 1500,good,8 cylinders,gas,187700,clean,automatic,,4wd,full-size,pickup,white,al
7315817801,gadsden-anniston,9800,2004,chevrolet,silverado z71 4x4,good,8 cylinders,gas,218088,clean,automatic,,4wd,,,,al
7315805397,gadsden-anniston,27990,2019,ford,mustang ecoboost coupe 2d,good,,gas,11032,clean,other,1FA6P8TH1K5204551,rwd,,coupe,black,al
7315805371,gadsden-anniston,27990,2014,toyota,tacoma access cab pickup,good,,other,17805,clean,other,5TFTX4CN3EX042751,,,pickup,red,al
7315782449,gadsden-anniston,10500,2007,ford,f-150,excellent,8 cylinders,gas,183000,clean,automatic,,4wd,full-size,truck,white,al
7315775456,gadsden-anniston,16990,2016,kia,forte koup ex coupe 2d,good,,gas,17631,clean,other,KNAFX6A8XG5647822,fwd,,coupe,,al
7315742621,gadsden-anniston,19990,2017,subaru,legacy 2.5i premium sedan,good,,gas,10309,clean,other,4S3BNAC6XH3051466,,,sedan,white,al
7315664264,gadsden-anniston,0,2018,mercedes-benz,e-class,,4 cylinders,gas,17193,clean,automatic,,rwd,mid-size,sedan,white,al
7315583613,gadsden-anniston,0,2013,mercedes-benz,m-class,,6 cylinders,gas,94809,clean,automatic,,rwd,mid-size,SUV,white,al
7315551351,gadsden-anniston,0,2017,ford,expedition el,,6 cylinders,gas,82254,clean,automatic,,rwd,full-size,SUV,black,al
7315391591,gadsden-anniston,37990,2016,chevrolet,camaro ss coupe 2d,good,8 cylinders,gas,9704,clean,other,1G1FF1R79G0140582,rwd,,coupe,red,al
7315291041,gadsden-anniston,31590,2020,mazda,mx-5 miata club,good,,gas,2195,clean,other,JM1NDAC74L0413665,rwd,,other,,al
7315290957,gadsden-anniston,30990,2019,ford,ranger supercrew xl pickup,good,,other,1834,clean,other,1FTER4EH3KLA31326,,,pickup,black,al
7315290971,gadsden-anniston,33590,2014,toyota,tundra crewmax sr5 pickup,good,,other,55251,clean,other,5TFEY5F15EX169621,,,pickup,red,al
7315280557,gadsden-anniston,6900,2010,chevrolet,malibu lt,excellent,6 cylinders,gas,143978,clean,automatic,,,full-size,sedan,white,al
7314909967,gadsden-anniston,31590,2017,jeep,wrangler unlimited sport,good,6 cylinders,gas,30577,clean,other,1C4BJWDG6HL695711,4wd,,other,,al
7314883079,gadsden-anniston,12500,2015,kia,soul,excellent,4 cylinders,gas,51752,clean,automatic,,fwd,compact,hatchback,red,al
7314872940,gadsden-anniston,34590,2018,ford,f150 super cab xl pickup 4d,good,6 cylinders,gas,20856,clean,other,1FTEX1CBXJKD41626,,,pickup,white,al
7314812035,gadsden-anniston,30590,2016,toyota,tacoma double cab sr5,good,,other,30176,clean,other,3TMAZ5CN7GM019182,,,pickup,red,al
7314811987,gadsden-anniston,25590,2015,gmc,sierra 1500 regular cab,good,6 cylinders,other,35290,clean,other,1GTN1TEH9FZ243281,,,pickup,white,al
7314657320,gadsden-anniston,27990,2020,ford,ranger supercab xl pickup,good,,gas,10688,clean,other,1FTER1EH1LLA36301,,,pickup,white,al
7314657173,gadsden-anniston,36990,2015,chevrolet,tahoe lt sport utility,good,8 cylinders,other,51677,clean,other,1GNSCBKC8FR712092,,,other,black,al
7314657159,gadsden-anniston,26990,2016,ford,f150 regular cab xl pickup,good,6 cylinders,gas,14230,clean,other,1FTMF1CP3GKD62143,,,pickup,black,al
7314654769,gadsden-anniston,31590,2019,cadillac,xt4 sport suv 4d,good,,other,12102,clean,other,1GYFZER40KF121673,fwd,,hatchback,black,al
7314354820,gadsden-anniston,0,2018,nissan,altima,excellent,4 cylinders,gas,68043,clean,automatic,1N4AL3AP8JC188880,fwd,,sedan,silver,al
7314346978,gadsden-anniston,0,2016,gmc,sierra 1500,excellent,8 cylinders,gas,185897,clean,automatic,3GTU2MEC5GG161116,4wd,,truck,white,al
7314338089,gadsden-anniston,35,2006,chevrolet,trailblazer,,,gas,161000,clean,automatic,,,,,,al
7314321715,gadsden-anniston,4500,1997,gmc,sonoma sls,excellent,6 cylinders,gas,200500,clean,automatic,,4wd,,,,al
7314280196,gadsden-anniston,8500,2011,nissan,quest s,like new,6 cylinders,gas,121000,clean,automatic,,fwd,full-size,mini-van,white,al
7314279785,gadsden-anniston,8800,2012,hyundai,sonata limited,excellent,4 cylinders,gas,107534,clean,automatic,,,full-size,sedan,blue,al
7314272414,gadsden-anniston,3900,2009,honda,pilot,good,,gas,228000,clean,automatic,,,,SUV,white,al
7313986470,gadsden-anniston,17000,2003,chevrolet,silverado 2500hd,,8 cylinders,diesel,233000,clean,automatic,,4wd,full-size,truck,grey,al
7313946981,gadsden-anniston,28590,2017,ram,1500 quad cab express pickup,good,,other,41816,clean,other,1C6RR7FG2HS618342,4wd,,pickup,,al
7313940976,gadsden-anniston,16590,2016,jeep,renegade sport suv 4d,good,,gas,35835,clean,other,ZACCJBAW9GPC62449,4wd,,other,red,al
7313940797,gadsden-anniston,38590,2011,chevrolet,corvette grand sport,good,8 cylinders,gas,30237,clean,other,1G1YR3DW3B5102190,rwd,,other,red,al
7313940780,gadsden-anniston,24590,2017,chevrolet,silverado 1500 regular,good,6 cylinders,gas,40784,clean,other,1GCNCNEH7HZ118773,,,pickup,white,al
7313656533,gadsden-anniston,8000,2002,ford,f-150,good,8 cylinders,gas,219000,clean,automatic,,4wd,full-size,truck,blue,al
7313484495,gadsden-anniston,3200,2008,mercedes-benz,benz c300,good,,gas,118000,clean,automatic,,,,sedan,,al
7313407830,gadsden-anniston,24590,2013,gmc,sierra 1500 extended cab slt,good,8 cylinders,other,80318,clean,other,1GTR1WE07DZ143724,,,pickup,,al
7313407682,gadsden-anniston,36990,2016,gmc,sierra 2500 hd double cab,good,8 cylinders,gas,23190,clean,other,1GT22REG1GZ401351,4wd,,pickup,black,al
7313364043,gadsden-anniston,0,2018,gmc,sierra 1500,excellent,8 cylinders,gas,61247,clean,automatic,3GTU2NER1JG177864,4wd,,truck,black,al
7313355578,gadsden-anniston,0,2020,dodge,charger,excellent,8 cylinders,gas,8428,clean,automatic,2C3CDXGJ8LH129343,rwd,,sedan,,al
7313325231,gadsden-anniston,25990,2019,ram,1500 classic regular cab,good,8 cylinders,gas,12302,clean,other,3C6JR6DT3KG560649,,,pickup,white,al
7313282359,gadsden-anniston,30990,2017,toyota,tundra double cab sr,good,8 cylinders,gas,41124,clean,other,5TFRM5F17HX120972,,,pickup,red,al
7313056396,gadsden-anniston,5500,2008,dodge,grand caravan,excellent,6 cylinders,gas,174651,clean,automatic,,fwd,full-size,mini-van,silver,al
7312864965,gadsden-anniston,34590,2016,chevrolet,silverado 1500 double,good,6 cylinders,gas,29499,clean,other,1GCVKREH6GZ228691,4wd,,pickup,silver,al
7312837370,gadsden-anniston,0,2015,honda,pilot,excellent,6 cylinders,gas,117034,clean,automatic,5FNYF3H91FB034903,fwd,,SUV,,al
7312830896,gadsden-anniston,27990,2017,chevrolet,colorado extended cab,good,,gas,22120,clean,other,1GCHSCEA7H1203280,,,pickup,,al
7312793809,gadsden-anniston,9500,2010,honda,pilot ex,excellent,6 cylinders,gas,166129,clean,automatic,,4wd,full-size,SUV,red,al
7312792655,gadsden-anniston,29990,2017,jeep,wrangler sport suv 2d,good,6 cylinders,gas,28680,clean,other,1C4AJWAG4HL704941,4wd,,other,black,al
7312780600,gadsden-anniston,34990,2017,gmc,sierra 1500 double cab sle,good,8 cylinders,gas,31728,clean,other,1GTV2MECXHZ377968,4wd,,pickup,white,al
7312639732,gadsden-anniston,29500,2017,jaguar,f-pace,excellent,4 cylinders,gas,68000,clean,automatic,,,full-size,SUV,white,al
7312347656,gadsden-anniston,22990,2012,toyota,tacoma access cab pickup,good,,gas,37725,clean,other,5TFTX4CN6CX015282,,,pickup,white,al
7312347776,gadsden-anniston,26990,2014,chevrolet,silverado 1500 crew,good,6 cylinders,gas,63129,clean,automatic,3GCPCREH5EG437908,,,pickup,black,al
7312342798,gadsden-anniston,33990,2017,ford,mustang gt coupe 2d,good,8 cylinders,gas,9788,clean,other,1FA6P8CF7H5319470,rwd,,coupe,black,al
7312283226,gadsden-anniston,36990,2017,ford,f150 supercrew cab xlt,good,6 cylinders,other,15443,clean,automatic,1FTEW1EG9HFC85502,4wd,,pickup,red,al
7311992949,gadsden-anniston,9000,1972,chevrolet,c20,good,8 cylinders,gas,121000,clean,manual,,rwd,full-size,truck,green,al
7311902464,gadsden-anniston,26590,2020,honda,civic si coupe 2d,good,,gas,9954,clean,other,2HGFC3A51LH751302,fwd,,coupe,silver,al
7311823034,gadsden-anniston,29590,2017,ford,expedition xlt sport,good,6 cylinders,gas,70760,clean,other,1FMJU1JT1HEA52352,4wd,,SUV,blue,al
7311822941,gadsden-anniston,21590,2018,honda,civic ex sedan 4d,good,,gas,7885,clean,other,2HGFC2F74JH589649,fwd,,sedan,,al
7311822840,gadsden-anniston,18990,2018,honda,civic lx sedan 4d,good,,other,31419,clean,other,19XFC2F52JE017469,fwd,,sedan,white,al
7311754055,gadsden-anniston,20288,2015,mercedes-benz,glk,,6 cylinders,gas,48889,clean,automatic,,rwd,compact,SUV,red,al
7311690155,gadsden-anniston,4500,2006,ford,expedition,good,8 cylinders,gas,243000,clean,automatic,,4wd,full-size,SUV,,al
7311440885,gadsden-anniston,4500,2003,bmw,x5,,,gas,172000,clean,automatic,,,,,,al
7311439517,gadsden-anniston,7000,2006,rover,discovery se,,,gas,110000,clean,automatic,,,,,,al
7311402635,gadsden-anniston,22590,2013,ford,f150 super cab xl pickup 4d,good,6 cylinders,other,14169,clean,other,1FTEX1CMXDFB16329,,,pickup,silver,al
7311375992,gadsden-anniston,21590,2016,ram,1500 regular cab tradesman,good,6 cylinders,gas,35391,clean,other,3C6JR6AG7GG225053,,,pickup,black,al
7311359411,gadsden-anniston,700,1996,honda,accord ex,fair,4 cylinders,gas,274250,clean,automatic,,fwd,,,grey,al
7311327742,gadsden-anniston,29990,2012,toyota,tacoma double cab pickup,good,6 cylinders,gas,43182,clean,other,3TMLU4EN4CM085701,4wd,,pickup,white,al
7311300422,gadsden-anniston,38990,2017,jeep,wrangler unlimited rubicon,good,6 cylinders,gas,20676,clean,other,1C4BJWFG3HL547853,4wd,,other,red,al
7311034004,gadsden-anniston,6400,2007,lincoln,mkx,good,6 cylinders,gas,159938,clean,automatic,,,,SUV,white,al
7310898833,gadsden-anniston,31990,2018,audi,q5 premium sport utility 4d,good,,gas,19179,clean,other,WA1ANAFY7J2102310,,,other,,al
7310872388,gadsden-anniston,0,2018,toyota,rav4,excellent,4 cylinders,gas,26804,clean,automatic,JTMWFREV9JJ176672,fwd,,SUV,,al
7310848053,gadsden-anniston,32990,2018,jaguar,e-pace p250 s sport,good,,other,26685,clean,other,SADFJ2FX1J1Z13468,,,other,white,al
7310848036,gadsden-anniston,15590,2013,acura,ilx 2.0l sedan 4d,good,,other,69626,clean,other,19VDE1F54DE012542,fwd,,sedan,,al
7310784883,gadsden-anniston,27990,2018,audi,q5 premium sport utility 4d,good,,gas,31033,clean,other,WA1ANAFY2J2198475,,,other,silver,al
7310707568,gadsden-anniston,0,2014,ram,,,,diesel,0,clean,automatic,,,,other,white,al
7310642600,gadsden-anniston,22500,1936,,Nash,,,gas,1,clean,automatic,,,,,,al
7310633030,gadsden-anniston,14500,1978,,El camino,,,gas,1,clean,automatic,,,,,,al
7310376522,gadsden-anniston,38590,2019,acura,mdx sh-awd w/technology,good,,other,14906,clean,other,5J8YD4H52KL002706,,,other,white,al
7310376655,gadsden-anniston,24990,2014,acura,mdx sh-awd sport utility,good,6 cylinders,gas,52396,clean,automatic,5FRYD4H81EB042046,,,SUV,silver,al
7310363407,gadsden-anniston,0,2016,nissan,maxima,excellent,6 cylinders,gas,152432,clean,automatic,1N4AA6AP8GC417722,fwd,,sedan,black,al
7310315693,gadsden-anniston,7000,2011,ford,escape,good,4 cylinders,gas,126000,clean,automatic,,,mid-size,SUV,blue,al
7310302597,gadsden-anniston,39590,2019,acura,mdx sh-awd w/technology,good,6 cylinders,gas,8919,clean,other,5J8YD4H50KL008682,,,other,,al
7310263899,gadsden-anniston,32990,2018,acura,mdx sh-awd w/technology,good,6 cylinders,gas,31967,clean,other,5J8YD4H59JL010087,,,other,brown,al
7309952340,gadsden-anniston,22000,1932,ford,truck,good,8 cylinders,gas,11000,clean,manual,,rwd,,,,al
7309899099,gadsden-anniston,9700,2014,ford,taurus police interceptor,,6 cylinders,gas,166057,clean,automatic,,,,,grey,al
7309882655,gadsden-anniston,27990,2017,infiniti,qx60 3.5 sport utility,good,6 cylinders,other,26355,clean,other,5N1DL0MN6HC547424,fwd,,other,blue,al
7309841701,gadsden-anniston,0,2019,chevrolet,camaro,excellent,6 cylinders,gas,47971,clean,automatic,1G1FB3DS4K0117299,rwd,,convertible,white,al
7309814856,gadsden-anniston,29990,2018,alfa-romeo,romeo stelvio ti sport,good,,other,26978,clean,other,ZASFAKBN3J7B64774,,,hatchback,,al
7309814810,gadsden-anniston,19990,2015,infiniti,qx60 3.5 sport utility,good,,other,96003,clean,other,5N1AL0MM5FC519184,,,other,silver,al
7309756178,gadsden-anniston,29590,2019,alfa-romeo,romeo stelvio ti sport,good,,other,60984,clean,other,ZASPAKBN6K7C33284,,,hatchback,black,al
7309726995,gadsden-anniston,19500,2014,ram,promaster 2500,excellent,6 cylinders,gas,61661,clean,automatic,,fwd,,van,black,al
7309300494,gadsden-anniston,13590,2010,kia,soul ! wagon 4d,good,,other,94587,clean,other,KNDJT2A25A7095493,,,wagon,black,al
7309278562,gadsden-anniston,0,2019,jeep,compass,excellent,4 cylinders,gas,31383,clean,automatic,3C4NJCCB9KT755719,fwd,,SUV,blue,al
7309263981,gadsden-anniston,15990,2017,hyundai,sonata sport sedan 4d,good,,gas,55105,clean,other,5NPE34AFXHH554118,fwd,,sedan,black,al
7309229499,gadsden-anniston,29590,2018,audi,a6 2.0t premium sedan 4d,good,,gas,13035,clean,other,WAUC8AFC6JN041814,fwd,,sedan,,al
7309197595,gadsden-anniston,38590,2020,lincoln,continental sedan 4d,good,6 cylinders,gas,1772,clean,other,1LN6L9UK4L5602632,fwd,,sedan,black,al
7309141780,gadsden-anniston,0,2015,mercedes-benz,gl-class,,8 cylinders,gas,55215,clean,automatic,,4wd,mid-size,SUV,white,al
7309053439,gadsden-anniston,1,2006,acura,tsx,,,gas,192000,clean,automatic,,,,,,al
7309052288,gadsden-anniston,1,2012,chevrolet,malibu,,,gas,268000,clean,automatic,,,,,,al
7309052050,gadsden-anniston,1,2001,honda,accord,,,gas,210000,clean,automatic,,,,,,al
7309036691,gadsden-anniston,1,2006,honda,accord,,,gas,166000,clean,automatic,,,,,,al
7308815947,gadsden-anniston,0,2016,gmc,yukon,,8 cylinders,gas,85662,clean,automatic,,rwd,full-size,SUV,black,al
7308808435,gadsden-anniston,33990,2017,ram,1500 crew cab tradesman,good,8 cylinders,gas,17033,clean,other,3C6RR7KT7HG794054,4wd,,pickup,blue,al
7308808437,gadsden-anniston,25590,2017,ford,mustang v6 convertible 2d,good,6 cylinders,gas,11325,clean,other,1FATP8EM6H5342611,rwd,,convertible,red,al
7308775381,gadsden-anniston,5500,2003,ford,explorer sport trac,excellent,6 cylinders,gas,191000,clean,automatic,,rwd,sub-compact,truck,silver,al
7308751004,gadsden-anniston,36590,2019,gmc,sierra 1500 limited double,good,8 cylinders,gas,14222,clean,other,2GTV2LECXK1123316,4wd,,pickup,blue,al
7308725471,gadsden-anniston,46990,2014,chevrolet,corvette stingray,good,8 cylinders,gas,16966,clean,other,1G1YA3D74E5119018,rwd,,other,white,al
7308530772,gadsden-anniston,1000,2006,toyota,camry,fair,4 cylinders,gas,250000,clean,automatic,,fwd,full-size,sedan,silver,al
7308389976,gadsden-anniston,28000,2002,,am general humvee,like new,,diesel,500,clean,automatic,,,,,,al
7308316416,gadsden-anniston,26590,2017,bmw,3 series 330i xdrive sedan,good,,other,14358,clean,other,WBA8D9C38HA011395,,,sedan,black,al
7308255204,gadsden-anniston,27990,2016,bmw,3 series 340i sedan 4d,good,,gas,46057,clean,other,WBA8B3G53GNT91767,rwd,,sedan,blue,al
7308255222,gadsden-anniston,40590,2020,bmw,3 series 330i xdrive sedan,good,,gas,1588,clean,other,3MW5R7J08L8B35785,,,sedan,white,al
7308237514,gadsden-anniston,10500,2011,ford,expedition xlt,,,gas,151843,clean,automatic,,,,,,al
7308192160,gadsden-anniston,26990,2018,bmw,3 series 330i xdrive sedan,good,,gas,13088,clean,automatic,WBA8D9G55JNU69602,,,sedan,,al
7307894360,gadsden-anniston,7699,2013,subaru,impreza 2.0i premium,,,gas,150000,clean,automatic,,,,,,al
7307776241,gadsden-anniston,6500,2003,chevrolet,tahoe,excellent,8 cylinders,gas,257000,clean,automatic,,rwd,full-size,SUV,silver,al
7307756467,gadsden-anniston,2990,1996,nissan,pickup,,,gas,233000,clean,manual,,,,,,al
7307743189,gadsden-anniston,4600,2002,toyota,rav4,,,gas,195000,clean,automatic,,,,,,al
7307285901,gadsden-anniston,28999,1955,chevrolet,210,good,8 cylinders,gas,1234,clean,automatic,,rwd,full-size,sedan,orange,al
7307279084,gadsden-anniston,23990,2019,mitsubishi,outlander gt sport,good,6 cylinders,gas,20657,clean,other,JA4JZ4AX9KZ001881,4wd,,SUV,brown,al
7307219384,gadsden-anniston,0,2018,acura,tlx,excellent,4 cylinders,gas,33916,clean,automatic,19UUB1F55JA007978,fwd,,sedan,black,al
7307181532,gadsden-anniston,28990,2017,gmc,acadia slt-1 sport utility,good,6 cylinders,gas,18041,clean,other,1GKKNMLS2HZ305977,fwd,,SUV,,al
7307181409,gadsden-anniston,21990,2017,gmc,acadia sle-1 sport utility,good,,gas,48959,clean,other,1GKKNKLA4HZ273691,fwd,,SUV,white,al
7307153776,gadsden-anniston,16590,2013,lincoln,mkz sedan 4d,good,,gas,61087,clean,other,3LN6L2G99DR819673,fwd,,sedan,red,al
7306728413,gadsden-anniston,19590,2017,acura,ilx sedan 4d,good,,diesel,29014,clean,other,19UDE2F70HA013762,fwd,,sedan,black,al
7306728325,gadsden-anniston,16990,2014,acura,ilx 2.0l sedan 4d,good,,other,44473,clean,other,19VDE1F37EE001597,,,sedan,silver,al
7306701707,gadsden-anniston,0,2019,chevrolet,traverse,excellent,6 cylinders,gas,27914,clean,automatic,1GNERKKW4KJ300783,fwd,,SUV,black,al
7306657729,gadsden-anniston,38590,2020,jaguar,e-pace p250 sport utility,good,,other,1372,clean,other,SADFK2FX2L1Z76529,,,SUV,black,al
7306625040,gadsden-anniston,28590,2018,audi,q5 premium sport utility 4d,good,,gas,35036,clean,other,WA1ANAFY5J2127786,,,SUV,black,al
7306472730,gadsden-anniston,5000,1988,dodge,w150,good,8 cylinders,gas,90000,clean,automatic,,4wd,full-size,truck,grey,al
7306258048,gadsden-anniston,30990,2018,acura,mdx sh-awd sport utility,good,6 cylinders,gas,34605,clean,other,5J8YD4H39JL014431,,,SUV,white,al
7306185248,gadsden-anniston,0,2020,ram,1500,excellent,8 cylinders,gas,11892,clean,automatic,1C6SRFFT8LN170334,4wd,,truck,white,al
7306178721,gadsden-anniston,34590,2019,acura,mdx sh-awd sport utility,good,,other,27387,clean,other,5J8YD4H34KL004925,,,SUV,black,al
7306131153,gadsden-anniston,32990,2017,acura,mdx sh-awd sport utility,good,6 cylinders,gas,29322,clean,other,5J8YD4H54HL000710,,,SUV,white,al
7306109985,gadsden-anniston,29990,2018,acura,mdx sport utility 4d,good,,other,33727,clean,other,5J8YD3H30JL000010,,,SUV,silver,al
7305778046,gadsden-anniston,38615,2021,chevrolet,silverado 1500,,4 cylinders,gas,1,clean,automatic,,4wd,full-size,pickup,black,al
7305701365,gadsden-anniston,5400,2005,ford,ranger xl,,6 cylinders,gas,214000,clean,automatic,,,,,,al
7305700459,gadsden-anniston,12590,2013,,Scion xD Hatchback 4D,good,,gas,91825,clean,other,JTKKUPB4XD1037474,fwd,,hatchback,,al
7305693723,gadsden-anniston,3600,2003,volkswagen,jetta,,,gas,172300,clean,manual,,,,,,al
7305659137,gadsden-anniston,38990,2020,infiniti,qx60 luxe sport utility,good,6 cylinders,gas,5279,clean,other,5N1DL0MN9LC508268,fwd,,other,black,al
7305618450,gadsden-anniston,27990,2018,alfa-romeo,romeo stelvio sport utility,good,,gas,18112,clean,other,ZASFAKAN8J7B80678,,,hatchback,blue,al
7305563982,gadsden-anniston,39990,2020,infiniti,qx60 luxe sport utility,good,6 cylinders,gas,6500,clean,automatic,5N1DL0MMXLC502602,,,other,blue,al
7305181135,gadsden-anniston,18590,2018,hyundai,sonata sel sedan 4d,good,,gas,22075,clean,other,5NPE34AF7JH658815,fwd,,sedan,white,al
7305144808,gadsden-anniston,29990,2018,audi,a6 2.0t premium plus sedan,good,,other,24996,clean,automatic,WAUG8AFC8JN040987,,,sedan,silver,al
7305144787,gadsden-anniston,15590,2016,kia,soul wagon 4d,good,,gas,23972,clean,other,KNDJN2A28G7302820,fwd,,wagon,brown,al
7305096100,gadsden-anniston,27990,2017,lincoln,continental select sedan,good,6 cylinders,gas,19492,clean,automatic,1LN6L9TK4H5636420,,,sedan,,al
7305053208,gadsden-anniston,0,2015,bmw,x5,,6 cylinders,gas,78104,clean,automatic,,rwd,mid-size,SUV,white,al
7304876750,gadsden-anniston,5900,2007,ford,escape xlt,like new,,gas,174000,clean,automatic,,,,,,al
7304868532,gadsden-anniston,11000,2014,chevrolet,equinox lt,good,,gas,143000,clean,manual,,,full-size,SUV,grey,al
7304769398,gadsden-anniston,7200,2013,nissan,sentra,excellent,,gas,117500,clean,automatic,,fwd,full-size,sedan,white,al
7304710848,gadsden-anniston,18590,2017,toyota,camry le sedan 4d,good,,gas,30223,clean,other,4T1BF1FK4HU421581,fwd,,sedan,silver,al
7304710647,gadsden-anniston,39590,2018,jeep,wrangler unlimited all new,good,6 cylinders,gas,21893,clean,other,1C4HJXEGXJW175675,4wd,,SUV,silver,al
7304626182,gadsden-anniston,40590,2018,jeep,wrangler unlimited all new,good,6 cylinders,gas,22092,clean,other,1C4HJXEG8JW102952,4wd,,SUV,,al
7304626193,gadsden-anniston,36590,2017,chevrolet,tahoe lt sport utility,good,,other,60476,clean,other,1GNSCBKC1HR284238,,,SUV,silver,al
7304210326,gadsden-anniston,21590,2013,bmw,3 series 335i xdrive sedan,good,,gas,62993,clean,other,WBA3B9C55DJ437184,,,sedan,silver,al
7304177284,gadsden-anniston,40888,2020,jeep,gladiator,,,gas,19069,clean,automatic,1C6HJTAGXLL119987,4wd,,,black,al
7304171617,gadsden-anniston,24990,2018,bmw,3 series 330i xdrive sedan,good,,gas,34454,clean,automatic,WBA8D9G5XJNU68848,,,sedan,black,al
7304134969,gadsden-anniston,31590,2018,bmw,3 series 340i xdrive sedan,good,,gas,39421,clean,automatic,WBA8B7G55JNU95210,,,sedan,blue,al
7304128482,gadsden-anniston,7400,2011,toyota,camry se,,4 cylinders,gas,192000,clean,automatic,,,,,,al
7304127748,gadsden-anniston,2900,2002,hyundai,elantra,,,gas,198000,clean,automatic,,,,,,al
7304126335,gadsden-anniston,7900,2003,mazda,mx-5 miata,,4 cylinders,gas,89500,clean,manual,,,,,,al
7304082677,gadsden-anniston,24590,2018,bmw,3 series 330i xdrive sedan,good,,other,38872,clean,other,WBA8D9G53JNU69355,,,sedan,black,al
7303829977,gadsden-anniston,27900,2011,gmc,sierra,excellent,,diesel,215000,clean,automatic,,,,truck,silver,al
7303701629,gadsden-anniston,19990,2020,mitsubishi,outlander sport es,good,,other,11103,clean,other,JA4AP3AU9LU013694,,,hatchback,orange,al
7303674215,gadsden-anniston,0,2019,honda,cr v,excellent,4 cylinders,gas,9546,clean,automatic,2HKRW1H5XKH504766,fwd,,SUV,red,al
7303622968,gadsden-anniston,34590,2020,cadillac,xt4 sport suv 4d,good,,gas,9624,clean,other,1GYFZFR48LF105065,,,hatchback,white,al
7303622904,gadsden-anniston,63990,2019,audi,q8 premium sport utility 4d,good,,other,20126,clean,automatic,WA1AVAF19KD013248,,,other,black,al
7303578079,gadsden-anniston,40990,2020,bmw,5 series 530i sedan 4d,good,,gas,16929,clean,other,WBAJR3C0XLCD03815,rwd,,sedan,black,al
7303170787,gadsden-anniston,26990,2018,gmc,acadia sle-2 sport utility,good,6 cylinders,gas,26514,clean,other,1GKKNLLS5JZ181591,fwd,,SUV,,al
7303137372,gadsden-anniston,23990,2017,lincoln,mkz reserve sedan 4d,good,,gas,28565,clean,other,3LN6L5E96HR662842,fwd,,sedan,,al
7303099229,gadsden-anniston,24990,2020,mitsubishi,outlander gt sport,good,,other,28945,clean,other,JA4JZ4AX3LZ036515,4wd,,SUV,white,al
7303056643,gadsden-anniston,36590,2020,gmc,acadia denali sport utility,good,6 cylinders,gas,33026,clean,other,1GKKNXLS6LZ134810,,,SUV,black,al
7302964120,gadsden-anniston,1,2012,chevrolet,malibu,,,gas,268000,clean,automatic,,,,,,al
7302963842,gadsden-anniston,1,2002,toyota,camry,,,gas,165000,clean,automatic,,,,,,al
7302963587,gadsden-anniston,1,2004,gmc,envoy,,,gas,191000,clean,automatic,,,,,,al
7302830147,gadsden-anniston,21000,2011,jeep,wrangler unlimited sport,good,6 cylinders,gas,169000,clean,automatic,,4wd,full-size,SUV,orange,al
7302642398,gadsden-anniston,23990,2019,acura,ilx premium pkg sedan 4d,good,,gas,7281,clean,other,19UDE2F75KA013392,fwd,,sedan,black,al
7302590651,gadsden-anniston,39990,2019,jaguar,e-pace p300 r-dynamic se,good,,other,17961,clean,other,SADFL2GXXK1Z35656,,,SUV,silver,al
7302537616,gadsden-anniston,8990,2013,,smart fortwo Passion Hatchback,good,,gas,59072,clean,automatic,WMEEJ3BA2DK636540,rwd,,coupe,silver,al
7302537604,gadsden-anniston,38990,2020,audi,q5 45 tfsi premium plus,good,,gas,19067,clean,other,WA1BNAFYXL2013483,,,SUV,white,al
7302115545,gadsden-anniston,37590,2019,acura,mdx advance pkg sport,good,,other,30356,clean,other,5J8YD3H83KL005134,,,other,silver,al
7302095238,gadsden-anniston,0,2021,nissan,titan xd,excellent,8 cylinders,gas,2576,clean,automatic,1N6AA1FBXMN506733,4wd,,truck,black,al
7302069105,gadsden-anniston,43590,2020,acura,mdx sh-awd w/technology,good,6 cylinders,gas,12012,clean,other,5J8YD4H50LL000485,,,other,silver,al
7302031614,gadsden-anniston,42990,2020,acura,mdx technology pkg sport,good,,other,3207,clean,other,5J8YD3H53LL000555,fwd,,other,white,al
7302006510,gadsden-anniston,5500,1985,chevrolet,,good,8 cylinders,diesel,15405,clean,automatic,,4wd,full-size,pickup,brown,al
7301987643,gadsden-anniston,39990,2020,acura,mdx sh-awd sport utility,good,6 cylinders,gas,1237,clean,other,5J8YD4H39LL041518,,,other,white,al
7301978296,gadsden-anniston,15000,2016,audi,a3,excellent,4 cylinders,gas,85000,clean,automatic,,,compact,sedan,white,al
7301729300,gadsden-anniston,5500,2008,ford,mustang gt premium,good,8 cylinders,gas,150000,lien,manual,1ZVHT82H285196031,rwd,compact,coupe,black,al
7301661575,gadsden-anniston,32590,2018,alfa-romeo,romeo stelvio sport suv 4d,good,,other,14863,clean,other,ZASFAKPN0J7B80942,,,hatchback,blue,al
7301643589,gadsden-anniston,12590,2012,,Scion xD Hatchback 4D,good,,gas,60589,clean,other,JTKKU4B42C1019855,fwd,,hatchback,white,al
7301643591,gadsden-anniston,27590,2018,infiniti,qx60 3.5 sport utility,good,6 cylinders,gas,41119,clean,automatic,5N1DL0MM4JC527444,,,SUV,blue,al
7301619793,gadsden-anniston,27990,2011,mercedes-benz,cl-class cl 550,good,8 cylinders,gas,66944,clean,automatic,WDDEJ9EB1BA027275,,,coupe,black,al
7316885824,huntsville / decatur,39950,2015,,International 4300,,,diesel,118964,clean,other,3HAMMMMM8FL182208,,,other,white,al
7316882004,huntsville / decatur,2977,2003,acura,rsx,good,4 cylinders,gas,163000,rebuilt,automatic,,fwd,,coupe,silver,al
7316881640,huntsville / decatur,4877,2005,acura,tsx,excellent,4 cylinders,gas,173000,rebuilt,automatic,,fwd,,sedan,silver,al
7316877743,huntsville / decatur,19989,2014,bmw,5 series,,6 cylinders,diesel,78499,clean,automatic,WBAFV3C56ED685994,,,sedan,white,al
7316867430,huntsville / decatur,31000,2006,,hummer h2,excellent,8 cylinders,gas,43000,clean,automatic,,4wd,full-size,SUV,grey,al
7316864535,huntsville / decatur,30950,2014,ford,f-450 super duty,,8 cylinders,gas,166326,clean,automatic,1FD0X4HY2EEA23458,4wd,full-size,pickup,white,al
7316851428,huntsville / decatur,21250,2002,ford,thunderbird deluxe,like new,8 cylinders,gas,15962,clean,automatic,,fwd,compact,convertible,yellow,al
7316841540,huntsville / decatur,10989,2012,cadillac,cts sedan,,6 cylinders,gas,119810,clean,automatic,1G6DL5E36C0112284,,,sedan,silver,al
7316824689,huntsville / decatur,4500,2002,ford,mustang gt,,8 cylinders,gas,190000,clean,manual,,rwd,,coupe,grey,al
7316820662,huntsville / decatur,44950,2015,ford,f-450 crew cab dump truck 6,,,gas,23505,clean,other,1FD0W4GY5FEC64761,,,other,white,al
7316802134,huntsville / decatur,19989,2016,ford,flex,,6 cylinders,gas,73898,clean,automatic,2FMGK5D88GBA01343,fwd,,SUV,grey,al
7316799324,huntsville / decatur,18951,1951,ford,custom,excellent,8 cylinders,gas,46016,clean,manual,B1DL120963,rwd,full-size,coupe,white,al
7316794951,huntsville / decatur,24590,2019,nissan,frontier king cab s,good,,gas,26351,clean,other,1N6BD0CT0KN779101,fwd,,pickup,white,al
7316794865,huntsville / decatur,26990,2017,nissan,titan single cab sv,good,8 cylinders,gas,41335,clean,other,1N6AA1R84HN570756,4wd,,pickup,red,al
7316791708,huntsville / decatur,36950,2016,chevrolet,silverado 3500hd cc,,8 cylinders,diesel,113203,clean,automatic,1GB4KYC8XGF288617,4wd,full-size,other,white,al
7316767056,huntsville / decatur,6500,2001,dodge,dakota,good,8 cylinders,gas,140200,clean,automatic,,rwd,mid-size,pickup,red,al
7316763919,huntsville / decatur,4800,2005,chrysler,300c,good,8 cylinders,gas,204000,clean,automatic,,rwd,full-size,sedan,green,al
7316725486,huntsville / decatur,33990,,,lac XT5 Crossover,,6 cylinders,gas,48784,clean,automatic,1GYKNERSXJZ160440,fwd,,SUV,black,al
7316722157,huntsville / decatur,6500,1984,chevrolet,k5 blazer,fair,8 cylinders,gas,123456,clean,automatic,,4wd,full-size,SUV,black,al
7316702114,huntsville / decatur,7850,2014,toyota,corolla,good,4 cylinders,gas,87321,rebuilt,automatic,2T1BURHE3EC197129,fwd,compact,sedan,silver,al
7316694204,huntsville / decatur,17995,2013,gmc,sierra 1500 sle,excellent,8 cylinders,gas,107000,clean,automatic,,,,truck,red,al
7316680879,huntsville / decatur,39590,2020,chevrolet,silverado 1500 crew,good,8 cylinders,gas,19160,clean,other,3GCPWCED5LG130317,,,pickup,red,al
7316651989,huntsville / decatur,36000,1936,ford,slantback,excellent,8 cylinders,gas,3200,clean,automatic,,rwd,full-size,sedan,brown,al
7316639192,huntsville / decatur,30000,1966,ford,fairlane 500,good,8 cylinders,gas,123456,clean,automatic,,rwd,mid-size,sedan,custom,al
7316622603,huntsville / decatur,25990,2016,bmw,5 series,,6 cylinders,gas,75123,clean,automatic,WBA5B3C58GG255986,,,sedan,black,al
7316550975,huntsville / decatur,2500,2003,honda,accord ex,good,4 cylinders,gas,277958,clean,automatic,,fwd,compact,sedan,silver,al
7316546824,huntsville / decatur,2500,2006,dodge,durango,good,8 cylinders,gas,205000,clean,automatic,,4wd,full-size,SUV,silver,al
7316539030,huntsville / decatur,36500,2012,jeep,wrangler,excellent,6 cylinders,gas,71000,clean,manual,,4wd,,,red,al
7316535004,huntsville / decatur,6800,2012,toyota,corolla,excellent,4 cylinders,gas,137454,clean,manual,,fwd,mid-size,sedan,blue,al
7316504699,huntsville / decatur,2400,2006,acura,rsx,fair,,gas,196000,clean,automatic,,,,,,al
7316482905,huntsville / decatur,16900,2006,toyota,tacoma,,,gas,143000,clean,automatic,,,,,,al
7316482222,huntsville / decatur,21900,2011,ford,f250,,,gas,121000,clean,automatic,,,,,,al
7316481485,huntsville / decatur,20900,2013,chevrolet,silverado 2500,,,gas,188000,clean,automatic,,,,,,al
7316480434,huntsville / decatur,17900,2014,ford,f350,,,gas,187000,clean,automatic,,,,,,al
7316475666,huntsville / decatur,36900,2015,chevrolet,silverado 3500,,,diesel,132000,clean,automatic,,,,,,al
7316460944,huntsville / decatur,2000,2002,volkswagen,jetta tdi,good,4 cylinders,diesel,284000,clean,manual,,,compact,sedan,silver,al
7316456386,huntsville / decatur,30000,1957,chevrolet,belair 1957,,,gas,12344,clean,manual,,,,,,al
7316450356,huntsville / decatur,19500,1969,,1969 nova,,,gas,80000,clean,manual,,,,,,al
7316433994,huntsville / decatur,25990,2016,gmc,sierra 1500 regular cab,good,8 cylinders,gas,24688,clean,other,1GTN1LEC3GZ903885,,,pickup,white,al
7316428209,huntsville / decatur,27990,2012,gmc,sierra 2500 hd extended cab,good,8 cylinders,gas,68696,clean,other,1GT220CG8CZ231238,4wd,,pickup,black,al
7316428015,huntsville / decatur,22990,2013,mazda,mx-5 miata grand touring,good,,other,20125,clean,other,JM1NC2PF8D0230782,rwd,,other,,al
7316422614,huntsville / decatur,35990,2018,toyota,4runner sr5 sport utility,good,6 cylinders,gas,29245,clean,other,JTEZU5JR9J5168967,,,other,silver,al
7316422492,huntsville / decatur,24990,2018,gmc,canyon extended cab pickup,good,,other,32329,clean,other,1GTH5BEA5J1215726,,,pickup,,al
7316419542,huntsville / decatur,30000,1963,chevrolet,nova ss,,,gas,12345,clean,automatic,,,,,,al
7316415314,huntsville / decatur,12500,1979,,mg midget,,,gas,41000,clean,manual,,,,,,al
7316408650,huntsville / decatur,15900,2013,lexus,es 350,excellent,6 cylinders,gas,81000,clean,automatic,,fwd,mid-size,sedan,white,al
7316406187,huntsville / decatur,27800,2018,honda,odyssey touring elite,excellent,,gas,32800,rebuilt,automatic,,fwd,,,brown,al
7316396373,huntsville / decatur,20995,2011,chevrolet,silverado 1500 ltz crew cab 4wd,,,,137701,,automatic,3GCPKTE30BG264332,4wd,,pickup,,al
7316395413,huntsville / decatur,25995,2015,chevrolet,silverado 1500 lt crew cab 4wd,,,,151681,,automatic,3GCUKREC2FG257362,4wd,,pickup,,al
7316394354,huntsville / decatur,31995,2014,chevrolet,silverado 1500 2lt crew cab long box 4wd,,,,66738,,automatic,3GCUKREC8EG123888,4wd,,pickup,,al
7316375328,huntsville / decatur,7800,1999,toyota,tacoma,good,4 cylinders,gas,242068,clean,automatic,,4wd,mid-size,truck,green,al
7316363380,huntsville / decatur,10554,2015,hyundai,sonata 1.6t eco,,,gas,83874,clean,automatic,,,,,,al
7316361653,huntsville / decatur,11869,2008,bmw,3 series 335i,,,gas,82516,clean,automatic,,,,,,al
7316357680,huntsville / decatur,6900,2006,pontiac,solstice,like new,4 cylinders,gas,106000,clean,manual,,,,convertible,blue,al
7316344417,huntsville / decatur,6500,2007,subaru,forrester,good,4 cylinders,gas,148980,clean,automatic,JF1SG63667H728463,4wd,mid-size,hatchback,black,al
7316343349,huntsville / decatur,15990,2016,chevrolet,cruze limited ltz,good,,gas,46252,clean,other,1G1PG5SB5G7114060,fwd,,sedan,black,al
7316329756,huntsville / decatur,24989,2006,,HUMMER H2,,8 cylinders,gas,124175,clean,automatic,5GRGN22U56H108425,,,SUV,,al
7316320089,huntsville / decatur,6999,2012,honda,civic,good,4 cylinders,gas,120800,clean,automatic,2HGFB2F55CH561072,fwd,,sedan,brown,al
7316305653,huntsville / decatur,16500,2013,cadillac,xts platinum,good,6 cylinders,gas,53857,clean,automatic,,,,,white,al
7316292937,huntsville / decatur,4300,2004,honda,accord,excellent,4 cylinders,gas,180000,clean,automatic,,fwd,,sedan,silver,al
7316291401,huntsville / decatur,36990,2018,gmc,sierra 1500 double cab sle,good,8 cylinders,gas,23424,clean,other,2GTV2MECXJ1106083,4wd,,pickup,black,al
7316285493,huntsville / decatur,10977,2011,audi,q5,,4 cylinders,gas,110574,clean,automatic,WA1LFAFP9BA081111,rwd,,SUV,grey,al
7316274040,huntsville / decatur,23900,2015,ram,1500,,,diesel,107670,clean,automatic,1C6RR7FM0FS511955,4wd,,pickup,silver,al
7316273555,huntsville / decatur,6000,2013,ford,transit connect,,,gas,170000,clean,automatic,,,,,white,al
7316267296,huntsville / decatur,18400,2012,ford,f-150,,,other,159936,clean,automatic,1FTFW1EFXCFA35206,4wd,,pickup,white,al
7316262462,huntsville / decatur,5500,2007,honda,accord se,good,4 cylinders,gas,155000,clean,manual,,fwd,,sedan,white,al
7316260752,huntsville / decatur,23699,2012,chevrolet,silverado,,,other,102212,clean,automatic,1GCPKSE72CF234328,4wd,,pickup,red,al
7316253097,huntsville / decatur,2900,2003,,YAMAHA XVS650/A/C/AC/AT/ATC/V ST,,,gas,36737,clean,manual,JYAVM01E23A058254,,,other,black,al
7316249554,huntsville / decatur,0,2017,ram,pickup 2500,,6 cylinders,diesel,129488,clean,automatic,,4wd,full-size,truck,silver,al
7316243848,huntsville / decatur,6900,2015,honda,cbr650,,,gas,16402,clean,manual,MLHRC7403F5100328,,,other,red,al
7316239936,huntsville / decatur,0,2015,mercedes-benz,s-class,,8 cylinders,gas,78807,clean,automatic,,4wd,full-size,sedan,grey,al
7316207809,huntsville / decatur,14900,2007,toyota,tacoma double cab sr5,excellent,6 cylinders,gas,163211,clean,automatic,3TMJU62NX7M029033,rwd,mid-size,truck,blue,al
7316206960,huntsville / decatur,16495,2008,ford,f-150 supercrew limited,excellent,8 cylinders,gas,154069,clean,automatic,1FTRW14528FA35942,4wd,full-size,truck,white,al
7316206839,huntsville / decatur,45900,2017,,Maserati Levante,,6 cylinders,gas,36083,clean,automatic,ZN661XUA1HX210904,,,SUV,white,al
7316200207,huntsville / decatur,12995,2008,ford,f150 xl,,,gas,93146,clean,automatic,1FTRF12V98KD94523,,,,green,al
7316199829,huntsville / decatur,36995,2012,ford,f250 super duty 4x4,,,gas,41364,clean,automatic,1FD7X2B65CEC58024,4wd,,,silver,al
7316199653,huntsville / decatur,31995,2017,ford,f350 super duty,,,gas,129634,clean,automatic,1FD8W3G69HEB28454,,,,white,al
7316199105,huntsville / decatur,25995,2015,gmc,sierra 2500hd,,,gas,126690,clean,automatic,1GT21XEG0FZ537816,,,,red,al
7316198623,huntsville / decatur,34995,2015,ford,f250 super duty 4x4,,,gas,84526,clean,automatic,1FD7X2B60FEB07855,4wd,,,white,al
7316198460,huntsville / decatur,31995,2012,ford,f350 super duty,,,gas,24692,clean,automatic,1FDRF3G64CED01178,,,,white,al
7316198343,huntsville / decatur,34995,2017,ford,f250 sd xlt,,,gas,138052,clean,automatic,1FT7W2B61HEE45601,4wd,,,white,al
7316198110,huntsville / decatur,16995,2008,chevrolet,express 3500,,,gas,158114,clean,automatic,1GBJG31K281131930,,,,white,al
7316197816,huntsville / decatur,12995,2016,chrysler,200,,,gas,72754,clean,automatic,1C3CCCBBXGN146315,,,,black,al
7316197650,huntsville / decatur,27995,2017,nissan,nv2500 hd cargo,,,gas,48769,clean,automatic,1N6BF0KY6HN800985,,,,white,al
7316197479,huntsville / decatur,24995,2012,ford,f250 xl super duty,,,gas,52377,clean,automatic,1FDBF2A68CEC73003,,,,grey,al
7316197279,huntsville / decatur,28995,2012,ford,econoline commercial,,,gas,93923,clean,automatic,1FC3E3KL4CDB34837,,,,white,al
7316197043,huntsville / decatur,27995,2012,ford,f350 super duty,,,gas,45822,clean,automatic,1FDRF3G65CEC39189,,,,white,al
7316196876,huntsville / decatur,13995,2015,nissan,nv200,,,gas,86580,clean,automatic,3N6CM0KN6FK712103,,,,white,al
7316196675,huntsville / decatur,32995,2012,ford,f250 super duty,,,gas,37473,clean,automatic,1FDBF2B63CEC57788,4wd,,,white,al
7316196474,huntsville / decatur,4995,2005,ford,freestar ses,,,gas,121724,clean,automatic,2FMZA57605BA66741,,,,silver,al
7316196248,huntsville / decatur,27995,2012,ford,f250 super duty,,,gas,26896,clean,automatic,1FDBF2A65CEC50925,,,,white,al
7316196107,huntsville / decatur,24995,2012,ford,f-250 super duty,,,gas,40023,clean,automatic,1FDBF2A62CEC73000,,,,green,al
7316195501,huntsville / decatur,16600,2014,acura,rdx technology,good,6 cylinders,gas,100784,clean,automatic,5J8TB3H58EL014941,fwd,mid-size,SUV,silver,al
7316195293,huntsville / decatur,36995,2013,chevrolet,silverado 3500hd,,,gas,58056,clean,automatic,1GB4CZCG7DF109634,,,,white,al
7316195086,huntsville / decatur,36995,2017,chevrolet,silverado 2500hd,,,gas,43553,clean,automatic,1GC1KUEG9HF237025,4wd,,,white,al
7316194847,huntsville / decatur,38995,2012,ford,f-250 super duty,,,gas,9205,clean,automatic,1FD7W2B61CEC39375,4wd,,,white,al
7316194657,huntsville / decatur,11995,2007,chevrolet,tahoe,,,gas,170865,clean,automatic,1GNFK13077J125921,4wd,,,silver,al
7316194525,huntsville / decatur,11995,2007,chevrolet,tahoe,,,gas,170865,clean,automatic,1GNFK13077J125921,4wd,,,silver,al
7316194242,huntsville / decatur,17995,2017,ram,promaster 1500 cargo van,,,gas,147064,clean,automatic,3C6TRVNGXHE538740,,,,white,al
7316194025,huntsville / decatur,27995,2012,ford,f250 super duty,,,gas,47380,clean,automatic,1FDBF2A66CEC73016,,,,white,al
7316187365,huntsville / decatur,28990,2017,cadillac,cts 2.0 luxury sedan 4d,good,,other,20155,clean,other,1G6AX5SXXH0153586,,,sedan,blue,al
7316187350,huntsville / decatur,30990,2016,chevrolet,silverado 1500 double,good,6 cylinders,gas,58116,clean,other,1GCRCREH7GZ111975,,,pickup,silver,al
7316166499,huntsville / decatur,12870,2017,kia,forte,,4 cylinders,gas,76751,clean,automatic,3KPFL4A76HE093887,fwd,,sedan,black,al
7316166272,huntsville / decatur,19940,2016,toyota,sienna,,6 cylinders,gas,108249,clean,automatic,5TDYK3DCXGS709206,fwd,,van,grey,al
7316166122,huntsville / decatur,19977,2016,bmw,328i,,4 cylinders,gas,45218,clean,automatic,WBA8E9C58GK644342,rwd,,sedan,silver,al
7316165962,huntsville / decatur,18272,2015,nissan,rogue,,4 cylinders,gas,71676,clean,automatic,5N1AT2MV3FC845571,4wd,,SUV,red,al
7316165760,huntsville / decatur,13988,2013,toyota,sienna,,6 cylinders,gas,170406,clean,automatic,5TDYK3DC7DS363448,fwd,,van,grey,al
7316153028,huntsville / decatur,15000,2013,chevrolet,silverado,excellent,6 cylinders,gas,75000,lien,automatic,,rwd,full-size,truck,red,al
7316100937,huntsville / decatur,27998,2008,porsche,cayman,,6 cylinders,gas,69505,clean,automatic,WP0AA29878U760792,rwd,,coupe,black,al
7316028979,huntsville / decatur,6900,2014,ford,fusion se,,,gas,116000,rebuilt,automatic,,,,,,al
7316028636,huntsville / decatur,5500,2007,acura,mdx,,,gas,158000,rebuilt,automatic,,,,,,al
7315974112,huntsville / decatur,3950,2006,ford,ranger,good,4 cylinders,gas,129269,rebuilt,manual,,rwd,,,white,al
7315973584,huntsville / decatur,33000,1931,ford,,,,gas,2500,clean,automatic,,,,,,al
7315971696,huntsville / decatur,6800,2009,volkswagen,beetle convertible,good,4 cylinders,gas,70308,rebuilt,automatic,,rwd,,,black,al
7315968018,huntsville / decatur,6800,2006,jeep,,good,6 cylinders,gas,129646,rebuilt,automatic,,4wd,,,green,al
7315957983,huntsville / decatur,8500,2005,ford,excursion limited,good,10 cylinders,gas,217000,clean,automatic,,4wd,full-size,SUV,,al
7315950881,huntsville / decatur,10500,2010,lincoln,town car,good,8 cylinders,gas,89900,clean,automatic,,,full-size,,silver,al
7315946726,huntsville / decatur,16900,2011,ford,f250,,,gas,175000,clean,automatic,,,,,,al
7315946075,huntsville / decatur,27900,2014,chevrolet,silverado 3500,,,gas,121000,clean,automatic,,,,,,al
7315945632,huntsville / decatur,18800,2013,ford,f250,,,gas,186000,clean,automatic,,,,,,al
7315944828,huntsville / decatur,15900,2012,ford,f250,,,gas,158000,clean,automatic,,,,,,al
7315944271,huntsville / decatur,7800,2005,honda,accord ex-l,excellent,4 cylinders,gas,155000,clean,manual,,,,,,al
7315923816,huntsville / decatur,0,2017,ram,pickup 2500,,6 cylinders,diesel,129488,clean,automatic,,4wd,full-size,truck,silver,al
7315904363,huntsville / decatur,32990,2018,ram,1500 quad cab harvest pickup,good,6 cylinders,gas,29979,clean,other,1C6RR7GG9JS229010,4wd,,pickup,black,al
7315893974,huntsville / decatur,31990,2017,jeep,wrangler sport s utility 2d,good,6 cylinders,gas,891,clean,other,1C4AJWAG1HL698869,4wd,,other,white,al
7315878716,huntsville / decatur,15990,2017,ford,c-max hybrid se wagon 4d,good,,hybrid,48195,clean,other,1FADP5AU1HL114567,fwd,,wagon,blue,al
7315842711,huntsville / decatur,30990,2013,toyota,tacoma double cab,good,6 cylinders,gas,26474,clean,other,5TFKU4HN1DX004463,,,pickup,white,al
7315842971,huntsville / decatur,21989,2013,lexus,ls 460,,8 cylinders,gas,143101,clean,automatic,JTHCL5EF5D5017110,,,sedan,white,al
7315826502,huntsville / decatur,27990,2014,toyota,tacoma access cab pickup,good,,other,17805,clean,other,5TFTX4CN3EX042751,,,pickup,red,al
7315826437,huntsville / decatur,16990,2016,kia,forte koup ex coupe 2d,good,,gas,17631,clean,other,KNAFX6A8XG5647822,fwd,,coupe,,al
7315823407,huntsville / decatur,4500,2014,ford,f250 xl,,,gas,250000,clean,automatic,,,,,,al
7315818796,huntsville / decatur,0,2018,mercedes-benz,e-class,,4 cylinders,gas,34099,clean,automatic,,rwd,mid-size,sedan,black,al
7315815082,huntsville / decatur,5950,1980,,triumph spitfire,excellent,4 cylinders,gas,82000,clean,manual,,rwd,sub-compact,convertible,orange,al
7315811290,huntsville / decatur,45989,2017,cadillac,ats-v sedan,,6 cylinders,gas,26886,clean,automatic,1G6AN5SY2H0100122,rwd,,sedan,grey,al
7315802310,huntsville / decatur,35400,2013,ford,f-350,,,diesel,195857,clean,automatic,1FT8W3DT5DEB49813,4wd,,pickup,white,al
7315797410,huntsville / decatur,32699,2014,toyota,tundra,,,other,132655,clean,automatic,5TFAW5F13EX378926,4wd,,pickup,silver,al
7315792498,huntsville / decatur,26900,2016,dodge,charger,,,gas,62069,clean,automatic,2C3CDXCT7GH110411,rwd,full-size,sedan,black,al
7315786833,huntsville / decatur,34900,2016,gmc,sierra,,,other,80265,clean,automatic,1GTV2LEC5GZ214380,4wd,,pickup,black,al
7315784638,huntsville / decatur,14000,1991,dodge,,excellent,6 cylinders,gas,67000,clean,manual,,4wd,mid-size,coupe,white,al
7315780532,huntsville / decatur,37590,2019,ford,f150 supercrew cab xl,good,6 cylinders,gas,8663,clean,other,1FTEW1CP2KKC65268,,,pickup,,al
7315780346,huntsville / decatur,25990,2019,acura,ilx premium pkg sedan 4d,good,,gas,5120,clean,other,19UDE2F71KA015222,fwd,,sedan,red,al
7315780805,huntsville / decatur,26900,2015,jeep,wrangler,,,gas,110309,clean,automatic,1C4HJWDG0FL589844,4wd,,SUV,orange,al
7315765497,huntsville / decatur,11000,2007,honda,ridgeline,good,6 cylinders,gas,125000,clean,automatic,,4wd,mid-size,pickup,silver,al
7315762891,huntsville / decatur,59900,2019,ford,f-150,,6 cylinders,gas,6090,clean,automatic,1FTEW1E4XKFB35900,4wd,,,white,al
7315758896,huntsville / decatur,43500,2017,ram,3500 chassis cab,,6 cylinders,diesel,75373,clean,automatic,3C7WRTAL0HG731841,4wd,,,white,al
7315751619,huntsville / decatur,24997,2014,mercedes-benz,m-class,,8 cylinders,gas,82553,clean,automatic,4JGDA7DBXEA336979,,,SUV,blue,al
7315743155,huntsville / decatur,6499,2012,nissan,altima,excellent,4 cylinders,gas,140000,clean,automatic,,fwd,mid-size,sedan,silver,al
7315737753,huntsville / decatur,9850,2015,nissan,altima 2.5 s,excellent,4 cylinders,gas,88500,clean,automatic,,fwd,mid-size,sedan,red,al
7315718987,huntsville / decatur,19990,2017,subaru,legacy 2.5i premium sedan,good,,gas,10309,clean,other,4S3BNAC6XH3051466,,,sedan,white,al
7315679817,huntsville / decatur,13763,2013,nissan,maxima s sedan 4d,like new,6 cylinders,gas,36959,rebuilt,automatic,,fwd,full-size,sedan,white,al
7315670826,huntsville / decatur,12895,1991,chevrolet,corvette,,8 cylinders,gas,43725,clean,automatic,1G1YY238XM5105316,rwd,,hatchback,,al
7315586974,huntsville / decatur,0,2013,mercedes-benz,m-class,,6 cylinders,gas,94809,clean,automatic,,rwd,mid-size,SUV,white,al
7315557498,huntsville / decatur,9495,2013,toyota,camry,excellent,5 cylinders,gas,152000,clean,automatic,,fwd,mid-size,sedan,silver,al
7315543096,huntsville / decatur,0,2017,ford,expedition el,,6 cylinders,gas,82254,clean,automatic,,rwd,full-size,SUV,black,al
7315513814,huntsville / decatur,33590,2014,gmc,sierra 1500 crew cab slt,good,8 cylinders,gas,57923,clean,other,3GTP1VEC4EG551563,,,pickup,white,al
7315508835,huntsville / decatur,4000,1992,,1992 Corvette,fair,8 cylinders,gas,105000,salvage,manual,,fwd,full-size,coupe,red,al
7315488704,huntsville / decatur,33990,2011,chevrolet,corvette grand sport,good,8 cylinders,gas,70976,clean,other,1G1YW3DW5B5111532,rwd,,other,yellow,al
7315478261,huntsville / decatur,33590,2014,toyota,tundra crewmax sr5 pickup,good,,other,55251,clean,other,5TFEY5F15EX169621,,,pickup,red,al
7315478073,huntsville / decatur,27990,2018,nissan,frontier crew cab pro-4x,good,6 cylinders,gas,37332,clean,other,1N6AD0EV5JN745213,4wd,,pickup,silver,al
7315474294,huntsville / decatur,15500,2017,,2017 IMPALA,like new,6 cylinders,gas,21000,rebuilt,automatic,,fwd,full-size,sedan,blue,al
7315472495,huntsville / decatur,21590,2018,toyota,camry hybrid le sedan 4d,good,,other,24527,clean,other,4T1B31HK6JU502268,fwd,,sedan,black,al
7315432355,huntsville / decatur,6900,2012,ford,focus se,excellent,4 cylinders,gas,151000,clean,automatic,,fwd,mid-size,sedan,white,al
7315428316,huntsville / decatur,10495,2013,ford,escape sel,excellent,4 cylinders,gas,109004,clean,automatic,1FMCU0HX2DUA70516,fwd,mid-size,SUV,grey,al
7315427917,huntsville / decatur,31900,2016,gmc,sierra 3500,,,gas,140000,clean,automatic,,,,,,al
7315425284,huntsville / decatur,19800,2012,ford,f250,,,gas,132000,clean,automatic,,,,,,al
7315424048,huntsville / decatur,18800,2013,chevrolet,silverado 2500,,,gas,160000,clean,automatic,,,,,,al
7315422637,huntsville / decatur,19900,2015,ford,f350,,,gas,175000,clean,automatic,,,,,,al
7315418554,huntsville / decatur,31900,2017,chevrolet,silverado 2500,,,gas,98000,clean,automatic,,,,,,al
7315410281,huntsville / decatur,71989,,,lac Escalade,,8 cylinders,gas,15629,clean,automatic,1GYS4CKJ2KR309076,4wd,,SUV,black,al
7315379346,huntsville / decatur,19990,2017,hyundai,sonata plug-in hybrid,good,,hybrid,29254,clean,manual,KMHE54L2XHA065127,fwd,,sedan,white,al
7315379163,huntsville / decatur,29990,2016,chevrolet,colorado extended cab,good,6 cylinders,gas,17302,clean,other,1GCHTCE37G1186784,4wd,,pickup,red,al
7315379165,huntsville / decatur,21990,2018,buick,regal sportback preferred,good,,gas,4988,clean,other,W04GL6SX4J1075339,fwd,,sedan,white,al
7315373222,huntsville / decatur,26590,2017,honda,pilot lx sport utility 4d,good,6 cylinders,gas,13836,clean,other,5FNYF5H14HB023578,,,other,blue,al
7315373543,huntsville / decatur,26989,2013,nissan,titan,,8 cylinders,gas,66224,clean,automatic,1N6AA0EC6DN303391,4wd,,pickup,black,al
7315366905,huntsville / decatur,16897,2018,hyundai,elantra,,4 cylinders,gas,71224,clean,other,5NPD84LFXJH396699,fwd,,sedan,black,al
7315366744,huntsville / decatur,18897,2012,bmw,535i,,6 cylinders,gas,105766,clean,other,WBAFR7C54CC813857,rwd,,sedan,grey,al
7315365368,huntsville / decatur,3477,2010,honda,civic lx,good,4 cylinders,gas,204000,rebuilt,automatic,,fwd,,sedan,black,al
7315365004,huntsville / decatur,5477,2008,subaru,impreza 2.5i,excellent,4 cylinders,gas,138000,clean,manual,,,,hatchback,red,al
7315360962,huntsville / decatur,8477,2008,infiniti,g37s coupe,excellent,6 cylinders,gas,160000,rebuilt,manual,,rwd,,coupe,silver,al
7315343749,huntsville / decatur,39500,2019,honda,passport elite,like new,6 cylinders,gas,9069,clean,automatic,,4wd,full-size,SUV,silver,al
7315338147,huntsville / decatur,3000,2000,chevrolet,s10 pickup,good,4 cylinders,gas,178000,clean,automatic,,rwd,compact,truck,grey,al
7315336958,huntsville / decatur,8990,2006,infiniti,m35,good,6 cylinders,gas,133130,clean,automatic,,fwd,mid-size,sedan,black,al
7315319421,huntsville / decatur,8990,2006,infiniti,m35,good,6 cylinders,gas,133130,clean,automatic,,fwd,mid-size,sedan,black,al
7315302154,huntsville / decatur,26990,2016,toyota,tacoma,,6 cylinders,gas,102089,clean,automatic,3TMAZ5CN5GM007838,rwd,,pickup,grey,al
7315285247,huntsville / decatur,8950,2014,toyota,corolla,good,4 cylinders,gas,131681,clean,automatic,2T1BURHE0EC150821,fwd,compact,sedan,grey,al
7315266258,huntsville / decatur,7420,2012,kia,forte,,4 cylinders,gas,123245,clean,automatic,KNAFU4A29C5479724,fwd,,sedan,,al
7315266124,huntsville / decatur,8970,2008,audi,a4,,4 cylinders,gas,97334,clean,other,WAUDF78EX8A042932,4wd,,sedan,grey,al
7315266004,huntsville / decatur,17679,2007,toyota,fj cruiser,,6 cylinders,gas,173202,clean,automatic,JTEBU11F370001820,4wd,,SUV,red,al
7315265858,huntsville / decatur,15997,2007,lexus,ls 460,,8 cylinders,gas,126495,clean,automatic,JTHGL46F875016631,rwd,,sedan,silver,al
7315265677,huntsville / decatur,12875,2002,toyota,tacoma,,6 cylinders,gas,176966,clean,automatic,5TEGN92N62Z042687,rwd,,truck,silver,al
7315258722,huntsville / decatur,12250,2007,toyota,4runner sport,,,gas,189000,clean,automatic,,,,,,al
7315255273,huntsville / decatur,13900,2014,nissan,altima 2.5 s,excellent,4 cylinders,gas,34761,clean,automatic,1N4AL3AP0EC291247,fwd,full-size,sedan,brown,al
7315252937,huntsville / decatur,9300,2010,chrysler,town & country touring,good,6 cylinders,gas,93809,clean,automatic,2A4RR5D13AR493171,fwd,full-size,mini-van,silver,al
7315252640,huntsville / decatur,3995,2003,chrysler,pt cruiser,excellent,4 cylinders,gas,142000,clean,automatic,,fwd,,SUV,black,al
7315249032,huntsville / decatur,6250,2009,mercedes-benz,clk350,excellent,6 cylinders,gas,132000,clean,automatic,,rwd,full-size,coupe,white,al
7315207437,huntsville / decatur,35495,,,Series,,4 cylinders,gas,14000,clean,automatic,3MW5R1J08L8B21625,rwd,,sedan,white,al
7315125112,huntsville / decatur,10400,2006,dodge,dakota laramie quad cab,excellent,8 cylinders,gas,89200,clean,automatic,,rwd,,pickup,black,al
7315088307,huntsville / decatur,17900,2005,jeep,wrangler,excellent,6 cylinders,gas,117716,clean,manual,1J4FA39S35P374625,4wd,full-size,SUV,red,al
7315081248,huntsville / decatur,17900,2004,jeep,wrangler,excellent,6 cylinders,gas,113661,clean,automatic,1J4FA39S44P768598,fwd,full-size,SUV,brown,al
7315077990,huntsville / decatur,12900,1999,jeep,wrangler,good,6 cylinders,gas,178587,clean,manual,1J4FY19S6XP442466,4wd,full-size,SUV,white,al
7315060739,huntsville / decatur,18900,2011,ford,f250,,,gas,199000,clean,automatic,,,,,,al
7315059006,huntsville / decatur,17700,2012,ram,2500,,,gas,135000,clean,automatic,,,,,,al
7315058863,huntsville / decatur,6995,2011,subaru,outback,,6 cylinders,gas,154000,clean,automatic,,,,,white,al
7315057680,huntsville / decatur,21900,2013,ford,f250,,,gas,184000,clean,automatic,,,,,,al
7315056488,huntsville / decatur,33900,2017,chevrolet,silverado 2500,,,gas,97000,clean,automatic,,,,,,al
7315052385,huntsville / decatur,24900,2014,ford,f250,,,gas,119000,clean,automatic,,,,,,al
7315050621,huntsville / decatur,1800,2003,honda,accord coupe,good,,gas,152735,clean,automatic,,fwd,,coupe,black,al
7315045717,huntsville / decatur,25000,2017,ram,1500,excellent,6 cylinders,gas,96000,clean,automatic,,4wd,full-size,truck,grey,al
7315039734,huntsville / decatur,15950,2016,,volkwagen gti,like new,4 cylinders,gas,65809,clean,manual,3VWYT7AU0GM042418,fwd,,hatchback,red,al
7315036987,huntsville / decatur,7950,2008,toyota,rav4,good,4 cylinders,gas,173104,clean,automatic,JTMZD33V485110620,,,,silver,al
7315036084,huntsville / decatur,23950,2015,nissan,370z,excellent,6 cylinders,gas,65919,clean,manual,JN1AZ4EH3FM440847,rwd,,coupe,silver,al
7315034618,huntsville / decatur,12500,2009,ford,f-150,,8 cylinders,gas,194924,clean,automatic,1FTPW12VX9FB41017,rwd,,,white,al
7315034108,huntsville / decatur,15900,2014,ford,flex,,6 cylinders,gas,122769,clean,automatic,2FMGK5D86EBD27719,fwd,,,black,al
7315034542,huntsville / decatur,19500,2014,ford,mustang,,8 cylinders,gas,82283,clean,manual,1ZVBP8CF6E5256072,rwd,,coupe,red,al
7315034031,huntsville / decatur,9500,2015,volkswagen,passat,,4 cylinders,gas,103630,clean,automatic,1VWAS7A36FC108904,fwd,,sedan,white,al
7315034227,huntsville / decatur,10450,2008,lexus,ls 460,good,6 cylinders,gas,186915,clean,automatic,JTHBL46F285060538,rwd,,,grey,al
7315033982,huntsville / decatur,18900,2015,chevrolet,traverse,,6 cylinders,gas,72508,clean,automatic,1GNKRJKD4FJ319514,fwd,,,white,al
7315028310,huntsville / decatur,12450,2013,kia,optima sx turbo,like new,4 cylinders,gas,95730,clean,automatic,5XXGR4A67DG106027,fwd,,sedan,black,al
7315027672,huntsville / decatur,11950,2011,infiniti,m37,excellent,6 cylinders,gas,111385,clean,automatic,JN1BY1AP5BM324269,,,,black,al
7315021604,huntsville / decatur,18450,2014,ford,mustang gt,like new,8 cylinders,gas,147903,clean,automatic,1ZVBP8CF3E5253484,rwd,,,red,al
7315019495,huntsville / decatur,11950,2014,ford,focus st,good,4 cylinders,gas,150710,clean,manual,1FADP3L94EL268568,fwd,,hatchback,red,al
7315017144,huntsville / decatur,4900,2004,mazda,b2300,good,4 cylinders,gas,207000,clean,automatic,,,,,white,al
7315016384,huntsville / decatur,27995,2012,ford,f250 super duty,,,gas,47380,clean,automatic,1FDBF2A66CEC73016,,,,white,al
7315015376,huntsville / decatur,11950,2011,ford,edge sport,excellent,,gas,154733,clean,automatic,2FMDK4AK6BBA04411,,,SUV,silver,al
7315013260,huntsville / decatur,7950,2015,chrysler,200 limited,good,4 cylinders,gas,153140,clean,automatic,1C3CCCAB0FN688300,fwd,,sedan,red,al
7314998979,huntsville / decatur,8900,2011,toyota,camry se,excellent,4 cylinders,gas,164000,clean,automatic,,fwd,mid-size,sedan,white,al
7314979362,huntsville / decatur,5500,2007,acura,mdx,,,gas,158000,rebuilt,automatic,,,,,,al
7314965035,huntsville / decatur,34590,2018,ford,f150 super cab xl pickup 4d,good,6 cylinders,gas,20856,clean,other,1FTEX1CBXJKD41626,,,pickup,white,al
7314965038,huntsville / decatur,15590,2012,acura,tsx sedan 4d,good,,other,71123,clean,other,JH4CU2F63CC020608,fwd,,sedan,black,al
7314959235,huntsville / decatur,27590,2019,chevrolet,camaro lt coupe 2d,good,,gas,18056,clean,other,1G1FB1RX8K0150251,rwd,,coupe,red,al
7314959222,huntsville / decatur,24590,2017,chevrolet,silverado 1500 regular,good,6 cylinders,gas,40784,clean,other,1GCNCNEH7HZ118773,,,pickup,white,al
7314959183,huntsville / decatur,21990,2017,chrysler,pacifica touring-l,good,6 cylinders,gas,20941,clean,other,2C4RC1BG8HR796612,fwd,,van,silver,al
7314959171,huntsville / decatur,31590,2017,jeep,wrangler unlimited sport,good,6 cylinders,gas,30577,clean,other,1C4BJWDG6HL695711,4wd,,other,,al
7314959004,huntsville / decatur,71989,,rover,sport,,6 cylinders,gas,41865,clean,automatic,SALWV2SV1JA699790,4wd,,SUV,grey,al
7314941090,huntsville / decatur,22499,2018,volkswagen,tiguan,,,gas,24942,clean,automatic,3VV2B7AX0JM121022,,,SUV,,al
7314940310,huntsville / decatur,38900,2015,ford,f-250,,,diesel,175711,clean,automatic,1FT7W2BT8FEC30705,4wd,,pickup,silver,al
7314939821,huntsville / decatur,38900,2015,ford,f-250,,,diesel,175711,clean,automatic,1FT7W2BT8FEC30705,4wd,,pickup,silver,al
7314922891,huntsville / decatur,24989,2008,cadillac,xlr,,8 cylinders,gas,71637,clean,automatic,1G6YV36A485601466,rwd,,convertible,white,al
7314920188,huntsville / decatur,10000,1989,gmc,sierra 1500,excellent,8 cylinders,gas,155778,clean,automatic,,rwd,full-size,truck,black,al
7314907053,huntsville / decatur,1800,1985,chevrolet,c10,fair,8 cylinders,gas,35000,clean,automatic,,,,,,al
7314897018,huntsville / decatur,64495,2019,ford,f450 super duty regular cab & chassis,excellent,,diesel,16190,clean,automatic,1FDUF4GT1KEF91514,,,,white,al
7314892984,huntsville / decatur,19900,2018,nissan,rogue sv,excellent,4 cylinders,gas,66300,clean,automatic,KNMAT2MT1JP508918,fwd,mid-size,SUV,blue,al
7314886740,huntsville / decatur,58989,2015,tesla,model s,,,electric,23906,clean,automatic,5YJSA1E41FF113957,,,sedan,red,al
7314886095,huntsville / decatur,18600,2015,toyota,sienna xle,excellent,6 cylinders,gas,114542,clean,automatic,5TDYK3DC5FS528786,fwd,full-size,mini-van,black,al
7314881260,huntsville / decatur,16935,2018,kia,sportage,,4 cylinders,gas,65096,clean,automatic,KNDPMCAC2J7339834,4wd,,SUV,brown,al
7314881112,huntsville / decatur,20447,2018,kia,sorento,,4 cylinders,gas,42159,clean,automatic,5XYPG4A35JG392902,fwd,,SUV,black,al
7314879676,huntsville / decatur,0,2017,gmc,sierra 1500,,8 cylinders,gas,60015,clean,other,3GTU2NEC5HG504207,4wd,,truck,white,al
7314859729,huntsville / decatur,23500,2016,acura,rdx awd,good,6 cylinders,gas,71000,clean,automatic,,4wd,mid-size,SUV,black,al
7314847951,huntsville / decatur,30990,2017,toyota,tundra double cab sr,good,8 cylinders,gas,41124,clean,other,5TFRM5F17HX120972,,,pickup,red,al
7314836779,huntsville / decatur,8950,2014,toyota,corolla,good,4 cylinders,gas,131681,clean,automatic,2T1BURHE0EC150821,fwd,compact,sedan,grey,al
7314812234,huntsville / decatur,34500,2012,bmw,x6,,8 cylinders,gas,53723,clean,automatic,5YMGZ0C57CLK14442,,,,,al
7314774309,huntsville / decatur,16306,2017,mazda,mazda3 4-door,,4 cylinders,gas,101982,clean,automatic,JM1BN1W31H1138475,fwd,,sedan,red,al
7314774155,huntsville / decatur,16868,2017,kia,sedona,,6 cylinders,gas,88062,clean,automatic,KNDMB5C11H6217479,fwd,,van,black,al
7314768794,huntsville / decatur,26990,2017,nissan,titan crew cab sv pickup,good,8 cylinders,gas,34365,clean,other,1N6AA1EK4HN542974,,,pickup,silver,al
7314764121,huntsville / decatur,39590,2020,ford,mustang gt premium coupe 2d,good,8 cylinders,gas,1419,clean,other,1FA6P8CF5L5136223,rwd,,coupe,white,al
7314763013,huntsville / decatur,8900,2010,honda,accord lx,good,4 cylinders,gas,134037,clean,automatic,1HGCP2F33AA008659,fwd,full-size,sedan,grey,al
7314762801,huntsville / decatur,6250,2008,honda,pilot ex-l,excellent,6 cylinders,gas,150000,clean,automatic,,fwd,mid-size,SUV,black,al
7314756417,huntsville / decatur,38995,2012,ford,f-250 super duty,,,gas,9205,clean,automatic,1FD7W2B61CEC39375,4wd,,,white,al
7314709477,huntsville / decatur,31990,2016,chevrolet,silverado 1500,,8 cylinders,,107597,clean,automatic,3GCUKREC3GG310264,4wd,,pickup,white,al
7314673453,huntsville / decatur,16590,2015,volkswagen,beetle 1.8t fleet,good,,gas,39649,clean,other,3VWF17AT1FM655022,fwd,,hatchback,black,al
7314673507,huntsville / decatur,32990,2018,toyota,highlander xle sport,good,6 cylinders,gas,23971,clean,other,5TDJZRFHXJS844265,,,other,red,al
7314673464,huntsville / decatur,18990,2018,mitsubishi,eclipse cross es,good,,other,15808,clean,other,JA4AS3AA8JZ050319,,,hatchback,red,al
7314673450,huntsville / decatur,22590,2018,subaru,impreza 2.0i sport wagon,good,,gas,17472,clean,other,4S3GTAM6XJ3742545,,,wagon,red,al
7314673431,huntsville / decatur,17990,2018,toyota,corolla le sedan 4d,good,,other,14277,clean,other,5YFBURHE1JP778512,fwd,,sedan,red,al
7314673429,huntsville / decatur,16990,2018,chevrolet,trax ls sport utility,good,,gas,25697,clean,other,3GNCJKSB2JL154323,fwd,,hatchback,,al
7314673426,huntsville / decatur,21990,2017,honda,accord sport se sedan 4d,good,,gas,33449,clean,other,1HGCR2F15HA197964,fwd,,sedan,white,al
7314673427,huntsville / decatur,18590,2017,kia,soul ! wagon 4d,good,,gas,20729,clean,other,KNDJX3AA7H7446464,fwd,,wagon,black,al
7314673465,huntsville / decatur,24990,2018,ford,explorer sport utility 4d,good,,gas,24652,clean,other,1FM5K7BH6JGC05208,fwd,,other,silver,al
7314615999,huntsville / decatur,23000,1967,chevrolet,c10 truck,good,8 cylinders,gas,999999,clean,automatic,,rwd,full-size,truck,red,al
7314579179,huntsville / decatur,8999,2014,nissan,sentra sv sedan 4d,like new,4 cylinders,gas,73262,rebuilt,automatic,,fwd,full-size,sedan,green,al
7314553004,huntsville / decatur,23900,2015,chevrolet,silverado 2500,,,gas,144000,clean,automatic,,,,,,al
7314551847,huntsville / decatur,10882,2015,,#NAME?,excellent,,gas,129000,rebuilt,automatic,ZFBERFAT0F6A79379,,,,white,al
7314551695,huntsville / decatur,11882,2016,,#NAME?,excellent,,gas,124021,rebuilt,automatic,ZFBERFAT5G6B01491,,,,white,al
7314551176,huntsville / decatur,26900,2012,chevrolet,silverado 2500,,,gas,91000,clean,automatic,,,,,,al
7314550635,huntsville / decatur,19800,2014,ford,f250,,,gas,175000,clean,automatic,,,,,,al
7314549951,huntsville / decatur,22900,2015,gmc,sierra 2500,,,gas,184000,clean,automatic,,,,,,al
7314530545,huntsville / decatur,7800,2010,cadillac,srx,,6 cylinders,gas,96743,clean,automatic,,,,,black,al
7314521180,huntsville / decatur,11995,2007,chevrolet,tahoe,,,gas,170865,clean,automatic,1GNFK13077J125921,4wd,,,silver,al
7314488919,huntsville / decatur,17995,2017,ram,promaster 1500 cargo van,,,gas,147064,clean,automatic,3C6TRVNGXHE538740,,,,white,al
7314483645,huntsville / decatur,18800,2013,ford,f250,,,gas,176000,clean,automatic,,,,,,al
7314482765,huntsville / decatur,10998,2013,nissan,murano,,,gas,143392,clean,automatic,JN8AZ1MU8DW203142,fwd,,SUV,,al
7314479790,huntsville / decatur,25800,2020,jeep,renegade limited sport,like new,4 cylinders,gas,7900,lien,automatic,,,,other,black,al
7314469862,huntsville / decatur,4700,1988,honda,crx,like new,4 cylinders,gas,104266,clean,automatic,,fwd,compact,hatchback,silver,al
7314469534,huntsville / decatur,8800,2007,lexus,es 350 sedan,like new,6 cylinders,gas,153000,clean,automatic,,fwd,full-size,sedan,white,al
7314469064,huntsville / decatur,8700,2014,ford,focus se flex fuel,like new,4 cylinders,gas,44000,clean,automatic,,fwd,mid-size,sedan,white,al
7314468538,huntsville / decatur,8995,2009,dodge,nitro slt,like new,6 cylinders,gas,83000,clean,automatic,,fwd,mid-size,SUV,,al
7314463542,huntsville / decatur,21900,2012,chevrolet,silverado 2500,,,gas,104000,clean,automatic,,,,,,al
7314460681,huntsville / decatur,39989,2016,ram,2500,,8 cylinders,gas,67277,clean,automatic,3C6TR5CJ0GG311090,4wd,,pickup,silver,al
7314458265,huntsville / decatur,23990,2010,chevrolet,camaro,excellent,8 cylinders,gas,19000,clean,manual,2G1FT1EW9A9125003,rwd,full-size,coupe,blue,al
7314454112,huntsville / decatur,25900,2013,ford,f250,,,gas,135000,clean,automatic,,,,,,al
7314443404,huntsville / decatur,24900,2015,ford,f250,,,gas,153000,clean,automatic,,,,,,al
7314426660,huntsville / decatur,12989,2013,cadillac,cts sedan,,6 cylinders,,73857,clean,automatic,1G6DJ5E33D0104912,rwd,,sedan,,al
7314422703,huntsville / decatur,28299,2018,lexus,is,,,gas,31608,clean,automatic,JTHBA1D21J5067359,fwd,compact,sedan,white,al
7314390691,huntsville / decatur,16989,2014,gmc,acadia,,6 cylinders,gas,82459,clean,automatic,1GKKRRKDXEJ371076,fwd,,SUV,grey,al
7314387246,huntsville / decatur,0,2014,toyota,corolla,good,4 cylinders,gas,131681,clean,automatic,2T1BURHE0EC150821,fwd,,sedan,grey,al
7314385851,huntsville / decatur,19276,2016,subaru,crosstrek,,4 cylinders,gas,122963,clean,automatic,JF2GPABC0G8200039,4wd,,SUV,,al
7314385727,huntsville / decatur,11988,2016,kia,soul,,4 cylinders,gas,78642,clean,automatic,KNDJN2A23G7294741,fwd,,wagon,grey,al
7314384424,huntsville / decatur,17897,2015,lincoln,mkz,,6 cylinders,gas,91067,clean,other,3LN6L2GK0FR610652,fwd,,sedan,white,al
7314380022,huntsville / decatur,15950,2011,chevrolet,silverado 1500,good,8 cylinders,gas,147991,clean,automatic,3GCPCSEA7BG155825,rwd,,,silver,al
7314355874,huntsville / decatur,24699,2018,audi,a4,,,gas,67294,clean,automatic,WAUENAF45JN006854,,compact,sedan,silver,al
7314318707,huntsville / decatur,22795,2015,mercedes-benz,c-class,,4 cylinders,gas,67870,clean,automatic,55SWF4KB4FU020761,,,sedan,silver,al
7314289366,huntsville / decatur,80000,2018,,kenworth t680,excellent,6 cylinders,diesel,395937,clean,manual,,,,truck,red,al
7314282784,huntsville / decatur,11275,2013,volkswagen,cc,,4 cylinders,gas,78436,clean,automatic,WVWBP7AN9DE500206,fwd,,sedan,black,al
7314282657,huntsville / decatur,27977,2017,toyota,tacoma,,4 cylinders,gas,39402,clean,automatic,5TFAX5GN0HX103467,rwd,,truck,white,al
7314248868,huntsville / decatur,3600,1997,ford,f150,good,8 cylinders,gas,206000,clean,manual,,,,truck,silver,al
7314222921,huntsville / decatur,50990,2017,mercedes-benz,s-class,,8 cylinders,gas,68643,clean,automatic,WDDUG8FB5HA318535,,,sedan,black,al
7314206425,huntsville / decatur,5999,2009,acura,tl,good,6 cylinders,gas,154000,rebuilt,automatic,,rwd,full-size,sedan,silver,al
7314200906,huntsville / decatur,1000,1973,toyota,,,,other,999999,missing,other,,,,,,al
7314187705,huntsville / decatur,5495,2008,cadillac,dts,good,8 cylinders,gas,125896,clean,automatic,,,full-size,sedan,silver,al
7314179849,huntsville / decatur,5795,2007,cadillac,dts,excellent,8 cylinders,gas,104500,clean,automatic,,,full-size,sedan,silver,al
7314168781,huntsville / decatur,15500,1971,chevrolet,monte carlo,,8 cylinders,gas,60483,clean,automatic,,,,,,al
7314067462,huntsville / decatur,7500,2008,chrysler,aspen,like new,8 cylinders,gas,191000,clean,automatic,,rwd,full-size,SUV,white,al
7314055065,huntsville / decatur,6900,2003,ford,ranger edge 4x4,good,6 cylinders,gas,230000,clean,automatic,,4wd,mid-size,pickup,white,al
7314053419,huntsville / decatur,11900,2007,chevrolet,silverado 2500,,,gas,198000,clean,automatic,,,,,,al
7314051520,huntsville / decatur,8500,2007,ford,expedition,,8 cylinders,gas,196014,clean,automatic,1FMFU18577LA69843,4wd,,,white,al
7314050459,huntsville / decatur,26900,2012,ford,f250,,,gas,126000,clean,automatic,,,,,,al
7314040077,huntsville / decatur,27900,2015,chevrolet,silverado 2500,,,gas,134000,clean,automatic,,,,,,al
7314039095,huntsville / decatur,30900,2014,ford,f250,,,gas,96000,clean,automatic,,,,,,al
7314035972,huntsville / decatur,10900,2002,chevrolet,silverado 2500,,,gas,178000,clean,automatic,,,,,,al
7314022876,huntsville / decatur,29000,2019,toyota,tacoma,excellent,6 cylinders,gas,29500,clean,automatic,,4wd,mid-size,pickup,silver,al
7314018921,huntsville / decatur,17900,2012,ford,f250,,,gas,161000,clean,automatic,,,,,,al
7314015061,huntsville / decatur,4477,2006,chevrolet,express 3500 van,,8 cylinders,gas,250000,clean,automatic,,,,van,white,al
7314007584,huntsville / decatur,17900,2011,chevrolet,silverado 2500,,,gas,186000,clean,automatic,,,,,,al
7314003035,huntsville / decatur,17500,2010,jeep,wrangler unlimited,good,6 cylinders,gas,176000,clean,automatic,,4wd,full-size,other,silver,al
7313999271,huntsville / decatur,750,2004,saturn,l300,fair,6 cylinders,gas,91553,clean,automatic,,fwd,mid-size,wagon,red,al
7313977271,huntsville / decatur,16977,2015,honda,cr-v,,4 cylinders,gas,134543,clean,automatic,2HKRM3H74FH523001,fwd,,SUV,grey,al
7313971477,huntsville / decatur,30990,2016,chevrolet,colorado crew cab z71,good,,other,34940,clean,other,1GCGTDE32G1341288,4wd,,pickup,blue,al
7313957282,huntsville / decatur,19900,2012,ford,f250,,,gas,168000,clean,automatic,,,,,,al
7313952753,huntsville / decatur,6500,2011,hyundai,genesis coupe 2.0t,excellent,4 cylinders,gas,197000,clean,automatic,,rwd,compact,coupe,red,al
7313944107,huntsville / decatur,20900,2010,gmc,sierra 2500,,,gas,139000,clean,automatic,,,,,,al
7313941152,huntsville / decatur,62977,2017,chevrolet,corvette,,8 cylinders,gas,1006,clean,automatic,1G1YD2D78H5107914,rwd,,coupe,white,al
7313934772,huntsville / decatur,10945,2016,chevrolet,cruze limited lt,,,gas,80501,clean,automatic,,,,,,al
7313932798,huntsville / decatur,14500,2018,hyundai,elantra sel,,,gas,71996,clean,automatic,,,,,,al
7313932369,huntsville / decatur,10500,2007,gmc,yukon,good,8 cylinders,gas,173000,clean,automatic,,,,,black,al
7313931331,huntsville / decatur,13510,2017,ford,fusion hybrid titanium,,,gas,110157,clean,automatic,,,,,,al
7313926351,huntsville / decatur,10400,2006,dodge,dakota laramie quad cab,excellent,8 cylinders,gas,89200,clean,automatic,,rwd,,pickup,black,al
7313903947,huntsville / decatur,14989,2014,chevrolet,express cargo van,,8 cylinders,gas,204477,clean,automatic,1GCWGFCA8E1198230,rwd,,van,white,al
7313897187,huntsville / decatur,16700,2013,ford,f-150,,8 cylinders,gas,180917,clean,other,1FTFW1EF6DKD13303,4wd,,truck,,al
7313897040,huntsville / decatur,15897,2018,chevrolet,malibu,,4 cylinders,gas,65950,clean,other,1G1ZB5ST9JF144448,fwd,,sedan,grey,al
7313892376,huntsville / decatur,23900,2015,ram,1500,,,diesel,107663,clean,automatic,1C6RR7FM0FS511955,4wd,,pickup,silver,al
7313889140,huntsville / decatur,6695,2014,dodge,grand caravan,good,6 cylinders,gas,152000,clean,automatic,,,,,black,al
7313885951,huntsville / decatur,23900,2013,ford,f150,,,gas,147898,clean,automatic,1FTFW1ET1DFB64314,4wd,,other,black,al
7313879926,huntsville / decatur,32900,2015,gmc,yukon xl,,,other,100628,clean,automatic,1GKS1HKC3FR594149,rwd,,SUV,black,al
7313873195,huntsville / decatur,26900,2016,dodge,charger,,,gas,62069,clean,automatic,2C3CDXCT7GH110411,rwd,full-size,sedan,black,al
7313865253,huntsville / decatur,34900,2013,ford,f-150,,,other,130818,clean,automatic,1FTFW1R68DFD48217,4wd,,pickup,red,al
7313850481,huntsville / decatur,8900,2009,toyota,highlander suv,excellent,6 cylinders,gas,186000,clean,automatic,,fwd,,SUV,red,al
7313848824,huntsville / decatur,4000,2010,hyundai,elantra,good,4 cylinders,gas,179076,clean,automatic,,,mid-size,sedan,black,al
7313828210,huntsville / decatur,11295,2014,chevrolet,sonic,,4 cylinders,gas,49019,clean,automatic,1G1JE6SB9E4237313,fwd,,hatchback,red,al
7313817677,huntsville / decatur,20900,2013,ford,f250,,,gas,139000,clean,automatic,,,,,,al
7313804449,huntsville / decatur,2000,2005,bmw,x3,fair,6 cylinders,gas,200000,clean,automatic,,4wd,mid-size,SUV,black,al
7313804242,huntsville / decatur,18900,2017,fiat,124 spider,excellent,4 cylinders,gas,16200,clean,manual,,rwd,compact,convertible,white,al
7313794830,huntsville / decatur,2300,1999,jeep,grand cherokee,good,4 cylinders,gas,258874,clean,automatic,,rwd,,,,al
7313790360,huntsville / decatur,15156,2016,nissan,rogue,,4 cylinders,gas,78000,clean,automatic,KNMAT2MT3GP665391,fwd,,SUV,blue,al
7313790255,huntsville / decatur,14655,2015,toyota,camry,,4 cylinders,gas,133131,clean,automatic,4T1BF1FK7FU918346,fwd,,sedan,white,al
7313790160,huntsville / decatur,8877,2015,nissan,altima,,4 cylinders,gas,153034,clean,automatic,1N4AL3AP7FN913977,fwd,,sedan,,al
7313790037,huntsville / decatur,15685,2014,subaru,legacy,,4 cylinders,gas,76653,clean,automatic,4S3BMCL60E3011598,4wd,,sedan,silver,al
7313746485,huntsville / decatur,16590,2016,jeep,renegade sport suv 4d,good,,gas,35835,clean,other,ZACCJBAW9GPC62449,4wd,,other,red,al
7313746468,huntsville / decatur,36990,2020,dodge,challenger r/t coupe 2d,good,,other,4269,clean,other,2C3CDZBTXLH206377,rwd,,coupe,black,al
7313746452,huntsville / decatur,26990,2016,ford,f150 regular cab xl pickup,good,6 cylinders,gas,14230,clean,other,1FTMF1CP3GKD62143,,,pickup,black,al
7313746453,huntsville / decatur,27990,2018,acura,rdx technology pkg sport,good,6 cylinders,gas,30791,clean,other,5J8TB4H53JL021103,,,other,,al
7313746417,huntsville / decatur,39990,2019,nissan,370z nismo coupe 2d,good,6 cylinders,gas,8373,clean,other,JN1AZ4EH8KM420880,rwd,,coupe,white,al
7313744162,huntsville / decatur,16590,2014,volkswagen,jetta sportwagen 2.0l,good,,gas,40364,clean,automatic,3VWPL7AJ7EM627964,fwd,,wagon,red,al
7313744159,huntsville / decatur,26990,2018,bmw,3 series 330i xdrive sedan,good,,gas,28260,clean,other,WBA8D9G59JNU68145,,,sedan,,al
7313744143,huntsville / decatur,21590,2017,buick,regal premium ii sedan 4d,good,,gas,14934,clean,other,2G4GR5GX4H9146936,fwd,,sedan,white,al
7313727541,huntsville / decatur,25500,2015,jaguar,xj,,6 cylinders,,71114,clean,automatic,SAJWA1CZ7F8V80673,rwd,,sedan,black,al
7313711510,huntsville / decatur,11500,2012,,mazdaspeed3,good,4 cylinders,gas,79000,clean,manual,,fwd,compact,hatchback,black,al
7313677616,huntsville / decatur,6900,2014,ford,fusion se,,,gas,116000,rebuilt,automatic,,,,,,al
7313657251,huntsville / decatur,8500,2010,ford,taurus,,6 cylinders,gas,159224,clean,automatic,1FAHP2KT6AG109028,4wd,,sedan,black,al
7313657444,huntsville / decatur,3900,2006,hyundai,tucson,,4 cylinders,gas,261047,clean,automatic,KM8JM12B26U397463,fwd,,,white,al
7313657216,huntsville / decatur,34900,2012,ram,2500,,6 cylinders,diesel,182868,clean,automatic,3C6UD5FL5CG284415,4wd,,,red,al
7313657254,huntsville / decatur,5250,1999,toyota,4runner,good,6 cylinders,gas,335000,clean,automatic,,4wd,mid-size,SUV,red,al
7313657180,huntsville / decatur,13900,2014,buick,encore,,4 cylinders,gas,54486,clean,automatic,KL4CJCSB8EB569887,fwd,,,silver,al
7313594102,huntsville / decatur,8495,2013,kia,optima,good,4 cylinders,gas,127000,clean,automatic,5XXGM4A75DG193739,rwd,,sedan,black,al
7313586219,huntsville / decatur,29900,2015,chevrolet,silverado 3500,,,gas,161000,clean,automatic,,,,,,al
7313584772,huntsville / decatur,16900,2008,chevrolet,silverado 3500,,,gas,172000,clean,automatic,,,,,,al
7313583818,huntsville / decatur,24900,2015,ford,f250,,,gas,143000,clean,automatic,,,,,,al
7313581600,huntsville / decatur,18900,2011,chevrolet,silverado 2500,,,gas,171000,clean,automatic,,,,,,al
7313579064,huntsville / decatur,33900,2019,ford,f250,,,gas,134000,clean,automatic,,,,,,al
7313567896,huntsville / decatur,20900,2011,chevrolet,silverado 2500,,,gas,182000,clean,automatic,,,,,,al
7313557456,huntsville / decatur,30900,2015,ford,f250,,,gas,95000,clean,automatic,,,,,,al
7313548536,huntsville / decatur,29900,2019,chevrolet,silverado 2500,,,gas,163000,clean,automatic,,,,,,al
7313537358,huntsville / decatur,26900,2012,ford,f250,,,gas,80000,clean,automatic,,,,,,al
7313521937,huntsville / decatur,23500,2013,chevrolet,silverado 2500hd,,8 cylinders,gas,198433,clean,automatic,1GC1KYEG1DF155873,4wd,,,red,al
7313521855,huntsville / decatur,39900,2016,ford,super duty f-450 drw chassis cab,,8 cylinders,diesel,162643,clean,automatic,1FD0W4HT3GEB87960,4wd,,,white,al
7313521776,huntsville / decatur,59900,2017,chevrolet,ss sedan,,8 cylinders,gas,3050,clean,automatic,6G3F15RW0HL300338,rwd,,sedan,white,al
7313511291,huntsville / decatur,24590,2013,gmc,sierra 1500 extended cab slt,good,8 cylinders,other,80318,clean,other,1GTR1WE07DZ143724,,,pickup,,al
7313498844,huntsville / decatur,18998,2015,acura,tlx,,,gas,56476,clean,automatic,19UUB1F35FA017450,fwd,compact,sedan,white,al
7313495167,huntsville / decatur,8995,2011,nissan,murano sl,excellent,6 cylinders,gas,113374,clean,automatic,JN8AZ1MUXBW050857,fwd,full-size,SUV,silver,al
7313488107,huntsville / decatur,32990,2013,tesla,model s signature,good,,electric,62588,clean,other,5YJSA1DP8DFP06269,rwd,,sedan,white,al
7313475853,huntsville / decatur,11989,2008,bmw,z4,,6 cylinders,gas,90935,clean,automatic,4USBU33518LW74636,rwd,,convertible,black,al
7313463605,huntsville / decatur,29990,2018,volvo,s90 t5 momentum sedan 4d,good,,gas,13859,clean,other,LVY982MK3JP016122,,,sedan,,al
7313456001,huntsville / decatur,12500,1999,toyota,4runner,excellent,8 cylinders,gas,172000,clean,automatic,,rwd,mid-size,SUV,green,al
7313439516,huntsville / decatur,36990,2016,gmc,sierra 2500 hd double cab,good,8 cylinders,gas,23190,clean,other,1GT22REG1GZ401351,4wd,,pickup,black,al
7313439487,huntsville / decatur,23590,2017,nissan,frontier king cab sv,good,,gas,37091,clean,other,1N6BD0CT1HN724133,fwd,,pickup,red,al
7313439680,huntsville / decatur,29989,2015,chevrolet,suburban,,8 cylinders,,131993,clean,automatic,1GNSCKKC3FR233904,rwd,,SUV,white,al
7313434811,huntsville / decatur,7499,2011,honda,accord,,,gas,167430,clean,automatic,1HGCP2F31BA104582,,full-size,sedan,red,al
7313427258,huntsville / decatur,36995,2017,chevrolet,silverado 2500hd,,,gas,43553,clean,automatic,1GC1KUEG9HF237025,4wd,,,white,al
7313416933,huntsville / decatur,10995,2011,nissan,frontier s,good,6 cylinders,gas,139100,clean,automatic,,,mid-size,pickup,black,al
7313401950,huntsville / decatur,65989,,,ierra 1500,,6 cylinders,diesel,957,clean,automatic,1GTU9EET3MZ256917,4wd,,pickup,white,al
7313398305,huntsville / decatur,10500,2009,mercedes-benz,c300 sport,excellent,6 cylinders,gas,87000,clean,automatic,,,,sedan,black,al
7313397334,huntsville / decatur,41000,2014,rover,hse,like new,8 cylinders,gas,60000,clean,automatic,,4wd,,,black,al
7313381730,huntsville / decatur,25590,2017,jeep,grand cherokee laredo sport,good,6 cylinders,other,31315,clean,other,1C4RJFAG6HC633079,4wd,,SUV,silver,al
7313381707,huntsville / decatur,17990,2013,subaru,xv crosstrek premium,good,,gas,57371,clean,other,JF2GPAVC1D2886375,,,hatchback,blue,al
7313367428,huntsville / decatur,24699,2019,volkswagen,jetta,,,gas,11478,clean,automatic,3VW6T7BUXKM156084,,compact,sedan,red,al
7313357971,huntsville / decatur,10900,2009,nissan,titan,good,8 cylinders,gas,199912,clean,automatic,1N6BA07D59N309992,rwd,full-size,truck,silver,al
7313355149,huntsville / decatur,8000,2012,kia,soul,excellent,4 cylinders,gas,132423,clean,automatic,,fwd,full-size,hatchback,silver,al
7313349058,huntsville / decatur,30990,2019,ford,ranger supercrew xl pickup,good,,other,1834,clean,other,1FTER4EH3KLA31326,,,pickup,black,al
7313325143,huntsville / decatur,32995,,,r XF,,4 cylinders,gas,22105,clean,automatic,SAJBD4FX6JCY57725,rwd,,sedan,white,al
7313310520,huntsville / decatur,10500,2011,mercedes-benz,benz e350,,6 cylinders,gas,132000,clean,automatic,,rwd,,,black,al
7313297746,huntsville / decatur,140000,2015,jeep,renegade,like new,6 cylinders,gas,49658,rebuilt,other,,fwd,mid-size,SUV,yellow,al
7313292421,huntsville / decatur,8600,2010,ford,escape,good,4 cylinders,gas,40500,clean,automatic,,fwd,,SUV,white,al
7313287163,huntsville / decatur,4995,2007,toyota,camry,excellent,4 cylinders,gas,166000,clean,automatic,,fwd,mid-size,sedan,green,al
7313281010,huntsville / decatur,6499,2012,chevrolet,cruze ls,excellent,4 cylinders,gas,138000,clean,automatic,,fwd,mid-size,sedan,blue,al
7313272894,huntsville / decatur,27900,2014,chevrolet,silverado 3500hd,good,8 cylinders,diesel,170525,clean,automatic,1GB4KZC82EF172959,4wd,full-size,truck,white,al
7313267036,huntsville / decatur,31590,2019,cadillac,xt4 sport suv 4d,good,,other,12102,clean,other,1GYFZER40KF121673,fwd,,hatchback,black,al
7313224983,huntsville / decatur,21990,2015,mercedes-benz,glk,,4 cylinders,diesel,90508,clean,automatic,WDCGG0EB5FG411408,,,SUV,white,al
7313123392,huntsville / decatur,4800,2004,chevrolet,avalanche,good,8 cylinders,gas,226386,clean,automatic,3GNEK12T74G287956,4wd,full-size,pickup,black,al
7313070161,huntsville / decatur,23000,1947,ford,,,,gas,12334,clean,automatic,,,,,,al
7313065515,huntsville / decatur,17000,1967,chevrolet,c10,,,gas,62111,clean,automatic,,,,,,al
7313063699,huntsville / decatur,20900,2013,ford,f250,,,gas,127000,clean,automatic,,,,,,al
7313063003,huntsville / decatur,24900,2012,chevrolet,silverado 2500,,,gas,143000,clean,automatic,,,,,,al
7313062518,huntsville / decatur,24900,2015,ford,f250,,,gas,151000,clean,automatic,,,,,,al
7313060901,huntsville / decatur,22900,2013,chevrolet,silverado 2500,,,gas,185000,clean,automatic,,,,,,al
7313029009,huntsville / decatur,10900,2011,ford,expedition,good,8 cylinders,gas,158371,clean,automatic,,rwd,full-size,SUV,black,al
7313025458,huntsville / decatur,78000,2020,cadillac,escalade,like new,,gas,4300,clean,automatic,,fwd,full-size,SUV,silver,al
7312994866,huntsville / decatur,9900,2011,bmw,128 i coupe,like new,6 cylinders,gas,109000,clean,automatic,,fwd,,coupe,silver,al
7312994631,huntsville / decatur,32250,2019,acura,tlx a-spec,like new,,gas,20436,clean,manual,,,,,red,al
7312985692,huntsville / decatur,36995,2013,chevrolet,silverado 3500hd,,,gas,58056,clean,automatic,1GB4CZCG7DF109634,,,,white,al
7312940865,huntsville / decatur,3100,2006,volvo,xc90,fair,5 cylinders,gas,200238,clean,automatic,,4wd,full-size,SUV,silver,al
7312932437,huntsville / decatur,34590,2016,chevrolet,silverado 1500 double,good,6 cylinders,gas,29499,clean,other,1GCVKREH6GZ228691,4wd,,pickup,silver,al
7312927040,huntsville / decatur,14989,2012,audi,q7,,6 cylinders,diesel,164360,clean,automatic,WA1VMAFE7CD001186,,,SUV,white,al
7312912822,huntsville / decatur,3999,2006,acura,tl,,,gas,205000,clean,automatic,,,,,,al
7312908230,huntsville / decatur,2999,1994,gmc,sierra 1500,,6 cylinders,gas,159000,clean,automatic,,,,,,al
7312902733,huntsville / decatur,2999,2004,ford,f150 xlt,,,gas,212000,rebuilt,automatic,,,,,,al
7312895905,huntsville / decatur,10999,2006,ford,f-150,,,gas,133000,clean,automatic,,,,,,al
7312892545,huntsville / decatur,39590,2018,toyota,4runner limited sport,good,6 cylinders,gas,34199,clean,other,JTEBU5JR6J5526981,4wd,,other,red,al
7312892397,huntsville / decatur,36990,2015,chevrolet,tahoe lt sport utility,good,8 cylinders,other,51677,clean,other,1GNSCBKC8FR712092,,,other,black,al
7312892369,huntsville / decatur,25990,2019,ram,1500 classic regular cab,good,6 cylinders,gas,27709,clean,other,3C6JR6AGXKG510290,,,pickup,,al
7312892256,huntsville / decatur,25590,2015,gmc,sierra 1500 regular cab,good,6 cylinders,other,35290,clean,other,1GTN1TEH9FZ243281,,,pickup,white,al
7312892666,huntsville / decatur,2999,2002,ford,taurus se,,,gas,180000,clean,automatic,,,,,,al
7312892229,huntsville / decatur,29990,2019,mazda,mx-5 miata grand touring,good,,gas,5247,clean,other,JM1NDAD77K0311175,rwd,,other,,al
7312892234,huntsville / decatur,19999,2007,chevrolet,avalanche 4x4,,,gas,105000,clean,automatic,,,,,,al
7312891632,huntsville / decatur,5999,2007,bmw,530i,,,gas,165000,clean,automatic,,,,,,al
7312890951,huntsville / decatur,6999,2004,bmw,z4,,,gas,140000,clean,automatic,,,,,,al
7312890559,huntsville / decatur,4499,2010,chevrolet,impala ltz,,,gas,160000,clean,automatic,,,,,,al
7312887340,huntsville / decatur,16989,2012,rover,lr4,,8 cylinders,gas,121609,clean,automatic,SALAK2D42CA598011,,,SUV,white,al
7312873983,huntsville / decatur,7500,2012,volkswagen,cc,,,gas,110589,clean,automatic,WVWMN7AN0CE514962,,compact,sedan,,al
7312872166,huntsville / decatur,13500,2016,dodge,grand caravan,excellent,6 cylinders,gas,65000,clean,automatic,,,,,grey,al
7312867213,huntsville / decatur,14499,2016,nissan,murano,,,gas,124543,clean,,5N1AZ2MHXGN164337,4wd,,wagon,black,al
7312860236,huntsville / decatur,6400,2009,buick,enclave,,,gas,163783,clean,automatic,5GAEV23D39J118151,fwd,,wagon,silver,al
7312853317,huntsville / decatur,18400,2012,ford,f-150,,,other,159936,clean,automatic,1FTFW1EFXCFA35206,4wd,,pickup,white,al
7312847787,huntsville / decatur,19950,1955,chevrolet,bel air,good,8 cylinders,gas,96867,clean,automatic,,rwd,full-size,sedan,green,al
7312845217,huntsville / decatur,35900,2014,rover,,,,gas,94780,clean,automatic,SALGS2EF0EA134342,,,SUV,,al
7312841829,huntsville / decatur,4000,1951,,1951 Suburban,,,other,25000,clean,other,,,,,green,al
7312818026,huntsville / decatur,15990,2015,toyota,camry le sedan 4d,good,,hybrid,56696,clean,other,4T1BF1FK8FU025327,fwd,,sedan,black,al
7312806230,huntsville / decatur,25495,2017,mercedes-benz,c-class,,4 cylinders,gas,42056,clean,automatic,55SWF4KB8HU214437,,,sedan,black,al
7312786583,huntsville / decatur,27990,2020,ford,ranger supercab xl pickup,good,,gas,10688,clean,other,1FTER1EH1LLA36301,,,pickup,white,al
7312764352,huntsville / decatur,13977,2016,chevrolet,impala,,6 cylinders,gas,121792,clean,automatic,2G1115S37G9138195,fwd,,sedan,black,al
7312764129,huntsville / decatur,9930,2011,toyota,sienna,,6 cylinders,gas,262907,clean,automatic,5TDKK3DC6BS029740,fwd,,mini-van,silver,al
7312763961,huntsville / decatur,5977,2008,nissan,altima,,4 cylinders,gas,141085,clean,automatic,1N4AL21E58C286512,fwd,,sedan,black,al
7312763664,huntsville / decatur,6995,2007,toyota,highlander,,4 cylinders,gas,251165,clean,automatic,JTEGD21A770155687,fwd,,SUV,blue,al
7312754031,huntsville / decatur,32590,2014,chevrolet,silverado 2500 hd crew,good,,other,98015,clean,other,1GC1KXEG6EF125408,4wd,,pickup,white,al
7312710991,huntsville / decatur,12790,1968,volvo,,,,gas,99999,clean,manual,,,,,,al
7312709726,huntsville / decatur,9000,2006,mazda,miata,excellent,4 cylinders,gas,70000,clean,manual,,rwd,,convertible,silver,al
7312697732,huntsville / decatur,26990,2017,,Genesis G80,,6 cylinders,gas,74668,clean,automatic,KMHGN4JEXHU171758,rwd,,sedan,silver,al
7312619426,huntsville / decatur,22200,2015,dodge,durango sxt,excellent,6 cylinders,gas,57000,lien,automatic,,rwd,mid-size,SUV,silver,al
7312617489,huntsville / decatur,1500,1998,chevrolet,lumina,fair,,gas,59696,clean,automatic,,,,,white,al
7312563307,huntsville / decatur,7500,2013,fiat,500,excellent,4 cylinders,gas,72,clean,manual,,,compact,hatchback,black,al
7312557999,huntsville / decatur,9500,2015,kia,soul,excellent,4 cylinders,gas,84,clean,automatic,,,compact,,,al
7312550508,huntsville / decatur,12990,2008,ford,f-150,good,8 cylinders,gas,150075,clean,automatic,1FTPW12V18FC02740,rwd,,truck,white,al
7312542498,huntsville / decatur,18800,2013,ford,f250,,,gas,182000,clean,automatic,,,,,,al
7312542048,huntsville / decatur,19800,2013,chevrolet,silverado 2500,,,gas,174000,clean,automatic,,,,,,al
7312541658,huntsville / decatur,23900,2016,ford,f250,,,gas,157000,clean,automatic,,,,,,al
7312540302,huntsville / decatur,18800,2015,ford,f250,,,gas,195000,clean,automatic,,,,,,al
7312490047,huntsville / decatur,17000,2015,honda,cr-v,excellent,,gas,98000,clean,automatic,,,,,,al
7312471649,huntsville / decatur,15000,2004,ford,thunderbird,excellent,8 cylinders,gas,131000,clean,automatic,,,full-size,convertible,silver,al
7312460477,huntsville / decatur,22990,2012,toyota,tacoma access cab pickup,good,,gas,37725,clean,other,5TFTX4CN6CX015282,,,pickup,white,al
7312437625,huntsville / decatur,26990,2014,chevrolet,silverado 1500 crew,good,6 cylinders,gas,63129,clean,automatic,3GCPCREH5EG437908,,,pickup,black,al
7312426389,huntsville / decatur,28989,2013,ford,f-150,,8 cylinders,gas,91989,clean,automatic,1FTFW1ET0DFB21048,4wd,,pickup,white,al
7312420160,huntsville / decatur,33990,2016,gmc,sierra 1500 double cab sle,good,8 cylinders,gas,33408,clean,other,1GTV2MEC1GZ365125,4wd,,pickup,silver,al
7312414522,huntsville / decatur,24990,2017,audi,a4 ultra premium sedan 4d,good,,other,21314,clean,other,WAUGMAF48HN035545,fwd,,sedan,blue,al
7312409369,huntsville / decatur,14900,1972,mercedes-benz,350sl,excellent,8 cylinders,gas,282000,clean,automatic,,rwd,,convertible,white,al
7312392177,huntsville / decatur,29989,2015,ford,f-150,,6 cylinders,gas,68143,clean,automatic,1FTEW1E8XFFA25597,4wd,,pickup,white,al
7312380562,huntsville / decatur,32990,2019,chevrolet,silverado 1500 ld,good,,other,6897,clean,other,2GCVKNEC8K1187169,,,pickup,black,al
7312381753,huntsville / decatur,7900,2009,nissan,maxima,,,gas,148470,clean,automatic,1N4AA51E79C819954,fwd,,sedan,blue,al
7312375478,huntsville / decatur,29990,2017,jeep,wrangler sport suv 2d,good,6 cylinders,gas,28680,clean,other,1C4AJWAG4HL704941,4wd,,other,black,al
7312376295,huntsville / decatur,35400,2013,ford,f-350,,,diesel,195857,clean,automatic,1FT8W3DT5DEB49813,4wd,,pickup,white,al
7312370841,huntsville / decatur,23900,2015,ram,1500,,,diesel,107663,clean,automatic,1C6RR7FM0FS511955,4wd,,pickup,silver,al
7312365336,huntsville / decatur,24900,2013,jeep,wrangler,,,gas,110974,clean,automatic,1C4BJWDG3DL515708,4wd,,SUV,black,al
7312359243,huntsville / decatur,32699,2014,toyota,tundra,,,other,132655,clean,automatic,5TFAW5F13EX378926,4wd,,pickup,silver,al
7312340381,huntsville / decatur,3500,1981,mercedes-benz,380sl,fair,8 cylinders,gas,121000,clean,automatic,,rwd,,convertible,silver,al
7312328437,huntsville / decatur,33990,2016,chevrolet,silverado 1500,,8 cylinders,,117895,clean,automatic,3GCUKSEC9GG266780,4wd,,pickup,white,al
7312323163,huntsville / decatur,30590,2019,toyota,tacoma double cab sr5,good,,gas,9045,clean,other,5TFAX5GNXKX164980,,,pickup,white,al
7312318581,huntsville / decatur,36990,2017,ford,f150 supercrew cab xlt,good,6 cylinders,other,15443,clean,automatic,1FTEW1EG9HFC85502,4wd,,pickup,red,al
7312276754,huntsville / decatur,31990,2018,ram,1500 quad cab harvest pickup,good,6 cylinders,gas,27426,clean,other,1C6RR7GG8JS247420,4wd,,pickup,white,al
7312247060,huntsville / decatur,29890,,,ai Santa Fe,,6 cylinders,gas,30934,clean,automatic,KM8SR4HF6JU283377,fwd,,SUV,white,al
7312242904,huntsville / decatur,0,2011,toyota,fj cruiser,,6 cylinders,gas,94328,clean,automatic,,4wd,mid-size,SUV,white,al
7312128633,huntsville / decatur,12882,2010,chevrolet,silverado 1500,excellent,,gas,189509,rebuilt,automatic,3GCRKSE35AG244577,,,sedan,red,al
7312128538,huntsville / decatur,14882,2015,ford,transit,excellent,,gas,151780,rebuilt,automatic,1FTNR2CG5FKA52589,,,,white,al
7312002008,huntsville / decatur,30900,2015,chevrolet,silverado 2500,,,gas,95000,clean,automatic,,,,,,al
7312001152,huntsville / decatur,28900,2015,ford,f350,,,gas,129000,clean,automatic,,,,,,al
7311998732,huntsville / decatur,26590,2020,honda,civic si coupe 2d,good,,gas,9954,clean,other,2HGFC3A51LH751302,fwd,,coupe,silver,al
7311998521,huntsville / decatur,24900,2012,ford,f250,,,gas,130000,clean,automatic,,,,,,al
7311992919,huntsville / decatur,20590,2013,nissan,frontier crew cab sv,good,6 cylinders,gas,98591,clean,other,1N6AD0EV9DN751228,4wd,,pickup,,al
7311990753,huntsville / decatur,5900,2004,ford,freestar wagon,,6 cylinders,gas,95479,clean,automatic,2FMZA52284BA30444,fwd,,,green,al
7311987039,huntsville / decatur,6999,2009,chevrolet,traverse,,6 cylinders,gas,147000,clean,automatic,,,,,white,al
7311974998,huntsville / decatur,25989,2013,bmw,6 series,,8 cylinders,gas,72038,clean,automatic,WBA6B2C52DD128310,rwd,,sedan,black,al
7311954985,huntsville / decatur,21590,2018,honda,civic ex sedan 4d,good,,gas,7885,clean,other,2HGFC2F74JH589649,fwd,,sedan,,al
7311954883,huntsville / decatur,37990,2010,chevrolet,corvette grand sport,good,8 cylinders,other,56302,clean,other,1G1YS3DW5A5103103,rwd,,other,red,al
7311954605,huntsville / decatur,31990,2017,ram,1500 crew cab big horn,good,8 cylinders,gas,35921,clean,other,3C6RR6LT6HG542059,,,pickup,white,al
7311936743,huntsville / decatur,19989,2015,audi,q5,,4 cylinders,gas,48837,clean,automatic,WA1CFAFP9FA007662,,,SUV,white,al
7311935191,huntsville / decatur,6999,2009,nissan,rogue,,4 cylinders,gas,94000,clean,automatic,,,,,white,al
7311929969,huntsville / decatur,18897,2014,toyota,rav4,,4 cylinders,gas,90824,clean,other,JTMWFREV6ED038382,fwd,,SUV,blue,al
7311929796,huntsville / decatur,12897,2016,buick,encore,,4 cylinders,gas,83501,clean,other,KL4CJASBXGB557960,fwd,,SUV,black,al
7311915918,huntsville / decatur,44799,2015,tesla,s 90d,,,electric,31514,clean,automatic,5YJSA1E24FF112977,,,,,al
7311893375,huntsville / decatur,10600,2009,honda,pilot,excellent,6 cylinders,gas,138000,clean,automatic,,,,,silver,al
7311878818,huntsville / decatur,27500,2005,chevrolet,corvette z51,like new,8 cylinders,gas,40000,clean,automatic,,rwd,mid-size,coupe,silver,al
7311871933,huntsville / decatur,35590,2018,ram,1500 crew cab big horn,good,6 cylinders,other,22805,clean,other,1C6RR7LG2JS220638,4wd,,pickup,black,al
7311871863,huntsville / decatur,29590,2017,ford,expedition xlt sport,good,6 cylinders,gas,70760,clean,other,1FMJU1JT1HEA52352,4wd,,SUV,blue,al
7311871748,huntsville / decatur,36990,2020,nissan,frontier crew cab pro-4x,good,6 cylinders,gas,4282,clean,other,1N6ED0EB8LN704911,4wd,,pickup,black,al
7311860271,huntsville / decatur,26495,,,des-Benz CLA,,4 cylinders,gas,42455,clean,automatic,WDDSJ4GB1JN582155,,,sedan,white,al
7311845525,huntsville / decatur,34997,2016,ford,super duty f-250 srw,excellent,8 cylinders,gas,122000,clean,automatic,1FT7W2B62GED23604,4wd,,pickup,,al
7311845432,huntsville / decatur,52997,2017,rover,sport,excellent,6 cylinders,gas,58947,clean,automatic,SALWV2FV9HA178577,4wd,,SUV,,al
7311845337,huntsville / decatur,32997,2008,,HUMMER H2,excellent,8 cylinders,gas,143504,clean,automatic,5GRGN23868H106669,4wd,,SUV,black,al
7311845182,huntsville / decatur,16997,2003,,HUMMER H2,excellent,8 cylinders,gas,161865,clean,automatic,5GRGN23U13H109565,4wd,,SUV,,al
7311836915,huntsville / decatur,30000,2011,chevrolet,camaro 2ss convertible,excellent,8 cylinders,gas,18000,clean,manual,,,,convertible,orange,al
7311823354,huntsville / decatur,23173,2012,chevrolet,silverado 1500,,8 cylinders,gas,131352,clean,automatic,3GCPKSE72CG152260,4wd,,truck,silver,al
7311823185,huntsville / decatur,18217,2011,toyota,tacoma,,6 cylinders,gas,150700,clean,automatic,3TMJU4GN9BM121076,rwd,,truck,white,al
7311823015,huntsville / decatur,16300,2007,toyota,tacoma,,6 cylinders,gas,162572,clean,automatic,3TMKU72N57M010576,rwd,,truck,black,al
7311822872,huntsville / decatur,15116,2007,chevrolet,avalanche,,8 cylinders,gas,138619,clean,automatic,3GNFK12337G194103,4wd,,truck,white,al
7311789420,huntsville / decatur,38590,2011,chevrolet,corvette grand sport,good,8 cylinders,gas,30237,clean,other,1G1YR3DW3B5102190,rwd,,other,red,al
7311762820,huntsville / decatur,29875,,,a Camry,,4 cylinders,gas,46947,clean,automatic,4T1B61HKXKU236990,fwd,,sedan,white,al
7311761724,huntsville / decatur,14500,2009,chevrolet,tahoe,,,gas,95406,clean,automatic,,,,,,al
7311753318,huntsville / decatur,20288,2015,mercedes-benz,glk,,6 cylinders,gas,48889,clean,automatic,,rwd,compact,SUV,red,al
7311707112,huntsville / decatur,5900,2010,pontiac,vibe,,4 cylinders,gas,182199,clean,automatic,5Y2SP6E0XAZ409717,fwd,,sedan,grey,al
7311707074,huntsville / decatur,76500,2019,ford,super duty f-350 drw pickup,,8 cylinders,diesel,4927,clean,automatic,1FT8W3DT4KEG00646,4wd,,,black,al
7311701269,huntsville / decatur,32900,2019,ford,transit,like new,6 cylinders,gas,6735,clean,automatic,1FTYR1YM7KKA86825,rwd,full-size,van,white,al
7311701273,huntsville / decatur,11500,2013,chevrolet,express,excellent,8 cylinders,gas,228699,clean,automatic,1GCWGFBA2D1127377,rwd,full-size,van,white,al
7311701265,huntsville / decatur,31900,2019,ford,transit,like new,6 cylinders,gas,29497,clean,automatic,1FTYR1ZM0KKA42423,rwd,mid-size,van,white,al
7311701267,huntsville / decatur,29900,2019,ford,f-150,like new,8 cylinders,gas,23004,clean,automatic,1FTMF1C59KKD08613,rwd,full-size,truck,white,al
7311701268,huntsville / decatur,37900,2020,chevrolet,silverado 1500,like new,8 cylinders,gas,5622,clean,automatic,3GCPWAEF0LG200571,rwd,full-size,truck,white,al
7311701251,huntsville / decatur,9500,2014,ford,transit connect,excellent,4 cylinders,gas,219581,clean,automatic,NM0LS7F7XE1147431,fwd,full-size,van,white,al
7311701253,huntsville / decatur,33900,2019,gmc,savana,like new,8 cylinders,gas,24585,clean,automatic,1GTW7AFG9K1222985,rwd,full-size,van,white,al
7311701084,huntsville / decatur,17200,2014,ford,transit connect,excellent,4 cylinders,gas,45026,clean,automatic,NM0LS7E71E1167911,fwd,full-size,van,white,al
7311701071,huntsville / decatur,23900,2017,ford,transit 150,excellent,6 cylinders,gas,108482,clean,automatic,1FTYE1YM0HKB37781,rwd,full-size,van,white,al
7311701074,huntsville / decatur,22300,2017,ford,transit 150,excellent,6 cylinders,gas,113617,clean,automatic,1FTYE1YM5HKA63032,rwd,full-size,van,white,al
7311634520,huntsville / decatur,8800,2005,lexus,ls 430,good,8 cylinders,gas,162000,clean,automatic,,rwd,,,,al
7311621491,huntsville / decatur,18800,2014,chevrolet,silverado 2500,,,gas,177000,clean,automatic,,,,,,al
7311618746,huntsville / decatur,20900,2012,ford,f250,,,gas,190000,clean,automatic,,,,,,al
7311616862,huntsville / decatur,31900,2013,ford,f350,,,gas,95000,clean,automatic,,,,,,al
7311610148,huntsville / decatur,26900,2015,ford,f250,,,gas,164000,clean,automatic,,,,,,al
7311604903,huntsville / decatur,24900,2012,chevrolet,silverado 2500,,,gas,124000,clean,automatic,,,,,,al
7311599142,huntsville / decatur,12995,2013,toyota,camry se,excellent,4 cylinders,gas,68436,clean,automatic,4T1BF1FKXDU656612,fwd,full-size,sedan,red,al
7311598535,huntsville / decatur,31900,2017,ford,f250,,,gas,136000,clean,automatic,,,,,,al
7311597562,huntsville / decatur,25900,2015,chevrolet,silverado 2500,,,gas,175000,clean,automatic,,,,,,al
7311543391,huntsville / decatur,30900,2017,ford,f250,,,gas,153000,clean,automatic,,,,,,al
7311542709,huntsville / decatur,31900,2015,chevrolet,silverado 2500,,,gas,49000,clean,automatic,,,,,,al
7311534153,huntsville / decatur,5500,2003,lexus,ls 430,good,8 cylinders,gas,202000,clean,automatic,,rwd,full-size,sedan,white,al
7311528914,huntsville / decatur,20599,2017,nissan,frontier,,,gas,100977,clean,automatic,1N6AD0ER6HN770165,fwd,,pickup,blue,al
7311518882,huntsville / decatur,22590,2013,ford,f150 super cab xl pickup 4d,good,6 cylinders,other,14169,clean,other,1FTEX1CMXDFB16329,,,pickup,silver,al
7311516173,huntsville / decatur,27995,2012,ford,f250 super duty,,,gas,26896,clean,automatic,1FDBF2A65CEC50925,,,,white,al
7311506736,huntsville / decatur,24990,2012,chevrolet,silverado 1500 regular,good,8 cylinders,gas,26460,clean,other,1GCNCSE01CZ116728,,,pickup,red,al
7311506860,huntsville / decatur,28989,2017,jaguar,f-pace,,4 cylinders,diesel,70941,clean,automatic,SADCK2BN0HA086576,,,SUV,white,al
7311491160,huntsville / decatur,17000,2013,chevrolet,suburban,excellent,,gas,177000,clean,automatic,,,,,,al
7311481477,huntsville / decatur,21590,2016,ram,1500 regular cab tradesman,good,6 cylinders,gas,35391,clean,other,3C6JR6AG7GG225053,,,pickup,black,al
7311481097,huntsville / decatur,39590,2017,chevrolet,camaro ss coupe 2d,good,8 cylinders,gas,10496,clean,other,1G1FE1R71H0109878,rwd,,coupe,white,al
7311469347,huntsville / decatur,28989,2013,ford,f-150,,8 cylinders,gas,98595,clean,automatic,1FTFW1ET7DFD24597,4wd,,pickup,grey,al
7311463341,huntsville / decatur,18998,2018,nissan,rogue,,,gas,24371,clean,automatic,5N1AT2MV7JC792978,4wd,,SUV,black,al
7311448912,huntsville / decatur,32990,2011,bmw,z4 sdrive35is roadster 2d,good,,other,45858,clean,other,WBALM1C55BE393513,rwd,,other,red,al
7311448782,huntsville / decatur,31990,2013,toyota,tundra double cab pickup,good,8 cylinders,gas,55068,clean,other,5TFUY5F19DX303623,4wd,,pickup,,al
7311448113,huntsville / decatur,24995,2012,ford,f-250 super duty,,,gas,40023,clean,automatic,1FDBF2A62CEC73000,,,,green,al
7311446234,huntsville / decatur,19999,2019,mitsubishi,outlander sport se,excellent,4 cylinders,gas,32000,clean,automatic,,4wd,sub-compact,SUV,silver,al
7311430214,huntsville / decatur,27989,2015,ram,1500,,8 cylinders,gas,101470,clean,automatic,1C6RR7MT9FS554720,4wd,,pickup,grey,al
7311425471,huntsville / decatur,15065,2016,jeep,cherokee,,4 cylinders,gas,92714,clean,automatic,1C4PJLAB0GW238533,fwd,,SUV,red,al
7311425133,huntsville / decatur,13966,2014,bmw,x1 sdrive28i,,4 cylinders,gas,97107,clean,automatic,WBAVM1C54EVW50738,rwd,,SUV,white,al
7311423519,huntsville / decatur,16897,2018,hyundai,elantra,,4 cylinders,gas,71224,clean,other,5NPD84LFXJH396699,fwd,,sedan,black,al
7311423326,huntsville / decatur,27897,2013,chevrolet,silverado 1500,,8 cylinders,gas,55033,clean,other,3GCPCTE09DG226555,rwd,,truck,red,al
7311416350,huntsville / decatur,21099,2013,dodge,challenger,,,gas,90418,clean,automatic,2C3CDYBTXDH712609,rwd,,coupe,silver,al
7311410008,huntsville / decatur,7900,2009,nissan,maxima,,,gas,148470,clean,automatic,1N4AA51E79C819954,fwd,,sedan,blue,al
7311403426,huntsville / decatur,23900,2015,ram,1500,,,diesel,107663,clean,automatic,1C6RR7FM0FS511955,4wd,,pickup,silver,al
7311403285,huntsville / decatur,29894,2012,mercedes-benz,benz cls63 amg,,,gas,95208,clean,automatic,WDDLJ7EB3CA014556,,,,,al
7311396546,huntsville / decatur,24900,2013,jeep,wrangler,,,gas,110974,clean,automatic,1C4BJWDG3DL515708,4wd,,SUV,black,al
7311393147,huntsville / decatur,26998,2018,nissan,murano,,,gas,25253,clean,automatic,5N1AZ2MHXJN110950,4wd,,SUV,white,al
7311389788,huntsville / decatur,32900,2015,gmc,sierra,,,other,96029,clean,automatic,1GTV2VEC6FZ287848,4wd,,pickup,black,al
7311383074,huntsville / decatur,27590,2017,chevrolet,colorado extended cab,good,6 cylinders,gas,35943,clean,other,1GCHTCEN5H1175799,4wd,,pickup,,al
7311378955,huntsville / decatur,26500,2015,gmc,sierra 1500,excellent,,gas,156000,clean,automatic,,,,,,al
7311352006,huntsville / decatur,49895,,,he Macan,,4 cylinders,gas,26985,clean,automatic,WP1AA2A56JLB10699,,,SUV,white,al
7311339128,huntsville / decatur,39590,2018,jeep,wrangler unlimited all new,good,6 cylinders,gas,21893,clean,other,1C4HJXEGXJW175675,4wd,,SUV,silver,al
7311311151,huntsville / decatur,14747,2012,toyota,highlander,,6 cylinders,gas,200342,clean,automatic,5TDYK3EH5CS082094,fwd,,SUV,blue,al
7311311013,huntsville / decatur,11199,2011,toyota,camry,,4 cylinders,gas,98605,clean,other,4T1BF3EK5BU639372,fwd,,sedan,green,al
7311305067,huntsville / decatur,22000,2016,jeep,wrangler,excellent,6 cylinders,gas,74990,clean,automatic,,4wd,,,silver,al
7311300778,huntsville / decatur,10500,2008,chevrolet,tahoe ltz,,8 cylinders,gas,118524,clean,automatic,,,,SUV,,al
7311300346,huntsville / decatur,4800,2009,toyota,sienna le,,6 cylinders,gas,127438,clean,automatic,,,,,,al
7311299399,huntsville / decatur,4200,2010,chevrolet,impala,,6 cylinders,gas,120554,clean,automatic,,,,,grey,al
7311284446,huntsville / decatur,39590,2020,ford,mustang gt coupe 2d,good,8 cylinders,gas,1988,clean,other,1FA6P8CF9L5171928,rwd,,coupe,black,al
7311244449,huntsville / decatur,8990,2008,ford,edge,,6 cylinders,gas,152772,clean,automatic,2FMDK49C78BA98563,4wd,,sedan,white,al
7311199631,huntsville / decatur,20000,2015,cadillac,srx premium,excellent,6 cylinders,gas,75500,clean,automatic,,,mid-size,SUV,grey,al
7311184416,huntsville / decatur,10500,2013,kia,sorento,excellent,6 cylinders,gas,96988,clean,automatic,,fwd,,SUV,grey,al
7311146401,huntsville / decatur,20000,2020,kia,optima,like new,4 cylinders,gas,16362,lien,automatic,,fwd,,sedan,blue,al
7311144770,huntsville / decatur,8000,2010,volkswagen,passat wagon,,,gas,107033,clean,automatic,WVWXK9AN3AE033831,,,,,al
7311084320,huntsville / decatur,5900,2004,jeep,grand cherokee,,8 cylinders,gas,157622,clean,automatic,1J4GW58NX4C302503,4wd,,,blue,al
7311077502,huntsville / decatur,16900,2013,ford,f350,,,gas,198000,clean,automatic,,,,,,al
7311076953,huntsville / decatur,21900,2014,ford,f250,,,gas,167000,clean,automatic,,,,,,al
7311076290,huntsville / decatur,24900,2013,chevrolet,silverado 2500,,,gas,160000,clean,automatic,,,,,,al
7311073813,huntsville / decatur,23900,2011,ford,f350,,,gas,174000,clean,automatic,,,,,,al
7311071182,huntsville / decatur,23900,2011,ford,f350,,,gas,127000,clean,automatic,,,,,,al
7311069818,huntsville / decatur,21900,2014,ford,f250,,,gas,175000,clean,automatic,,,,,,al
7311068901,huntsville / decatur,31900,2015,chevrolet,silverado 3500,,,gas,143000,clean,automatic,,,,,,al
7311068362,huntsville / decatur,11500,2013,mercedes-benz,c250,excellent,4 cylinders,gas,128000,clean,automatic,,,,,,al
7311063581,huntsville / decatur,16700,2010,chevrolet,tahoe,excellent,8 cylinders,gas,184222,clean,automatic,1GNUCCEO1AR266764,rwd,full-size,SUV,black,al
7311059311,huntsville / decatur,38500,2015,ford,super duty f-350 drw chassis cab,,8 cylinders,diesel,142673,clean,automatic,1FD8W3HTXFEC83919,4wd,,,white,al
7311046222,huntsville / decatur,9442,2012,nissan,nv cargo,excellent,,gas,227000,rebuilt,automatic,1N6BF0KY5CN117619,,,,white,al
7311046094,huntsville / decatur,19442,2018,ford,transit,excellent,,gas,104624,rebuilt,automatic,1FTYE2CM3JKA43896,,,,white,al
7311045949,huntsville / decatur,10442,2013,acura,ilx,excellent,,gas,72785,rebuilt,automatic,19VDE1F31DE022590,,,sedan,white,al
7311037946,huntsville / decatur,21600,2013,bmw,650i,excellent,8 cylinders,gas,86611,clean,automatic,WBAYM9C57DDW20276,rwd,mid-size,sedan,blue,al
7311015456,huntsville / decatur,18590,2017,mitsubishi,outlander sport es,good,,other,18994,clean,other,JA4AR3AU2HZ024329,4wd,,hatchback,blue,al
7311015448,huntsville / decatur,27699,2018,infiniti,qx60,,,gas,67229,clean,automatic,5N1DL0MN7JC511490,fwd,,SUV,,al
7310992065,huntsville / decatur,22990,2017,infiniti,qx50 sport utility 4d,good,,other,21297,clean,other,JN1BJ0RP2HM382528,,,hatchback,black,al
7310992301,huntsville / decatur,24977,2015,audi,q7,,6 cylinders,gas,90753,clean,automatic,WA1DGAFE1FD024714,,,SUV,black,al
7310968157,huntsville / decatur,21990,2020,mitsubishi,outlander sport es,good,,gas,3553,clean,other,JA4AP3AU3LU019331,,,hatchback,black,al
7310961752,huntsville / decatur,25590,2017,infiniti,q70 3.7 sedan 4d,good,,other,66632,clean,other,JN1BY1APXHM740651,rwd,,sedan,blue,al
7310957015,huntsville / decatur,22989,2013,lexus,rx 350,,6 cylinders,gas,53779,clean,automatic,2T2ZK1BA8DC129687,fwd,,SUV,grey,al
7310955555,huntsville / decatur,19899,2020,nissan,rogue sport,,,gas,10588,clean,automatic,JN1BJ1CV2LW545527,fwd,compact,hatchback,silver,al
7310943736,huntsville / decatur,1000,1997,pontiac,firebird,fair,6 cylinders,gas,210000,clean,automatic,,rwd,,,,al
7310936029,huntsville / decatur,48200,2018,chevrolet,silverado,excellent,8 cylinders,gas,33467,clean,automatic,3GCUKSEC6JG229838,4wd,full-size,pickup,white,al
7310928601,huntsville / decatur,19900,2013,infiniti,qx56,,8 cylinders,gas,122391,clean,automatic,JN8AZ2NE6D9041281,4wd,,,black,al
7310924321,huntsville / decatur,33590,2013,lexus,ls 460 sedan 4d,good,8 cylinders,gas,33570,clean,other,JTHBL5EF2D5117676,rwd,,sedan,,al
7310918821,huntsville / decatur,18989,2014,bmw,5 series,,6 cylinders,diesel,78499,clean,automatic,WBAFV3C56ED685994,,,sedan,white,al
7310913611,huntsville / decatur,13958,2015,toyota,prius,,4 cylinders,hybrid,102524,clean,automatic,JTDKN3DU5F1949085,fwd,,sedan,green,al
7310913434,huntsville / decatur,5998,2013,kia,rio,,4 cylinders,gas,204797,clean,automatic,KNADN4A37D6272029,fwd,,sedan,white,al
7310912503,huntsville / decatur,18897,2012,bmw,535i,,6 cylinders,gas,105766,clean,other,WBAFR7C54CC813857,rwd,,sedan,grey,al
7310912324,huntsville / decatur,14897,2012,jeep,grand cherokee,,6 cylinders,gas,112510,clean,other,1C4RJEAG7CC119745,rwd,,SUV,silver,al
7310888174,huntsville / decatur,28699,2018,infiniti,q50,,,gas,25578,clean,automatic,JN1EV7AR6JM433140,4wd,,sedan,black,al
7310880334,huntsville / decatur,11500,2014,chevrolet,equinox,good,4 cylinders,gas,96650,clean,automatic,2GNALBEK0E1171562,fwd,full-size,SUV,custom,al
7310880277,huntsville / decatur,10900,2009,nissan,titan,good,8 cylinders,gas,199912,clean,automatic,1N6BA07D59N309992,rwd,full-size,truck,silver,al
7310872369,huntsville / decatur,38590,2020,lincoln,corsair sport utility 4d,good,,gas,6330,clean,other,5LMCJ1D96LUL02150,,,other,silver,al
7310872134,huntsville / decatur,23590,2018,mitsubishi,outlander phev gt,good,,other,48933,clean,other,JA4J24A58JZ011951,4wd,,other,white,al
7310842766,huntsville / decatur,45990,,,des-Benz E-Class,,6 cylinders,gas,38165,clean,automatic,WDD1J6GBXJF015072,,,coupe,red,al
7310837765,huntsville / decatur,5900,2005,acura,tl,good,6 cylinders,gas,148542,clean,automatic,,fwd,mid-size,sedan,blue,al
7310829882,huntsville / decatur,33590,2017,cadillac,xt5 platinum sport,good,6 cylinders,gas,28891,clean,other,1GYKNFRS1HZ312573,,,other,black,al
7310829436,huntsville / decatur,1950,1985,,merkur xr4ti,good,4 cylinders,gas,28500,clean,manual,,rwd,compact,hatchback,black,al
7310803912,huntsville / decatur,6989,2009,chrysler,town & country,,6 cylinders,gas,146391,clean,automatic,2A8HR54X99R666797,fwd,,van,white,al
7310803761,huntsville / decatur,26995,2017,ford,f-150,,6 cylinders,gas,114741,clean,automatic,1FTEW1C8XHKC00590,rwd,,truck,red,al
7310795129,huntsville / decatur,3277,2004,honda,accord ex,good,4 cylinders,gas,256000,clean,automatic,,fwd,,sedan,green,al
7310792831,huntsville / decatur,5177,2009,honda,civic sedan,excellent,4 cylinders,gas,146000,clean,automatic,,fwd,,sedan,grey,al
7310786623,huntsville / decatur,7177,2013,dodge,charger se 4dr sedan,excellent,6 cylinders,gas,170000,rebuilt,automatic,,,,,white,al
7310784939,huntsville / decatur,35590,2016,lexus,ls 460 sedan 4d,good,8 cylinders,gas,56295,clean,other,JTHCL5EF7G5026041,,,sedan,,al
7310784052,huntsville / decatur,7477,2016,kia,forte lx,excellent,4 cylinders,gas,84000,clean,automatic,,fwd,,sedan,grey,al
7310779520,huntsville / decatur,6977,2011,acura,tsx w/tech,excellent,4 cylinders,gas,167000,rebuilt,automatic,,fwd,,sedan,black,al
7310779297,huntsville / decatur,6877,2010,acura,tsx tech pkg,excellent,4 cylinders,gas,159000,rebuilt,automatic,,fwd,,sedan,black,al
7310779020,huntsville / decatur,6877,2009,acura,tsx,excellent,4 cylinders,gas,179000,rebuilt,automatic,,fwd,,sedan,black,al
7310768304,huntsville / decatur,6795,2011,hyundai,sonata,,4 cylinders,gas,135000,clean,automatic,,rwd,,,red,al
7310739484,huntsville / decatur,22990,2014,lexus,is 250,,6 cylinders,gas,72526,clean,automatic,JTHCF1D25E5004261,,,sedan,white,al
7310603965,huntsville / decatur,7950,2006,toyota,corolla,good,4 cylinders,gas,189515,clean,automatic,2T1BU4EE1AC509384,fwd,,,red,al
7310601335,huntsville / decatur,12694,2017,kia,sorento,,,gas,106264,clean,automatic,5XYPG4A3XHG218026,,,,,al
7310601034,huntsville / decatur,27800,2018,chevrolet,impala,like new,6 cylinders,gas,16920,clean,automatic,,fwd,full-size,sedan,white,al
7310599284,huntsville / decatur,12950,2014,ford,taurus limited,excellent,6 cylinders,gas,91309,clean,automatic,1FAHP2F87EG134743,fwd,,sedan,red,al
7310598823,huntsville / decatur,8450,2009,nissan,maxima 3.5 sv,good,6 cylinders,gas,191365,clean,automatic,1N4AA51E29C805590,,,,grey,al
7310598383,huntsville / decatur,25450,2017,ford,mustang gt premium,like new,8 cylinders,gas,113868,clean,manual,1FA6P8CF9H5248871,rwd,,,white,al
7310597817,huntsville / decatur,23450,2014,ford,mustang gt,excellent,8 cylinders,gas,74589,clean,manual,1ZVBP8CF0E5247254,,,,blue,al
7310593253,huntsville / decatur,18450,2013,ford,mustang gt,excellent,8 cylinders,gas,139194,clean,manual,1ZVBP8CF4D5211596,rwd,,,red,al
7310591364,huntsville / decatur,16900,2012,ford,f250,,,gas,148000,clean,automatic,,,,,,al
7310587944,huntsville / decatur,22900,2012,ford,f350,,,gas,165000,clean,automatic,,,,,,al
7310587333,huntsville / decatur,19900,2014,ford,f250,,,gas,146000,clean,automatic,,,,,,al
7310586712,huntsville / decatur,21900,2013,ford,f350,,,gas,181000,clean,automatic,,,,,,al
7310583399,huntsville / decatur,22900,2016,ford,f250,,,gas,161000,clean,automatic,,,,,,al
7310577528,huntsville / decatur,13450,2006,dodge,magnum srt8,excellent,8 cylinders,gas,134341,clean,automatic,2D8GV77396H430592,,,wagon,black,al
7310569748,huntsville / decatur,12900,2008,chevrolet,tahoe,,8 cylinders,gas,192707,clean,automatic,1GNFK13088R144772,4wd,,,blue,al
7310541137,huntsville / decatur,24900,2012,ford,f250,,,gas,155000,clean,automatic,,,,,,al
7310529958,huntsville / decatur,6950,2011,nissan,quest,,,gas,54443,rebuilt,automatic,,,,,,al
7310517012,huntsville / decatur,4488,2001,ford,f350 dually utility,good,8 cylinders,gas,200000,clean,automatic,,rwd,full-size,truck,white,al
7310497239,huntsville / decatur,15590,2016,,Scion iM Hatchback 4D,good,,other,64923,clean,other,JTNKARJE6GJ504489,fwd,,hatchback,blue,al
7310485082,huntsville / decatur,10989,2012,cadillac,cts sedan,,6 cylinders,gas,119810,clean,automatic,1G6DL5E36C0112284,,,sedan,silver,al
7310482947,huntsville / decatur,7500,2013,toyota,prius,good,4 cylinders,gas,123168,clean,automatic,,fwd,,hatchback,blue,al
7310478806,huntsville / decatur,24990,2014,acura,mdx sh-awd sport utility,good,6 cylinders,gas,52396,clean,automatic,5FRYD4H81EB042046,,,SUV,silver,al
7310472545,huntsville / decatur,30590,2018,dodge,challenger gt coupe 2d,good,6 cylinders,gas,24790,clean,other,2C3CDZGG2JH272219,,,coupe,black,al
7310454091,huntsville / decatur,38590,2019,acura,mdx sh-awd w/technology,good,,other,14906,clean,other,5J8YD4H52KL002706,,,other,white,al
7310448692,huntsville / decatur,19989,2016,ford,flex,,6 cylinders,gas,73898,clean,automatic,2FMGK5D88GBA01343,fwd,,SUV,grey,al
7310447204,huntsville / decatur,6500,2006,chevrolet,impala,,6 cylinders,gas,131803,clean,automatic,2G1WU581269340315,fwd,,sedan,silver,al
7310422333,huntsville / decatur,25990,2014,dodge,challenger r/t classic,good,8 cylinders,gas,37374,clean,other,2C3CDYBT2EH136869,rwd,,coupe,white,al
7310410874,huntsville / decatur,0,2016,ford,expedition,,6 cylinders,gas,123575,clean,automatic,1FMJU1KT3GEF49514,rwd,,SUV,black,al
7310403535,huntsville / decatur,11400,2013,kia,sportage,,4 cylinders,gas,92986,clean,other,KNDPBCA2XD7460869,4wd,,SUV,blue,al
7310403341,huntsville / decatur,11587,2013,ford,escape,,4 cylinders,gas,215046,clean,other,1FMCU0J92DUD22213,fwd,,SUV,black,al
7310399630,huntsville / decatur,36400,2017,chevrolet,silverado,,,other,69988,clean,automatic,3GCUKSECXHG120065,4wd,,pickup,silver,al
7310393752,huntsville / decatur,18000,2016,,Focus ST,excellent,4 cylinders,gas,68000,lien,manual,1FADP3L98GL279480,fwd,mid-size,hatchback,red,al
7310393382,huntsville / decatur,10900,2015,jeep,cherokee,,,gas,160328,clean,automatic,1C4PJLCB0FW560021,fwd,,SUV,red,al
7310386783,huntsville / decatur,7900,2009,nissan,maxima,,,gas,148470,clean,automatic,1N4AA51E79C819954,fwd,,sedan,blue,al
7310379093,huntsville / decatur,20400,2012,chevrolet,avalanche,,,other,101507,clean,automatic,3GNTKEE7XCG115545,4wd,,other,black,al
7310370208,huntsville / decatur,29990,2019,dodge,challenger gt coupe 2d,good,6 cylinders,gas,6600,clean,other,2C3CDZJG8KH677740,rwd,,coupe,green,al
7310370066,huntsville / decatur,23900,2015,ram,1500,,,diesel,107663,clean,automatic,1C6RR7FM0FS511955,4wd,,pickup,silver,al
7310338594,huntsville / decatur,39590,2019,acura,mdx sh-awd w/technology,good,6 cylinders,gas,8919,clean,other,5J8YD4H50KL008682,,,other,,al
7310332966,huntsville / decatur,36990,,,des-Benz E-Class,,4 cylinders,gas,30967,clean,other,WDDZF4JB7JA379223,rwd,,sedan,silver,al
7310325258,huntsville / decatur,9495,2008,toyota,rav4,excellent,4 cylinders,gas,144657,clean,automatic,JTMZD33V285103570,fwd,mid-size,SUV,green,al
7310321686,huntsville / decatur,12995,2008,ford,f150 xl,,,gas,93146,clean,automatic,1FTRF12V98KD94523,,,,green,al
7310320706,huntsville / decatur,36995,2012,ford,f250 super duty 4x4,,,gas,41364,clean,automatic,1FD7X2B65CEC58024,4wd,,,silver,al
7310319991,huntsville / decatur,31995,2017,ford,f350 super duty,,,gas,129634,clean,automatic,1FD8W3G69HEB28454,,,,white,al
7310319789,huntsville / decatur,25995,2015,gmc,sierra 2500hd,,,gas,126690,clean,automatic,1GT21XEG0FZ537816,,,,red,al
7310318860,huntsville / decatur,34995,2015,ford,f250 super duty 4x4,,,gas,84526,clean,automatic,1FD7X2B60FEB07855,4wd,,,white,al
7310318283,huntsville / decatur,31995,2012,ford,f350 super duty,,,gas,24692,clean,automatic,1FDRF3G64CED01178,,,,white,al
7310317984,huntsville / decatur,34995,2017,ford,f250 sd xlt,,,gas,138052,clean,automatic,1FT7W2B61HEE45601,4wd,,,white,al
7310317486,huntsville / decatur,16995,2008,chevrolet,express 3500,,,gas,158114,clean,automatic,1GBJG31K281131930,,,,white,al
7310317158,huntsville / decatur,12995,2016,chrysler,200,,,gas,72754,clean,automatic,1C3CCCBBXGN146315,,,,black,al
7310316945,huntsville / decatur,27995,2017,nissan,nv2500 hd cargo,,,gas,48769,clean,automatic,1N6BF0KY6HN800985,,,,white,al
7310316762,huntsville / decatur,24995,2012,ford,f250 xl super duty,,,gas,52377,clean,automatic,1FDBF2A68CEC73003,,,,grey,al
7310316603,huntsville / decatur,28995,2012,ford,econoline commercial,,,gas,93923,clean,automatic,1FC3E3KL4CDB34837,,,,white,al
7310316383,huntsville / decatur,27995,2012,ford,f350 super duty,,,gas,45822,clean,automatic,1FDRF3G65CEC39189,,,,white,al
7310316217,huntsville / decatur,13995,2015,nissan,nv200,,,gas,86580,clean,automatic,3N6CM0KN6FK712103,,,,white,al
7310315990,huntsville / decatur,32995,2012,ford,f250 super duty,,,gas,37473,clean,automatic,1FDBF2B63CEC57788,4wd,,,white,al
7310315799,huntsville / decatur,4995,2005,ford,freestar ses,,,gas,121724,clean,automatic,2FMZA57605BA66741,,,,silver,al
7310315248,huntsville / decatur,9995,2011,nissan,rogue sv,excellent,4 cylinders,gas,92496,clean,automatic,JN8AS5MT6BW161943,fwd,mid-size,SUV,white,al
7310308311,huntsville / decatur,32990,2018,acura,mdx sh-awd w/technology,good,6 cylinders,gas,31967,clean,other,5J8YD4H59JL010087,,,other,brown,al
7310292358,huntsville / decatur,11769,2014,buick,verano,,4 cylinders,gas,89401,clean,automatic,1G4PP5SK1E4214058,fwd,,sedan,white,al
7310292151,huntsville / decatur,10184,2009,toyota,sienna,,6 cylinders,gas,125058,clean,automatic,5TDZK22C19S250622,fwd,,van,,al
7310291957,huntsville / decatur,9634,2009,toyota,camry,,4 cylinders,gas,98799,clean,other,4T1BE46K79U298817,fwd,,sedan,,al
7310291803,huntsville / decatur,4719,2007,honda,civic,,4 cylinders,gas,299776,clean,automatic,2HGFA16557H313813,fwd,,sedan,silver,al
7310268195,huntsville / decatur,35990,2016,dodge,challenger r/t scat pack,good,,other,18955,clean,other,2C3CDZFJ5GH184898,rwd,,coupe,black,al
7310225176,huntsville / decatur,29890,2017,infiniti,qx70,,6 cylinders,gas,32913,clean,automatic,JN8CS1MW5HM411107,,,SUV,black,al
7310039638,huntsville / decatur,9000,2011,chevrolet,silverado,good,,gas,139718,clean,automatic,,,,,,al
7310037066,huntsville / decatur,5000,2006,gmc,sierra,fair,,gas,165000,clean,automatic,,,,,,al
7310035315,huntsville / decatur,6000,2007,gmc,sierra,good,,gas,219000,clean,automatic,,,,,,al
7309993506,huntsville / decatur,25799,2019,volkswagen,golf alltrack,,,gas,13065,clean,automatic,3VWH17AU9KM517319,,compact,wagon,,al
7309980008,huntsville / decatur,32995,2012,ford,f250 super duty,,,gas,37473,clean,automatic,1FDBF2B63CEC57788,4wd,,,white,al
7309969641,huntsville / decatur,23989,,,a RAV4,,4 cylinders,gas,34929,clean,automatic,2T3RFREV9JW804826,,,SUV,black,al
7309944434,huntsville / decatur,36990,2017,infiniti,q60 red sport 400 coupe,good,6 cylinders,gas,16080,clean,other,JN1FV7EL4HM700067,,,coupe,,al
7309933020,huntsville / decatur,24989,2006,,HUMMER H2,,8 cylinders,gas,124175,clean,automatic,5GRGN22U56H108425,,,SUV,,al
7309930620,huntsville / decatur,17900,2011,chevrolet,silverado 2500,,,gas,184000,clean,automatic,,,,,,al
7309929832,huntsville / decatur,28900,2012,ford,f250,,,gas,85000,clean,automatic,,,,,,al
7309928125,huntsville / decatur,18900,2015,ford,f250,,,gas,180000,clean,automatic,,,,,,al
7309927745,huntsville / decatur,11499,2010,mercedes-benz,m-class,,,gas,94305,clean,automatic,4JGBB8GB0AA574937,,,SUV,black,al
7309924135,huntsville / decatur,4882,2005,honda,pilot,excellent,,gas,135977,rebuilt,automatic,2HKYF18725H548570,,,SUV,silver,al
7309917861,huntsville / decatur,17590,2015,kia,soul ! wagon 4d,good,,gas,25491,clean,other,KNDJX3A59F7772430,fwd,,wagon,green,al
7309917824,huntsville / decatur,40590,2018,lexus,rx 350l sport utility 4d,good,6 cylinders,gas,9173,clean,other,JTJDZKCA3J2004022,,,other,,al
7309917778,huntsville / decatur,33990,2019,acura,rdx sh-awd sport utility,good,,gas,11902,clean,other,5J8TC2H30KL041519,,,SUV,red,al
7309917721,huntsville / decatur,40990,2018,lexus,rx 350l sport utility 4d,good,,other,13742,clean,other,JTJDZKCA0J2003068,,,SUV,,al
7309909094,huntsville / decatur,6900,2003,ford,ranger edge 4x4,good,6 cylinders,gas,247500,clean,automatic,,4wd,mid-size,pickup,white,al
7309891616,huntsville / decatur,10977,2011,audi,q5,,4 cylinders,gas,110574,clean,automatic,WA1LFAFP9BA081111,rwd,,SUV,grey,al
7309889000,huntsville / decatur,4995,2005,ford,freestar ses,,,gas,121724,clean,automatic,2FMZA57605BA66741,,,,silver,al
7309869003,huntsville / decatur,33990,2020,alfa-romeo,romeo giulia sedan 4d,good,,gas,9711,clean,other,ZARFAMAN1L7630118,rwd,,sedan,white,al
7309868921,huntsville / decatur,16990,2018,hyundai,sonata se sedan 4d,good,,gas,31871,clean,other,5NPE24AF5JH692092,fwd,,sedan,red,al
7309851197,huntsville / decatur,20998,2021,chevrolet,malibu,,,gas,4121,clean,automatic,1G1ZD5ST0MF044589,,,sedan,,al
7309850720,huntsville / decatur,11500,2012,nissan,armada,like new,8 cylinders,gas,150000,rebuilt,automatic,,rwd,full-size,SUV,silver,al
7309824903,huntsville / decatur,10500,2012,jeep,liberty limited jet 4x4,excellent,6 cylinders,gas,116000,clean,automatic,,4wd,,,white,al
7309824273,huntsville / decatur,3300,2009,ford,focus ses,good,4 cylinders,gas,260000,clean,automatic,,fwd,compact,sedan,silver,al
7309807895,huntsville / decatur,28990,,,CX-5,,4 cylinders,gas,9193,clean,automatic,JM3KFADM2K0531978,fwd,,SUV,white,al
7309801500,huntsville / decatur,56990,2018,cadillac,escalade esv platinum,good,,other,58874,clean,automatic,1GYS4KKJXJR155824,4wd,,other,black,al
7309767524,huntsville / decatur,8495,2010,hyundai,santa fe gls,excellent,4 cylinders,gas,125082,clean,automatic,5NMSG3AB3AH387585,fwd,mid-size,SUV,green,al
7309765191,huntsville / decatur,44900,2014,ram,2500,,6 cylinders,diesel,162997,clean,manual,3C6UR5FL4EG166277,4wd,,,white,al
7309760026,huntsville / decatur,9995,2014,nissan,altima 2.5 sv,excellent,4 cylinders,gas,111737,clean,automatic,1N4AL3APWEC120036,fwd,full-size,sedan,white,al
7309758882,huntsville / decatur,13495,2015,buick,encore convenience,excellent,4 cylinders,gas,69430,clean,automatic,KL4CJBSB6FB223820,fwd,mid-size,SUV,white,al
7309726111,huntsville / decatur,43590,2017,lincoln,navigator l select sport,good,6 cylinders,gas,28475,clean,automatic,5LMJJ3JT1HEL08409,4wd,,other,black,al
7309692165,huntsville / decatur,29890,2013,tesla,model s,,,electric,61591,clean,automatic,5YJSA1DN4DFP11483,rwd,,sedan,grey,al
7309652860,huntsville / decatur,4500,2006,mercedes-benz,c-class,good,6 cylinders,gas,158325,clean,automatic,,rwd,mid-size,sedan,silver,al
7309623574,huntsville / decatur,2800,2004,acura,rl 3.5,good,6 cylinders,gas,167500,lien,automatic,,fwd,mid-size,sedan,silver,al
7309567737,huntsville / decatur,4299,2000,jeep,grand cherokee,,,gas,170009,clean,automatic,1J4GW5887YC110242,,,,,al
7309550831,huntsville / decatur,18900,2015,,voltswagon beetle convertible,excellent,4 cylinders,gas,23988,clean,automatic,3VW517AT0FM811899,fwd,,convertible,silver,al
7309531577,huntsville / decatur,7900,2014,nissan,maxima,,,gas,111310,rebuilt,automatic,,,,,,al
7309526581,huntsville / decatur,19800,2012,ford,f250,,,gas,145000,clean,automatic,,,,,,al
7309500676,huntsville / decatur,28995,2012,ford,econoline commercial,,,gas,93923,clean,automatic,1FC3E3KL4CDB34837,,,,white,al
7309431738,huntsville / decatur,27995,2012,ford,f350 super duty,,,gas,45822,clean,automatic,1FDRF3G65CEC39189,,,,white,al
7309427634,huntsville / decatur,31990,2018,audi,q5 premium sport utility 4d,good,,gas,19179,clean,other,WA1ANAFY7J2102310,,,other,,al
7309407375,huntsville / decatur,22990,2015,bmw,5 series 535i sedan 4d,good,,gas,53216,clean,other,WBA5B1C51FG126135,rwd,,sedan,silver,al
7309387085,huntsville / decatur,29590,2017,jaguar,xf 20d premium sedan 4d,good,,gas,15530,clean,other,SAJBJ4BN4HCY33978,,,sedan,black,al
7309373696,huntsville / decatur,21989,2013,lexus,ls 460,,8 cylinders,gas,143101,clean,automatic,JTHCL5EF5D5017110,,,sedan,white,al
7309373142,huntsville / decatur,43990,2020,jaguar,e-pace p250 se sport,good,,gas,8157,clean,other,SADFP2FX7L1Z89245,,,other,,al
7309371808,huntsville / decatur,8634,2013,ford,focus se,,,gas,77762,clean,automatic,,,,,,al
7309330910,huntsville / decatur,45989,2017,cadillac,ats-v sedan,,6 cylinders,gas,26886,clean,automatic,1G6AN5SY2H0100122,rwd,,sedan,grey,al
7309322506,huntsville / decatur,27590,2018,lincoln,mkx reserve sport,good,6 cylinders,gas,48039,clean,other,2LMPJ6LR9JBL12696,fwd,,other,white,al
7309316567,huntsville / decatur,10900,2013,nissan,juke,,,gas,92675,clean,automatic,JN8AF5MV4DT227268,4wd,compact,wagon,black,al
7309309072,huntsville / decatur,17900,2012,ford,f-150,,,other,159936,clean,automatic,1FTFW1EFXCFA35206,4wd,,pickup,white,al
7309301833,huntsville / decatur,23299,2012,ford,f-150,,,gas,101760,clean,automatic,1FTFW1ET6CFA88460,4wd,,pickup,black,al
7309300930,huntsville / decatur,13995,2015,nissan,nv200,,,gas,86580,clean,automatic,3N6CM0KN6FK712103,,,,white,al
7309300476,huntsville / decatur,29990,2018,lexus,nx 300 sport utility 4d,good,,other,15923,clean,other,JTJYARBZ2J2097415,,,hatchback,white,al
7309294848,huntsville / decatur,5900,2006,ford,f-150,,,gas,146000,clean,automatic,,,,,,al
7309294145,huntsville / decatur,21500,2011,jeep,wrangler,,,gas,110929,clean,automatic,1J4HA5H16BL545514,4wd,,other,,al
7309286428,huntsville / decatur,5900,2009,buick,enclave,,,gas,163783,clean,automatic,5GAEV23D39J118151,fwd,,wagon,silver,al
7309257218,huntsville / decatur,32590,2020,cadillac,xt4 sport suv 4d,good,,gas,14913,clean,other,1GYFZFR44LF109887,,,hatchback,silver,al
7309251614,huntsville / decatur,5900,2008,honda,civic lx,excellent,4 cylinders,gas,207000,clean,automatic,,fwd,,sedan,silver,al
7309244446,huntsville / decatur,45900,2017,,Maserati Levante,,6 cylinders,gas,36083,clean,automatic,ZN661XUA1HX210904,,,SUV,white,al
7309222934,huntsville / decatur,38990,2020,lincoln,continental sedan 4d,good,6 cylinders,gas,1772,clean,other,1LN6L9UK4L5602632,fwd,,sedan,black,al
7309197950,huntsville / decatur,14152,2015,toyota,sienna,,6 cylinders,gas,105429,clean,automatic,5TDZK3DC9FS686665,fwd,,van,silver,al
7309197805,huntsville / decatur,10392,2014,volkswagen,jetta,,4 cylinders,diesel,106469,clean,automatic,3VWLL7AJ3EM369652,fwd,,sedan,silver,al
7309197641,huntsville / decatur,11268,2014,toyota,prius v,,4 cylinders,hybrid,143978,clean,automatic,JTDZN3EU5E3302606,fwd,,wagon,grey,al
7309197486,huntsville / decatur,8925,2013,toyota,prius c,,4 cylinders,hybrid,107441,clean,automatic,JTDKDTB30D1035143,fwd,,sedan,blue,al
7309162304,huntsville / decatur,60990,2019,audi,q8 premium sport utility 4d,good,6 cylinders,gas,8798,clean,automatic,WA1AVAF12KD018825,,,other,black,al
7309122181,huntsville / decatur,26990,2016,toyota,tacoma,,6 cylinders,gas,102089,clean,automatic,3TMAZ5CN5GM007838,rwd,,pickup,grey,al
7308958805,huntsville / decatur,5977,2010,nissan,rogue,excellent,4 cylinders,gas,137000,rebuilt,automatic,,fwd,,SUV,silver,al
7308950198,huntsville / decatur,5977,2012,honda,accord lx,excellent,4 cylinders,gas,174000,clean,automatic,,fwd,,sedan,custom,al
7308910239,huntsville / decatur,5500,2007,honda,odyssey ex-l,good,6 cylinders,gas,215000,rebuilt,automatic,,fwd,full-size,mini-van,grey,al
7308890895,huntsville / decatur,6199,2011,nissan,altima,good,,gas,166000,clean,automatic,,,,sedan,white,al
7308888822,huntsville / decatur,21990,2016,mazda,mx-5 miata club,good,,other,41251,clean,other,JM1NDAC74G0102758,rwd,,convertible,white,al
7308877525,huntsville / decatur,30990,2017,toyota,4runner sr5 sport utility,good,6 cylinders,gas,53811,clean,other,JTEZU5JR1H5150876,,,other,silver,al
7308877561,huntsville / decatur,49590,2020,ford,f250 super duty crew cab xl,good,,other,6033,clean,other,1FT7W2B61LED18887,4wd,,pickup,white,al
7308859840,huntsville / decatur,36590,2019,gmc,sierra 1500 limited double,good,8 cylinders,gas,14222,clean,other,2GTV2LECXK1123316,4wd,,pickup,blue,al
7308843111,huntsville / decatur,16989,2002,ford,super duty f-450 drw cab-chassis,,10 cylinders,gas,228546,clean,automatic,1FDXF47SX2EC96089,4wd,,pickup,white,al
7308825494,huntsville / decatur,25990,2013,toyota,tacoma double cab,good,,other,64919,clean,other,3TMJU4GN2DM147344,,,pickup,white,al
7308822576,huntsville / decatur,16999,2017,infiniti,q50 premium,excellent,6 cylinders,gas,27000,rebuilt,automatic,,rwd,mid-size,sedan,blue,al
7308820366,huntsville / decatur,38634,2016,gmc,yukon,,8 cylinders,gas,85662,clean,automatic,,rwd,full-size,SUV,black,al
7308809019,huntsville / decatur,71989,,rover,sport,,6 cylinders,gas,41865,clean,automatic,SALWV2SV1JA699790,4wd,,SUV,grey,al
7308796902,huntsville / decatur,29590,2013,gmc,sierra 1500 extended cab slt,good,8 cylinders,gas,37888,clean,other,1GTR1WE01DZ407455,,,pickup,silver,al
7308796717,huntsville / decatur,34990,2017,chevrolet,silverado 1500 crew,good,,other,30559,clean,other,3GCUKRECXHG509166,4wd,,pickup,white,al
7308797613,huntsville / decatur,34900,2015,cadillac,escalade,,,other,107291,clean,automatic,1GYS4MKJ4FR545840,4wd,,SUV,black,al
7308791879,huntsville / decatur,0,2015,jeep,cherokee,,,gas,160328,clean,automatic,1C4PJLCB0FW560021,fwd,,SUV,red,al
7308786141,huntsville / decatur,6000,2004,toyota,sequoia sr5,good,8 cylinders,gas,261000,clean,automatic,,rwd,full-size,SUV,grey,al
7308785968,huntsville / decatur,35900,2017,chevrolet,silverado,,,other,69988,clean,automatic,3GCUKSECXHG120065,4wd,,pickup,silver,al
7308780211,huntsville / decatur,14700,2010,chevrolet,silverado 1500,,,other,200392,clean,automatic,3GCRKSE30AG237889,4wd,,other,blue,al
7308774365,huntsville / decatur,0,2017,lincoln,mkz,,,gas,97043,clean,automatic,3LN6L5C90HR604289,fwd,,sedan,black,al
7308745797,huntsville / decatur,29590,2014,ram,1500 quad cab laramie pickup,good,6 cylinders,diesel,73040,clean,other,1C6RR7JM5ES337306,4wd,,pickup,silver,al
7308741237,huntsville / decatur,35495,,,Series,,4 cylinders,gas,14000,clean,automatic,3MW5R1J08L8B21625,rwd,,sedan,white,al
7308690038,huntsville / decatur,8999,2011,mercedes-benz,benz c300,excellent,6 cylinders,gas,103025,clean,automatic,,rwd,mid-size,sedan,grey,al
7308672636,huntsville / decatur,34590,2015,gmc,sierra 1500 crew cab sle,good,8 cylinders,gas,35423,clean,automatic,3GTU2UEC2FG198302,4wd,,pickup,,al
7308646774,huntsville / decatur,34500,2012,bmw,x6,,8 cylinders,gas,53723,clean,automatic,5YMGZ0C57CLK14442,,,,,al
7308598813,huntsville / decatur,14995,2014,jeep,grand cherokee limited,excellent,6 cylinders,gas,126200,lien,automatic,1C4RJEBG5EC432987,rwd,full-size,van,black,al
7308532649,huntsville / decatur,15882,2017,ram,1500,excellent,,gas,138000,rebuilt,automatic,1C6RR6GTXHS590280,,,pickup,black,al
7308530084,huntsville / decatur,800,2007,ford,freestyle,salvage,6 cylinders,gas,142862,clean,automatic,,fwd,full-size,wagon,grey,al
7308523835,huntsville / decatur,25000,2010,dodge,challenger r/t,excellent,8 cylinders,gas,77000,clean,automatic,,,,,white,al
7308416179,huntsville / decatur,31506,2016,chevrolet,silverado 3500 hd,,8 cylinders,gas,81755,clean,automatic,,rwd,full-size,truck,white,al
7308414351,huntsville / decatur,5977,2011,honda,accord lx-p,excellent,4 cylinders,gas,149000,rebuilt,automatic,,fwd,,sedan,white,al
7308405811,huntsville / decatur,36500,2012,ram,3500,,6 cylinders,diesel,82617,clean,automatic,3C7WDTCL2CG332689,4wd,,,grey,al
7308404193,huntsville / decatur,3477,2007,hyundai,accent,,4 cylinders,gas,141000,clean,automatic,,fwd,,hatchback,black,al
7308402643,huntsville / decatur,12477,2016,honda,hrv,excellent,4 cylinders,gas,74000,rebuilt,automatic,,fwd,,SUV,black,al
7308402138,huntsville / decatur,8477,2015,nissan,altima 2.5 s,excellent,4 cylinders,gas,123000,rebuilt,automatic,,,,sedan,black,al
7308401631,huntsville / decatur,5277,2009,honda,civic lx,excellent,4 cylinders,gas,145000,clean,automatic,,fwd,,sedan,grey,al
7308366344,huntsville / decatur,58989,2015,tesla,model s,,,electric,23906,clean,automatic,5YJSA1E41FF113957,,,sedan,red,al
7308329177,huntsville / decatur,11995,2012,honda,cr-v ex,excellent,4 cylinders,gas,126810,clean,automatic,5J6RM3H54CL009326,fwd,mid-size,SUV,blue,al
7308324236,huntsville / decatur,39989,2016,ram,2500,,8 cylinders,gas,67277,clean,automatic,3C6TR5CJ0GG311090,4wd,,pickup,silver,al
7308307528,huntsville / decatur,17500,1986,chevrolet,silverado,,,gas,95000,clean,automatic,,,,,,al
7308295299,huntsville / decatur,40990,2019,ford,f150 supercrew cab xlt,good,6 cylinders,gas,13564,clean,other,1FTEW1EP0KKE50898,4wd,,pickup,white,al
7308295403,huntsville / decatur,38590,2015,ford,f150 supercrew cab lariat,good,8 cylinders,other,41804,clean,other,1FTEW1EF4FFB55826,4wd,,pickup,brown,al
7308295345,huntsville / decatur,28590,2017,jeep,wrangler sport suv 2d,good,6 cylinders,gas,37218,clean,other,1C4GJWAG4HL572192,4wd,,other,,al
7308295327,huntsville / decatur,27590,2013,toyota,tacoma access cab pickup,good,,other,43937,clean,other,5TFUU4EN6DX061948,4wd,,pickup,white,al
7308295255,huntsville / decatur,25990,2017,toyota,tacoma access cab sr,good,,gas,22820,clean,other,5TFRX5GN9HX090138,,,pickup,,al
7308295235,huntsville / decatur,24990,2019,subaru,crosstrek 2.0i premium,good,,gas,12495,clean,other,JF2GTACC1K8284343,,,hatchback,white,al
7308244695,huntsville / decatur,7900,2011,cadillac,cts sedan,excellent,6 cylinders,gas,99800,rebuilt,automatic,,,,sedan,white,al
7308243910,huntsville / decatur,31990,2016,chevrolet,silverado 1500,,8 cylinders,,107597,clean,automatic,3GCUKREC3GG310264,4wd,,pickup,white,al
7308227306,huntsville / decatur,31590,2015,jeep,wrangler unlimited sahara,good,6 cylinders,gas,58118,clean,other,1C4BJWEG1FL764512,4wd,,SUV,blue,al
7308227284,huntsville / decatur,27990,2016,bmw,3 series 340i sedan 4d,good,,gas,46057,clean,other,WBA8B3G53GNT91767,rwd,,sedan,blue,al
7308207170,huntsville / decatur,15493,2010,ford,mustang,,8 cylinders,gas,136145,clean,other,1ZVBP8FH6A5115817,rwd,,convertible,white,al
7308207016,huntsville / decatur,6992,2006,honda,pilot,,6 cylinders,gas,187101,clean,automatic,5FNYF28526B033606,fwd,,SUV,silver,al
7308206806,huntsville / decatur,5998,2005,honda,odyssey,,6 cylinders,gas,251262,clean,automatic,5FNRL38435B069426,fwd,,van,blue,al
7308206659,huntsville / decatur,27988,2016,chevrolet,silverado 1500,,8 cylinders,gas,62667,clean,automatic,1GCVKNEC6GZ410775,4wd,,truck,blue,al
7308181236,huntsville / decatur,6500,1984,chevrolet,k5 blazer,fair,8 cylinders,gas,123456,clean,automatic,,4wd,full-size,SUV,black,al
7308179668,huntsville / decatur,38590,2014,mercedes-benz,c-class c 63 amg,good,8 cylinders,gas,39558,clean,automatic,WDDGJ7HB1EG206426,rwd,,coupe,black,al
7308138189,huntsville / decatur,22795,2015,mercedes-benz,c-class,,4 cylinders,gas,67870,clean,automatic,55SWF4KB4FU020761,,,sedan,silver,al
7308092592,huntsville / decatur,15000,2012,toyota,rav-4,excellent,4 cylinders,gas,74000,clean,automatic,,fwd,mid-size,wagon,silver,al
7308066908,huntsville / decatur,5800,2003,toyota,matrix,good,4 cylinders,gas,162000,rebuilt,automatic,,fwd,mid-size,hatchback,grey,al
7308006652,huntsville / decatur,6299,2008,volvo,xc90,,,gas,125509,clean,automatic,YV4CY982481483401,,,,,al
7307980355,huntsville / decatur,12500,2007,jeep,wrangler,,6 cylinders,gas,205233,clean,automatic,1J4GA39127L114786,4wd,,,red,al
7307980296,huntsville / decatur,3900,2007,ford,fusion,,4 cylinders,gas,216585,clean,automatic,3FAHP07Z77R259989,fwd,,sedan,grey,al
7307954474,huntsville / decatur,53500,2016,ram,2500,,6 cylinders,diesel,64845,clean,automatic,3C6UR5FL3GG191707,4wd,,,grey,al
7307919897,huntsville / decatur,27995,2017,nissan,nv2500 hd cargo,,,gas,48769,clean,automatic,1N6BF0KY6HN800985,,,,white,al
7307903490,huntsville / decatur,18199,2018,nissan,maxima,,,gas,101821,clean,automatic,1N4AA6AP7JC367533,fwd,,sedan,silver,al
7307901512,huntsville / decatur,45500,1955,chevrolet,belair,excellent,8 cylinders,gas,15000,clean,automatic,,rwd,full-size,coupe,red,al
7307886114,huntsville / decatur,24995,2012,ford,f250 xl super duty,,,gas,52377,clean,automatic,1FDBF2A68CEC73003,,,,grey,al
7307875208,huntsville / decatur,29988,2007,gmc,c8500,excellent,6 cylinders,diesel,163063,clean,automatic,,rwd,full-size,truck,white,al
7307873067,huntsville / decatur,12989,2013,cadillac,cts sedan,,6 cylinders,,73857,clean,automatic,1G6DJ5E33D0104912,rwd,,sedan,,al
7307834626,huntsville / decatur,16989,2014,gmc,acadia,,6 cylinders,gas,82459,clean,automatic,1GKKRRKDXEJ371076,fwd,,SUV,grey,al
7307828039,huntsville / decatur,23998,2018,dodge,challenger,,,gas,48482,clean,automatic,2C3CDZAG0JH339067,rwd,,coupe,,al
7307826172,huntsville / decatur,7000,2001,ford,f250 super duty,good,8 cylinders,gas,199300,clean,automatic,,,full-size,truck,white,al
7307808077,huntsville / decatur,30000,2013,jeep,wrangler unlimited sahara,excellent,6 cylinders,gas,99500,clean,automatic,,4wd,full-size,,black,al
7307794959,huntsville / decatur,15989,2011,cadillac,escalade,,8 cylinders,gas,143811,clean,automatic,1GYS4CEF7BR363013,,,SUV,white,al
7307789710,huntsville / decatur,8312,2014,ford,focus,,4 cylinders,gas,93662,clean,manual,1FADP3F21EL144613,fwd,,sedan,silver,al
7307789441,huntsville / decatur,18777,2013,toyota,highlander,,6 cylinders,gas,120856,clean,automatic,5TDYK3EH5DS093324,fwd,,SUV,,al
7307786107,huntsville / decatur,12882,2013,toyota,tacoma,excellent,,gas,175951,rebuilt,manual,5TFTX4CN0DX024772,,,pickup,white,al
7307785922,huntsville / decatur,7442,2007,chevrolet,colorado,excellent,,gas,150000,rebuilt,automatic,1GCCS13E078227821,,,sedan,black,al
7307783606,huntsville / decatur,23900,2012,chevrolet,silverado,,,other,100000,clean,automatic,1GCPKSE72CF234328,4wd,,pickup,red,al
7307782177,huntsville / decatur,7995,2011,nissan,altima 2.5 s,excellent,4 cylinders,gas,91763,clean,automatic,1N4AL2AP5BN430606,fwd,full-size,sedan,brown,al
7307776604,huntsville / decatur,2900,2003,,YAMAHA XVS650/A/C/AC/AT/ATC/V ST,,,gas,36737,clean,manual,JYAVM01E23A058254,,,other,black,al
7307771900,huntsville / decatur,8995,2012,ford,fusion sel,excellent,4 cylinders,gas,90468,clean,automatic,3FAHP0JA5CR167017,fwd,full-size,sedan,black,al
7307769596,huntsville / decatur,6900,2015,honda,cbr650,,,gas,16402,clean,manual,MLHRC7403F5100328,,,other,red,al
7307759218,huntsville / decatur,8999,2009,mercedes-benz,c-class,,,gas,107862,clean,automatic,WDDGF54X79F281098,,,sedan,white,al
7307755318,huntsville / decatur,29499,2016,gmc,yukon,,,other,159138,clean,automatic,1GKS1BKC9GR219316,rwd,,SUV,black,al
7307751633,huntsville / decatur,5900,2009,buick,enclave,,,gas,163783,clean,automatic,5GAEV23D39J118151,fwd,,wagon,silver,al
7307743943,huntsville / decatur,12500,2017,toyota,corolla,good,4 cylinders,gas,33591,clean,automatic,5YFBURHE8HP655686,fwd,compact,sedan,black,al
7307711720,huntsville / decatur,35990,,,500,,8 cylinders,gas,60260,clean,automatic,1C6RR6PT7JS254916,rwd,,pickup,black,al
7307668583,huntsville / decatur,13419,2012,audi,q5,,6 cylinders,gas,154728,clean,automatic,WA1WKAFP2CA121894,4wd,,SUV,silver,al
7307668220,huntsville / decatur,8500,2007,cadillac,dts,,8 cylinders,gas,98394,clean,automatic,1G6KD57Y57U224943,fwd,,sedan,white,al
7307667898,huntsville / decatur,15845,2014,toyota,tacoma,,4 cylinders,gas,56205,clean,manual,5TFNX4CN2EX040353,rwd,,truck,white,al
7307619778,huntsville / decatur,8500,2011,honda,odyssey,,6 cylinders,gas,112554,clean,automatic,,,,,silver,al
7307617876,huntsville / decatur,4500,2007,honda,odyssey ex-l,,6 cylinders,gas,128427,clean,automatic,,,,,,al
7307617014,huntsville / decatur,5800,2008,toyota,sienna xle limited,,6 cylinders,gas,118674,clean,automatic,,,,,white,al
7307598912,huntsville / decatur,26495,2017,mercedes-benz,c-class,,4 cylinders,gas,27443,clean,automatic,55SWF4KB6HU188159,,,sedan,white,al
7307422674,huntsville / decatur,5500,2004,ram,1500,,6 cylinders,gas,167014,clean,automatic,1D7HA16K74J219395,rwd,,,grey,al
7307422610,huntsville / decatur,11900,2007,gmc,sierra 1500 classic,,8 cylinders,gas,151932,clean,automatic,1GTEC19Z07Z184835,rwd,,,red,al
7307413765,huntsville / decatur,12000,2013,bmw,x5,fair,6 cylinders,gas,130000,clean,automatic,,4wd,sub-compact,,white,al
7307398905,huntsville / decatur,5500,2009,honda,civic,,4 cylinders,gas,156869,clean,automatic,2HGFA16869H530963,fwd,,sedan,,al
7307385509,huntsville / decatur,12995,2016,chrysler,200,,,gas,72754,clean,automatic,1C3CCCBBXGN146315,,,,black,al
7307378300,huntsville / decatur,38900,2016,ram,2500,,6 cylinders,diesel,110016,clean,automatic,3C6UR5DL3GG308608,4wd,,,white,al
7307378207,huntsville / decatur,15900,2016,gmc,terrain,,6 cylinders,gas,112210,clean,automatic,2GKFLPE36G6158796,fwd,,,white,al
7307364382,huntsville / decatur,16899,2019,volkswagen,jetta,,,gas,20944,clean,automatic,3VWC57BU4KM040862,,compact,sedan,white,al
7307354681,huntsville / decatur,32990,2018,ford,f150 super cab xlt pickup,good,,other,11360,clean,other,1FTEX1CP3JFA35355,,,pickup,white,al
7307349003,huntsville / decatur,40590,2020,chevrolet,silverado 1500 double,good,8 cylinders,gas,19910,clean,other,1GCRYDEDXLZ149132,4wd,,pickup,silver,al
7307342364,huntsville / decatur,16977,2015,honda,cr-v,,4 cylinders,gas,134543,clean,automatic,2HKRM3H74FH523001,fwd,,SUV,grey,al
7307336014,huntsville / decatur,21990,2017,gmc,acadia sle-1 sport utility,good,,gas,48959,clean,other,1GKKNKLA4HZ273691,fwd,,SUV,white,al
7307310019,huntsville / decatur,8000,2012,chevrolet,equinox ls,excellent,4 cylinders,gas,134000,clean,automatic,,,,,white,al
7307306101,huntsville / decatur,14989,2014,chevrolet,express cargo van,,8 cylinders,gas,204477,clean,automatic,1GCWGFCA8E1198230,rwd,,van,white,al
7307299298,huntsville / decatur,27899,2018,lexus,es,,,gas,41549,clean,automatic,58ABK1GG2JU115516,fwd,,sedan,white,al
7307267237,huntsville / decatur,14989,2012,audi,q7,,6 cylinders,diesel,164360,clean,automatic,WA1VMAFE7CD001186,,,SUV,white,al
7307261625,huntsville / decatur,12977,2014,toyota,corolla,,4 cylinders,gas,50756,clean,automatic,2T1BURHE5EC116518,fwd,,sedan,blue,al
7307261209,huntsville / decatur,10531,2012,buick,enclave,,6 cylinders,gas,169108,clean,automatic,5GAKRCED6CJ177616,fwd,,SUV,blue,al
7307259360,huntsville / decatur,38990,2020,infiniti,qx60 luxe sport utility,good,6 cylinders,gas,5279,clean,other,5N1DL0MN9LC508268,fwd,,other,black,al
7307259259,huntsville / decatur,28990,2017,gmc,acadia slt-1 sport utility,good,6 cylinders,gas,18041,clean,other,1GKKNMLS2HZ305977,fwd,,SUV,,al
7307259924,huntsville / decatur,15897,2017,hyundai,veloster,,4 cylinders,gas,30844,clean,other,KMHTC6AD0HU317480,fwd,,coupe,red,al
7307259056,huntsville / decatur,33590,2020,chevrolet,silverado 1500 double,good,6 cylinders,other,15591,clean,other,1GCRYAEH3LZ179610,4wd,,pickup,white,al
7307258977,huntsville / decatur,41990,2020,infiniti,qx60 luxe sport utility,good,6 cylinders,gas,7544,clean,other,5N1DL0MM0LC510191,,,other,white,al
7307259719,huntsville / decatur,18897,2014,toyota,rav4,,4 cylinders,gas,90824,clean,other,JTMWFREV6ED038382,fwd,,SUV,blue,al
7307229842,huntsville / decatur,21998,2015,audi,q7,,,gas,76280,clean,automatic,WA1LGAFE3FD015931,,,SUV,black,al
7307188338,huntsville / decatur,21990,2014,lincoln,navigator,,8 cylinders,gas,106148,clean,automatic,5LMJJ2J51EEL01631,4wd,,SUV,black,al
7307158989,huntsville / decatur,30990,2018,ford,f150 super cab xlt pickup,good,,other,23029,clean,other,1FTEX1CP3JKC26863,,,pickup,white,al
7307148303,huntsville / decatur,10373,2011,honda,cr-v,,4 cylinders,gas,129641,clean,automatic,5J6RE3H45BL039874,fwd,,SUV,silver,al
7307148144,huntsville / decatur,7998,2008,jeep,commander,,6 cylinders,gas,153663,clean,automatic,1J8HG48K08C210533,4wd,,SUV,black,al
7307147796,huntsville / decatur,16340,2007,toyota,fj cruiser,,6 cylinders,gas,260428,clean,automatic,JTEBU11F270006104,4wd,,SUV,blue,al
7307123424,huntsville / decatur,34990,2020,ford,f150 super cab xlt pickup,good,6 cylinders,gas,12562,clean,other,1FTEX1CB6LKF00239,,,pickup,,al
7307081378,huntsville / decatur,48990,,,Gladiator,,6 cylinders,gas,5792,clean,automatic,1C6HJTFG6LL106890,4wd,,pickup,black,al
7306854160,huntsville / decatur,9500,2014,ford,transit connect,excellent,4 cylinders,gas,219581,clean,automatic,NM0LS7F7XE1147431,fwd,full-size,van,white,al
7306854148,huntsville / decatur,16900,2014,ford,transit connect,excellent,4 cylinders,gas,35173,clean,automatic,NM0LS7E74E1172536,fwd,full-size,van,white,al
7306854155,huntsville / decatur,34500,2019,ford,transit,like new,6 cylinders,gas,7646,clean,automatic,1FTYR1YM9KKA86793,rwd,full-size,van,white,al
7306854131,huntsville / decatur,32700,2019,ford,transit,like new,6 cylinders,gas,13646,clean,automatic,1FTYR1ZM3KKA71124,rwd,full-size,van,white,al
7306854136,huntsville / decatur,32900,2019,ford,transit,like new,6 cylinders,gas,6735,clean,automatic,1FTYR1YM7KKA86825,rwd,full-size,van,white,al
7306854123,huntsville / decatur,34800,2019,ford,transit,like new,6 cylinders,gas,31020,clean,automatic,1FTYR2CM1KKB38768,rwd,full-size,van,white,al
7306836393,huntsville / decatur,24500,2014,lexus,gs350,like new,6 cylinders,gas,78050,clean,automatic,,rwd,full-size,sedan,black,al
7306831669,huntsville / decatur,32590,2013,lexus,ls 460 sedan 4d,good,8 cylinders,gas,30384,clean,other,JTHBL5EF1D5123341,rwd,,sedan,,al
7306825762,huntsville / decatur,21990,2017,infiniti,qx50 sport utility 4d,good,,other,27629,clean,automatic,JN1BJ0RP0HM384794,,,hatchback,blue,al
7306825603,huntsville / decatur,33989,2017,bmw,x5,,6 cylinders,gas,47585,clean,automatic,5UXKR0C57H0V65801,,,SUV,blue,al
7306815945,huntsville / decatur,16995,2008,chevrolet,express 3500,,,gas,158114,clean,automatic,1GBJG31K281131930,,,,white,al
7306813007,huntsville / decatur,15590,2015,mitsubishi,outlander sport es,good,,gas,30811,clean,automatic,4A4AP3AUXFE019890,,,hatchback,white,al
7306808251,huntsville / decatur,19500,2011,toyota,4runner sr5,excellent,6 cylinders,gas,148000,clean,automatic,,,,,white,al
7306805345,huntsville / decatur,8000,2009,cadillac,cts,excellent,6 cylinders,gas,97000,clean,automatic,,,,,,al
7306788354,huntsville / decatur,28989,2013,ford,f-150,,8 cylinders,gas,91989,clean,automatic,1FTFW1ET0DFB21048,4wd,,pickup,white,al
7306781192,huntsville / decatur,28590,2018,cadillac,xt5 sport utility 4d,good,6 cylinders,gas,27331,clean,other,1GYKNBRSXJZ104528,,,SUV,,al
7306749334,huntsville / decatur,29989,2015,ford,f-150,,6 cylinders,gas,68143,clean,automatic,1FTEW1E8XFFA25597,4wd,,pickup,white,al
7306741799,huntsville / decatur,25590,2018,mitsubishi,outlander phev sel,good,,other,25384,clean,other,JA4J24A52JZ032181,4wd,,other,black,al
7306741969,huntsville / decatur,18897,2016,kia,optima,,4 cylinders,gas,73330,clean,other,5XXGU4L36GG114514,fwd,,sedan,silver,al
7306741785,huntsville / decatur,8897,2015,ford,fusion,,4 cylinders,gas,179871,clean,other,3FA6P0H76FR297913,fwd,,sedan,white,al
7306736318,huntsville / decatur,35900,2014,rover,,,,gas,94780,clean,automatic,SALGS2EF0EA134342,,,SUV,,al
7306729532,huntsville / decatur,34900,2013,ford,f-350,,,diesel,195857,clean,automatic,1FT8W3DT5DEB49813,4wd,,pickup,white,al
7306723035,huntsville / decatur,32699,2014,toyota,tundra,,,other,132655,clean,automatic,5TFAW5F13EX378926,4wd,,pickup,silver,al
7306721722,huntsville / decatur,27590,2017,cadillac,xt5 luxury sport,good,,other,21360,clean,other,1GYKNBRSXHZ323483,fwd,,SUV,silver,al
7306717814,huntsville / decatur,12500,2017,toyota,corolla,good,4 cylinders,gas,33591,clean,automatic,5YFBURHE8HP655686,fwd,compact,sedan,black,al
7306716475,huntsville / decatur,17900,2012,ford,f-150,,,other,159936,clean,automatic,1FTFW1EFXCFA35206,4wd,,pickup,white,al
7306709212,huntsville / decatur,23900,2011,jeep,wrangler,,,gas,117430,clean,automatic,1J4BA5H12BL563532,4wd,,SUV,white,al
7306684786,huntsville / decatur,34995,2017,ford,f250 sd xlt,,,gas,138052,clean,automatic,1FT7W2B61HEE45601,4wd,,,white,al
7306682771,huntsville / decatur,35590,2020,lincoln,corsair sport utility 4d,good,,gas,1454,clean,other,5LMCJ1C95LUL11617,fwd,,other,,al
7306674469,huntsville / decatur,14900,2012,jeep,wrangler,excellent,6 cylinders,gas,180000,clean,manual,,4wd,,SUV,silver,al
7306670637,huntsville / decatur,50990,2017,mercedes-benz,s-class,,8 cylinders,gas,68643,clean,automatic,WDDUG8FB5HA318535,,,sedan,black,al
7306641071,huntsville / decatur,26590,2017,infiniti,q70 3.7 sedan 4d,good,,other,34159,clean,automatic,JN1BY1AR5HM770805,,,sedan,,al
7306630227,huntsville / decatur,14818,2017,kia,sorento,,4 cylinders,gas,99007,clean,automatic,5XYPG4A37HG325342,fwd,,SUV,black,al
7306630026,huntsville / decatur,16489,2015,buick,enclave,,6 cylinders,gas,107711,clean,automatic,5GAKRBKD6FJ373266,fwd,,SUV,red,al
7306629836,huntsville / decatur,22234,2014,toyota,4runner,,6 cylinders,gas,166062,clean,automatic,JTEZU5JR5E5069942,rwd,,SUV,white,al
7306629747,huntsville / decatur,12716,2014,ford,escape,,4 cylinders,gas,87767,clean,automatic,1FMCU0GX7EUE47294,fwd,,SUV,white,al
7306629589,huntsville / decatur,19998,2013,lexus,rx 350,,6 cylinders,gas,100305,clean,automatic,2T2BK1BA0DC197533,4wd,,SUV,grey,al
7306593231,huntsville / decatur,32590,2013,lexus,ls 460 l sedan 4d,good,8 cylinders,gas,60271,clean,automatic,JTHDL5EF2D5005680,,,sedan,,al
7306565155,huntsville / decatur,32990,2013,tesla,model s,,,electric,69961,clean,automatic,5YJSA1CP3DFP25751,rwd,,sedan,white,al
7306493771,huntsville / decatur,6900,2005,chevrolet,avalanche,,8 cylinders,gas,243402,clean,automatic,3GNEC12Z75G285661,rwd,,,blue,al
7306331586,huntsville / decatur,29499,2017,lexus,rx,,,gas,65923,clean,automatic,2T2ZZMCA0HC061225,fwd,,wagon,red,al
7306315154,huntsville / decatur,13500,2004,jeep,wrangler tj rubicon,good,6 cylinders,gas,199000,clean,manual,,4wd,,offroad,green,al
7306314677,huntsville / decatur,31590,2012,dodge,challenger srt8 392 coupe,good,8 cylinders,gas,26461,clean,other,2C3CDYCJ2CH155674,rwd,,coupe,black,al
7306314631,huntsville / decatur,35590,2015,dodge,challenger srt 392 coupe,good,8 cylinders,gas,40626,clean,other,2C3CDZDJ5FH809544,rwd,,coupe,,al
7306308237,huntsville / decatur,15590,2016,,Scion iM Hatchback 4D,good,,gas,32573,clean,other,JTNKARJE9GJ510268,fwd,,hatchback,green,al
7306308240,huntsville / decatur,15990,2016,,Scion iM Hatchback 4D,good,,gas,29652,clean,other,JTNKARJEXGJ517925,fwd,,hatchback,blue,al
7306308080,huntsville / decatur,25989,2013,bmw,6 series,,8 cylinders,gas,72038,clean,automatic,WBA6B2C52DD128310,rwd,,sedan,black,al
7306292530,huntsville / decatur,19995,2011,jeep,wrangler right hand drive,,,,87857,,manual,1J4BZ3H14BL602635,4wd,,SUV,,al
7306271668,huntsville / decatur,19989,2015,audi,q5,,4 cylinders,gas,48837,clean,automatic,WA1CFAFP9FA007662,,,SUV,white,al
7306266013,huntsville / decatur,20499,2015,jeep,grand cherokee,,,gas,90890,clean,automatic,1C4RJFAG0FC955018,4wd,,SUV,red,al
7306238775,huntsville / decatur,32990,2017,acura,mdx sh-awd sport utility,good,6 cylinders,gas,29322,clean,other,5J8YD4H54HL000710,,,SUV,white,al
7306238557,huntsville / decatur,34590,2019,acura,mdx sh-awd sport utility,good,,other,27387,clean,other,5J8YD4H34KL004925,,,SUV,black,al
7306233055,huntsville / decatur,44977,2017,gmc,yukon xl,,8 cylinders,,55102,clean,automatic,1GKS2GKC6HR295426,4wd,,SUV,black,al
7306222913,huntsville / decatur,18500,2002,ford,f-350,like new,8 cylinders,diesel,203000,clean,automatic,1FDWW36F62EB14978,rwd,,,white,al
7306196733,huntsville / decatur,29699,2018,ford,f-150,,,gas,79063,clean,automatic,1FTEX1EP4JKF15635,4wd,,pickup,white,al
7306175419,huntsville / decatur,7442,2013,nissan,altima,excellent,,gas,86356,rebuilt,automatic,1N4AL3AP2DC278658,,,sedan,silver,al
7306175234,huntsville / decatur,14882,2018,nissan,maxima,excellent,,gas,20890,rebuilt,automatic,1N4AA6AP3JC394941,,,sedan,silver,al
7306175035,huntsville / decatur,7882,2013,ford,transit connect,excellent,,gas,50263,rebuilt,automatic,NM0LS7AN5DT146485,,,,blue,al
7306174839,huntsville / decatur,6882,2008,acura,rdx,excellent,,gas,140000,rebuilt,automatic,5J8TB18258A018262,,,SUV,white,al
7306166182,huntsville / decatur,35590,2011,dodge,challenger srt8 coupe 2d,good,8 cylinders,gas,16796,clean,other,2B3CJ7DJ7BH589702,rwd,,coupe,green,al
7306153952,huntsville / decatur,14895,2015,audi,a3,,4 cylinders,gas,92822,clean,automatic,WAUBFGFF7F1091960,,,sedan,white,al
7306130942,huntsville / decatur,29990,2018,acura,mdx sport utility 4d,good,,other,33727,clean,other,5J8YD3H30JL000010,,,SUV,silver,al
7306108073,huntsville / decatur,36500,2014,ram,2500,,6 cylinders,diesel,183305,clean,automatic,3C6UR5FL1EG218318,4wd,,,white,al
7306108002,huntsville / decatur,54900,2016,chevrolet,corvette,,8 cylinders,gas,5100,clean,automatic,1G1YB2D77G5100585,rwd,,coupe,red,al
7306100173,huntsville / decatur,14990,2016,,Scion iM Hatchback 4D,good,,gas,65203,clean,other,JTNKARJE4GJ508198,fwd,,hatchback,red,al
7306087414,huntsville / decatur,10000,2009,ford,edge,excellent,,gas,120000,clean,automatic,,,,,,al
7306075336,huntsville / decatur,4000,2008,pontiac,grand prix gt,,,gas,160523,clean,automatic,,,,,,al
7306051250,huntsville / decatur,25495,2017,mercedes-benz,c-class,,4 cylinders,gas,42056,clean,automatic,55SWF4KB8HU214437,,,sedan,black,al
7305990795,huntsville / decatur,2950,1996,ford,explorer xlt,good,6 cylinders,gas,218822,clean,automatic,1FMDU32X9TUC79653,rwd,mid-size,SUV,red,al
7305874055,huntsville / decatur,11900,2009,ram,1500 big horn,excellent,8 cylinders,gas,193000,clean,automatic,,,,,white,al
7305867125,huntsville / decatur,4500,2002,ford,mustang,good,6 cylinders,gas,223000,clean,automatic,,,,,red,al
7305820245,huntsville / decatur,57590,2018,cadillac,escalade esv luxury,good,8 cylinders,gas,28453,clean,other,1GYS4HKJ0JR291365,4wd,,SUV,,al
7305796850,huntsville / decatur,3600,2010,buick,lacrosse,good,6 cylinders,gas,155000,clean,automatic,,fwd,mid-size,sedan,black,al
7305795489,huntsville / decatur,33590,2020,acura,rdx sport utility 4d,good,,gas,13623,clean,other,5J8TC1H33LL013841,fwd,,SUV,,al
7305788669,huntsville / decatur,18590,2018,hyundai,sonata sel sedan 4d,good,,gas,22075,clean,other,5NPE34AF7JH658815,fwd,,sedan,white,al
7305784565,huntsville / decatur,38615,2021,chevrolet,silverado 1500,,4 cylinders,gas,1,clean,automatic,,4wd,full-size,pickup,black,al
7305769026,huntsville / decatur,35590,2018,infiniti,q60 3.0t sport coupe 2d,good,6 cylinders,gas,12113,clean,other,JN1EV7EK9JM341131,rwd,,coupe,blue,al
7305748737,huntsville / decatur,28989,2017,jaguar,f-pace,,4 cylinders,diesel,70941,clean,automatic,SADCK2BN0HA086576,,,SUV,white,al
7305709300,huntsville / decatur,28989,2016,rover,lr4,,6 cylinders,gas,93717,clean,automatic,SALAK2V69GA800283,4wd,,SUV,white,al
7305700187,huntsville / decatur,40990,2017,lincoln,navigator l select sport,good,,other,31843,clean,automatic,5LMJJ3JT2HEL11304,4wd,,SUV,black,al
7305700534,huntsville / decatur,27590,2018,alfa-romeo,romeo giulia sedan 4d,good,,gas,11007,clean,other,ZARFAEDN0J7565017,,,sedan,white,al
7305698110,huntsville / decatur,23299,2012,ford,f-150,,,gas,101760,clean,automatic,1FTFW1ET6CFA88460,4wd,,pickup,black,al
7305694772,huntsville / decatur,21500,2011,jeep,wrangler,,,gas,110929,clean,automatic,1J4HA5H16BL545514,4wd,,other,,al
7305691193,huntsville / decatur,35900,2014,rover,,,,gas,94780,clean,automatic,SALGS2EF0EA134342,,,SUV,,al
7305683831,huntsville / decatur,10900,2013,nissan,juke,,,gas,92675,clean,automatic,JN8AF5MV4DT227268,4wd,compact,wagon,black,al
7305667309,huntsville / decatur,17900,2012,ford,f-150,,,other,159936,clean,automatic,1FTFW1EFXCFA35206,4wd,,pickup,white,al
7305652197,huntsville / decatur,21590,2016,acura,rdx sport utility 4d,good,,other,37793,clean,automatic,5J8TB3H3XGL016949,fwd,,SUV,,al
7305625641,huntsville / decatur,33990,2016,chevrolet,silverado 1500,,8 cylinders,,117895,clean,automatic,3GCUKSEC9GG266780,4wd,,pickup,white,al
7305606612,huntsville / decatur,30990,2017,lexus,rx 350 sport utility 4d,good,6 cylinders,other,27130,clean,other,2T2ZZMCA0HC058521,fwd,,SUV,white,al
7305606333,huntsville / decatur,21500,2014,ford,f150,excellent,6 cylinders,gas,164000,clean,automatic,,4wd,full-size,truck,white,al
7305584186,huntsville / decatur,13186,2017,kia,forte,,4 cylinders,gas,40236,clean,automatic,3KPFK4A79HE079534,fwd,,sedan,white,al
7305584047,huntsville / decatur,19730,2016,honda,cr-v,,4 cylinders,gas,38386,clean,automatic,3CZRM3H52GG723958,fwd,,SUV,silver,al
7305583868,huntsville / decatur,14810,2016,ford,edge,,4 cylinders,gas,88055,clean,automatic,2FMPK3G95GBB70521,fwd,,SUV,black,al
7305583700,huntsville / decatur,15619,2015,,Scion FR-S,,4 cylinders,gas,93539,clean,manual,JF1ZNAA11F9712761,rwd,,coupe,silver,al
7305583498,huntsville / decatur,18530,2014,honda,cr-v,,4 cylinders,gas,36103,clean,automatic,5J6RM3H74EL006687,fwd,,SUV,brown,al
7305562195,huntsville / decatur,14900,2012,jeep,wrangler,excellent,6 cylinders,gas,180000,clean,manual,,4wd,,SUV,silver,al
7305545625,huntsville / decatur,14990,2019,kia,soul wagon 4d,good,,gas,7007,clean,other,KNDJN2A27K7012206,fwd,,wagon,black,al
7305517997,huntsville / decatur,29500,2016,ford,mustang,,8 cylinders,gas,36772,clean,automatic,1FA6P8CF7G5283231,rwd,,coupe,blue,al
7305496753,huntsville / decatur,4000,2001,,2001,excellent,8 cylinders,gas,158094,clean,automatic,,fwd,full-size,sedan,white,al
7305450795,huntsville / decatur,18500,2016,ford,transit van,excellent,6 cylinders,gas,92000,clean,automatic,,rwd,full-size,van,white,al
7305334481,huntsville / decatur,39950,2020,jeep,wrangler,like new,4 cylinders,gas,2600,clean,automatic,1C4GJXAN7LW325096,4wd,compact,SUV,blue,al
7305324568,huntsville / decatur,2888,1973,,1973VOLKSWAGEN BEETLE,good,4 cylinders,gas,111111,clean,manual,1133010637,rwd,compact,coupe,black,al
7305277053,huntsville / decatur,36590,2018,audi,q5 prestige sport utility,good,,gas,32409,clean,other,WA1CNAFY2J2139581,,,SUV,red,al
7305266165,huntsville / decatur,28990,2018,lincoln,mkx select sport utility,good,6 cylinders,gas,27343,clean,other,2LMPJ8KR4JBL11498,,,SUV,,al
7305249206,huntsville / decatur,25590,2017,jaguar,xf 20d premium sedan 4d,good,,other,27662,clean,automatic,SAJBD4BN2HCY32254,rwd,,sedan,white,al
7305231740,huntsville / decatur,35990,2019,bmw,5 series 530e xdrive,good,,gas,19260,clean,other,WBAJB1C56KB375682,,,sedan,white,al
7305214801,huntsville / decatur,30990,2018,lexus,nx 300h sport utility 4d,good,,hybrid,27205,clean,automatic,JTJBJRBZXJ2094073,,,hatchback,silver,al
7305203992,huntsville / decatur,21900,2013,dodge,challenger,,,gas,90418,clean,automatic,2C3CDYBTXDH712609,rwd,,coupe,silver,al
7305198329,huntsville / decatur,23900,2012,chevrolet,silverado,,,other,100000,clean,automatic,1GCPKSE72CF234328,4wd,,pickup,red,al
7305192814,huntsville / decatur,23900,2011,jeep,wrangler,,,gas,117430,clean,automatic,1J4BA5H12BL563532,4wd,,SUV,white,al
7305187432,huntsville / decatur,34900,2013,ford,f-350,,,diesel,195857,clean,automatic,1FT8W3DT5DEB49813,4wd,,pickup,white,al
7305181842,huntsville / decatur,0,2016,nissan,murano,,,gas,124543,clean,,5N1AZ2MHXGN164337,4wd,,wagon,black,al
7305165575,huntsville / decatur,36590,2018,jaguar,e-pace p300 r-dynamic s,good,,other,5837,clean,other,SADFT2GX7J1Z30638,,,SUV,black,al
7305165512,huntsville / decatur,34990,2020,cadillac,xt4 sport suv 4d,good,,diesel,4174,clean,other,1GYFZFR46LF088296,,,hatchback,white,al
7305150390,huntsville / decatur,16990,2015,honda,accord sedan,,6 cylinders,gas,82023,clean,automatic,1HGCR3F83FA035024,fwd,,sedan,white,al
7305126549,huntsville / decatur,27990,2017,lincoln,continental select sedan,good,6 cylinders,gas,19492,clean,automatic,1LN6L9TK4H5636420,,,sedan,,al
7305110595,huntsville / decatur,19499,2019,kia,sportage,,4 cylinders,gas,46299,clean,automatic,,4wd,compact,SUV,silver,al
7305085299,huntsville / decatur,59990,2019,audi,q8 premium sport utility 4d,good,6 cylinders,gas,8930,clean,automatic,WA1AVAF15KD015966,,,other,black,al
7305068025,huntsville / decatur,7500,2014,volkswagen,passat se,good,4 cylinders,gas,130000,clean,automatic,,fwd,full-size,sedan,grey,al
7305064995,huntsville / decatur,14395,2016,kia,soul,,4 cylinders,gas,32819,clean,automatic,KNDJP3A51G7852936,fwd,,wagon,silver,al
7304930465,huntsville / decatur,4950,2011,ford,taurus se,,,gas,104244,rebuilt,automatic,,,,,,al
7304828567,huntsville / decatur,41990,2019,toyota,4runner limited,good,6 cylinders,gas,32326,clean,other,JTEZU5JR2K5198622,,,SUV,black,al
7304828411,huntsville / decatur,18590,2017,toyota,camry le sedan 4d,good,,gas,30223,clean,other,4T1BF1FK4HU421581,fwd,,sedan,silver,al
7304803240,huntsville / decatur,17590,2017,toyota,camry le sedan 4d,good,,other,41606,clean,other,4T1BF1FKXHU325213,fwd,,sedan,,al
7304790364,huntsville / decatur,43989,,,lac Escalade ESV,,8 cylinders,gas,87788,clean,automatic,1GYS3JKJ3JR212765,rwd,,SUV,black,al
7304777196,huntsville / decatur,15990,2018,ford,focus se hatchback 4d,good,,other,14178,clean,other,1FADP3K25JL291324,,,hatchback,white,al
7304751413,huntsville / decatur,36590,2017,chevrolet,tahoe lt sport utility,good,,other,60476,clean,other,1GNSCBKC1HR284238,,,SUV,silver,al
7304751180,huntsville / decatur,11989,2008,bmw,z4,,6 cylinders,gas,90935,clean,automatic,4USBU33518LW74636,rwd,,convertible,black,al
7304744208,huntsville / decatur,8897,2014,kia,sorento,,4 cylinders,gas,189392,clean,other,5XYKT3A67EG508097,fwd,,SUV,silver,al
7304744038,huntsville / decatur,10897,2010,ford,f-150,,8 cylinders,gas,236479,clean,other,1FTFW1CV7AFC14665,rwd,,truck,,al
7304736960,huntsville / decatur,5950,2013,nissan,altima,,,gas,114194,rebuilt,automatic,,,,,,al
7304727682,huntsville / decatur,10500,2012,chevrolet,silverado 1500,good,,gas,230000,clean,automatic,,,,,,al
7304718452,huntsville / decatur,22500,1947,ford,coupe,good,8 cylinders,gas,57000,clean,manual,,rwd,full-size,coupe,grey,al
7304700266,huntsville / decatur,7500,2013,subaru,legacy,good,4 cylinders,gas,159001,clean,automatic,4S3BMBG60D3031417,4wd,,sedan,blue,al
7304697532,huntsville / decatur,24990,2017,lexus,es 350 sedan 4d,good,6 cylinders,gas,40338,clean,automatic,58ABK1GG1HU057778,fwd,,sedan,,al
7304691898,huntsville / decatur,21590,2016,dodge,charger sxt sedan 4d,good,,other,45097,clean,automatic,2C3CDXHG0GH346216,rwd,,sedan,silver,al
7304691832,huntsville / decatur,37590,2019,toyota,4runner sr5 sport utility,good,6 cylinders,gas,11863,clean,other,JTEBU5JR6K5735011,4wd,,SUV,,al
7304673592,huntsville / decatur,29980,2016,infiniti,qx80,,8 cylinders,gas,113427,clean,automatic,JN8AZ2NF7G9611673,rwd,,SUV,white,al
7304636227,huntsville / decatur,14988,2013,toyota,avalon,,6 cylinders,gas,76634,clean,automatic,4T1BK1EB7DU011767,fwd,,sedan,red,al
7304636085,huntsville / decatur,15998,2010,toyota,4runner,,6 cylinders,gas,167847,clean,automatic,JTEZU5JR7A5005976,rwd,,SUV,white,al
7304635939,huntsville / decatur,8201,2007,toyota,rav4,,4 cylinders,gas,169579,clean,automatic,JTMZD33V775066448,fwd,,SUV,white,al
7304635811,huntsville / decatur,22861,2011,toyota,tundra,,8 cylinders,gas,198020,clean,automatic,5TFHW5F13BX174976,4wd,,truck,silver,al
7304635592,huntsville / decatur,8977,2006,toyota,tundra,,8 cylinders,gas,229973,clean,automatic,5TBET38136S552988,rwd,,truck,red,al
7304604320,huntsville / decatur,25990,2019,dodge,charger sxt sedan 4d,good,6 cylinders,gas,21079,clean,other,2C3CDXJGXKH757917,,,sedan,red,al
7304573037,huntsville / decatur,13945,2013,acura,tsx sedan 4d,like new,4 cylinders,gas,57189,rebuilt,automatic,,fwd,full-size,sedan,white,al
7304572902,huntsville / decatur,35990,2016,ford,f-150,,6 cylinders,gas,57838,clean,automatic,1FTFW1EGXGFA01765,4wd,,pickup,black,al
7304571394,huntsville / decatur,8499,2011,toyota,corolla s sedan 4d,like new,4 cylinders,gas,97318,rebuilt,automatic,,fwd,full-size,sedan,grey,al
7304486528,huntsville / decatur,5000,2013,chrysler,200,,4 cylinders,gas,146252,clean,automatic,1C3CCBAB7DN620891,fwd,,sedan,,al
7304425247,huntsville / decatur,4000,2006,hyundai,sonata,,6 cylinders,gas,161530,clean,automatic,5NPEU46F56H067878,fwd,,sedan,blue,al
7304421349,huntsville / decatur,11500,2015,volkswagen,passat,excellent,,gas,59271,clean,automatic,,,full-size,sedan,white,al
7304383536,huntsville / decatur,3500,2007,hyundai,sonata,,4 cylinders,gas,227356,clean,automatic,5NPET46C77H232257,fwd,,sedan,grey,al
7304354814,huntsville / decatur,7900,2008,ford,expedition,,8 cylinders,gas,229822,clean,automatic,1FMFU17578LA63382,rwd,,,black,al
7304354736,huntsville / decatur,24900,2013,ford,f-150,,6 cylinders,gas,159134,clean,automatic,1FTFW1ET3DFC32323,rwd,,,white,al
7304354665,huntsville / decatur,11500,2016,kia,sorento,,4 cylinders,gas,103095,clean,automatic,5XYPG4A31GG094100,fwd,,,black,al
7304349591,huntsville / decatur,12995,2008,ford,f150 xl,,,gas,93146,clean,automatic,1FTRF12V98KD94523,,,,green,al
7304349415,huntsville / decatur,36995,2012,ford,f250 super duty 4x4,,,gas,41364,clean,automatic,1FD7X2B65CEC58024,4wd,,,silver,al
7304349039,huntsville / decatur,31995,2017,ford,f350 super duty,,,gas,129634,clean,automatic,1FD8W3G69HEB28454,,,,white,al
7304348874,huntsville / decatur,25995,2015,gmc,sierra 2500hd,,,gas,126690,clean,automatic,1GT21XEG0FZ537816,,,,red,al
7304347421,huntsville / decatur,34995,2015,ford,f250 super duty 4x4,,,gas,84526,clean,automatic,1FD7X2B60FEB07855,4wd,,,white,al
7304344658,huntsville / decatur,31995,2012,ford,f350 super duty,,,gas,24692,clean,automatic,1FDRF3G64CED01178,,,,white,al
7304339285,huntsville / decatur,22499,2020,chrysler,voyager,,,gas,40481,clean,automatic,2C4RC1DG5LR156802,fwd,,mini-van,white,al
7304327107,huntsville / decatur,2500,2002,chevrolet,silverado 1500,like new,8 cylinders,gas,300402,clean,automatic,2GCEK19T221201442,4wd,full-size,truck,white,al
7304327097,huntsville / decatur,2900,2007,nissan,altima,like new,4 cylinders,gas,176067,clean,automatic,1N4AL21E67C168452,rwd,,sedan,white,al
7304320840,huntsville / decatur,43990,2020,ford,f150 supercrew cab lariat,good,,other,31609,clean,other,1FTEW1E53LFA24020,,,pickup,black,al
7304314726,huntsville / decatur,33989,,,ln MKX,,6 cylinders,gas,17465,clean,automatic,2LMPJ8LR2JBL38276,,,SUV,black,al
7304289018,huntsville / decatur,24990,2018,bmw,3 series 330i xdrive sedan,good,,gas,34454,clean,automatic,WBA8D9G5XJNU68848,,,sedan,black,al
7304276355,huntsville / decatur,28989,2013,ford,f-150,,8 cylinders,gas,98595,clean,automatic,1FTFW1ET7DFD24597,4wd,,pickup,grey,al
7304276297,huntsville / decatur,46990,2020,ford,f150 supercrew cab lariat,good,8 cylinders,gas,13935,clean,other,1FTEW1E52LFC42305,4wd,,pickup,black,al
7304273277,huntsville / decatur,21998,2018,volkswagen,tiguan,,,gas,23046,clean,automatic,3VV3B7AX0JM195917,fwd,,SUV,blue,al
7304262685,huntsville / decatur,25990,2016,toyota,tacoma access cab sr5,good,,other,79393,clean,other,5TFSX5EN4GX044784,,,pickup,silver,al
7304262960,huntsville / decatur,3500,2008,pontiac,g6,good,6 cylinders,gas,150575,salvage,automatic,,fwd,mid-size,sedan,red,al
7304257405,huntsville / decatur,75500,2020,ram,limited 3500,excellent,6 cylinders,diesel,26100,lien,automatic,,4wd,full-size,pickup,white,al
7304244908,huntsville / decatur,8500,2007,toyota,tundra sr5 tss edition,good,8 cylinders,gas,247000,clean,automatic,,rwd,,pickup,silver,al
7304237727,huntsville / decatur,27989,2015,ram,1500,,8 cylinders,gas,101470,clean,automatic,1C6RR7MT9FS554720,4wd,,pickup,grey,al
7304236805,huntsville / decatur,24590,2018,bmw,3 series 330i xdrive sedan,good,,other,38872,clean,other,WBA8D9G53JNU69355,,,sedan,black,al
7304232450,huntsville / decatur,12551,2015,nissan,altima,,4 cylinders,gas,71048,clean,automatic,1N4AL3AP3FC128092,fwd,,sedan,brown,al
7304232299,huntsville / decatur,13353,2014,lexus,ct 200h,,4 cylinders,hybrid,126186,clean,automatic,JTHKD5BH5E2193222,fwd,,sedan,red,al
7304230906,huntsville / decatur,16897,2015,buick,enclave,,6 cylinders,gas,122128,clean,other,5GAKRBKD7FJ302271,fwd,,SUV,white,al
7304230723,huntsville / decatur,16897,2018,chevrolet,malibu,,4 cylinders,gas,56280,clean,other,1G1ZD5ST8JF195420,fwd,,sedan,silver,al
7304229382,huntsville / decatur,7200,2010,honda,accord ex,good,6 cylinders,gas,178000,clean,automatic,,fwd,mid-size,sedan,red,al
7304203807,huntsville / decatur,26990,2020,toyota,tacoma access cab sr5,good,,gas,8625,clean,other,5TFRX5GN0LX165463,,,pickup,red,al
7304201695,huntsville / decatur,7999,2013,volkswagen,jetta,,,gas,101833,clean,automatic,3VW637AJ6DM229025,,compact,sedan,blue,al
7304188315,huntsville / decatur,12500,2017,toyota,corolla,good,4 cylinders,gas,33591,clean,automatic,5YFBURHE8HP655686,fwd,compact,sedan,black,al
7304177268,huntsville / decatur,40888,2020,jeep,gladiator,,,gas,19069,clean,automatic,1C6HJTAGXLL119987,4wd,,,black,al
7304164986,huntsville / decatur,32990,2020,jeep,wrangler sport suv 2d,good,,gas,20205,clean,other,1C4GJXAN4LW180633,4wd,,SUV,silver,al
7304158877,huntsville / decatur,26500,2014,gmc,sierra 1500,,8 cylinders,,162934,clean,automatic,3GTU2VEC9EG380938,4wd,,pickup,white,al
7304123673,huntsville / decatur,34590,2020,mercedes-benz,c-class c 300,good,,gas,17061,clean,other,WDDWF8DB4LR563562,rwd,,sedan,white,al
7304118101,huntsville / decatur,12967,2013,gmc,terrain,,4 cylinders,gas,82820,clean,automatic,2GKALUEK0D6329649,fwd,,SUV,black,al
7304117730,huntsville / decatur,13630,2011,lexus,rx 450h,,6 cylinders,hybrid,151146,clean,automatic,JTJBC1BA8B2041864,4wd,,SUV,black,al
7304117147,huntsville / decatur,0,2007,ford,f-150,,8 cylinders,gas,225796,clean,automatic,1FTPX12V07NA13997,rwd,,truck,black,al
7304082678,huntsville / decatur,23590,2018,subaru,crosstrek 2.0i limited,good,,gas,44201,clean,automatic,JF2GTAJC2JH266273,,,hatchback,blue,al
7304050803,huntsville / decatur,29890,,,ai Santa Fe,,6 cylinders,gas,30934,clean,automatic,KM8SR4HF6JU283377,fwd,,SUV,white,al
7303908185,huntsville / decatur,31995,2016,chevrolet,silverado 1500 lt crew cab long box 4wd,,,gas,94526,,automatic,3GCUKREC4GG347677,4wd,,pickup,,al
7303857713,huntsville / decatur,27900,2011,gmc,sierra,,,diesel,215000,clean,automatic,,,,,,al
7303841276,huntsville / decatur,28998,2018,mercedes-benz,c-class,,,electric,26908,clean,automatic,55SWF4HB0JU244044,,compact,sedan,white,al
7303801101,huntsville / decatur,9995,2011,toyota,prius prius v,,,,104087,,other,JTDKN3DU5B0273141,fwd,,hatchback,silver,al
7303800835,huntsville / decatur,16998,2013,toyota,sienna,,,gas,76688,clean,automatic,5TDYK3DC2DS365897,fwd,,wagon,silver,al
7303799955,huntsville / decatur,27995,2014,ram,1500 sport crew cab lwb 4wd,,,,86325,,automatic,1C6RR7UT6ES166228,4wd,,pickup,,al
7303798820,huntsville / decatur,29995,2016,jeep,wrangler unlimited sport 4wd,,,,65203,,manual,1C4BJWDG0GL320573,4wd,,SUV,,al
7303797738,huntsville / decatur,26995,2014,ford,f-150 xl supercrew 6.5-ft. bed 4wd,,,,119981,,automatic,1FTFW1EF6EKG29978,4wd,,pickup,,al
7303797430,huntsville / decatur,24977,2015,audi,q7,,6 cylinders,gas,90753,clean,automatic,WA1DGAFE1FD024714,,,SUV,black,al
7303796598,huntsville / decatur,26995,2017,ford,f-150 xl supercrew 5.5-ft. bed 4wd,,,,142288,,automatic,1FTFW1EF1HKE53975,4wd,,pickup,,al
7303795447,huntsville / decatur,25995,2014,chevrolet,silverado 1500 work truck 2wt crew cab long box 4w,,,,91852,,automatic,3GCUKPECXEG302292,4wd,,pickup,,al
7303794296,huntsville / decatur,32995,2018,chevrolet,silverado 1500 ls crew cab long box 4wd,,,,82233,,automatic,1GCUKNEC5JF175922,4wd,,pickup,,al
7303778779,huntsville / decatur,36990,2017,bmw,x5 xdrive35d sport utility,good,,gas,28244,clean,automatic,5UXKS4C33H0Y16114,,,SUV,silver,al
7303770233,huntsville / decatur,13500,2016,audi,a3 premium,excellent,,gas,98000,lien,automatic,,,,sedan,white,al
7303760301,huntsville / decatur,22989,2013,lexus,rx 350,,6 cylinders,gas,53779,clean,automatic,2T2ZK1BA8DC129687,fwd,,SUV,grey,al
7303756916,huntsville / decatur,16499,2019,nissan,rogue,,,gas,84232,clean,automatic,KNMAT2MT4KP546502,fwd,compact,SUV,black,al
7303753356,huntsville / decatur,14590,2012,bmw,1 series 128i coupe 2d,good,,other,80465,clean,other,WBAUP9C53CVL91190,,,coupe,black,al
7303727969,huntsville / decatur,52590,2020,mercedes-benz,e-class e 350,good,,other,13573,clean,other,W1KZF8EB9LA801741,,,sedan,black,al
7303727914,huntsville / decatur,20590,2018,chrysler,300 limited sedan 4d,good,6 cylinders,gas,71021,clean,other,2C3CCAEG6JH123125,rwd,,sedan,black,al
7303727894,huntsville / decatur,29990,2018,alfa-romeo,romeo stelvio ti sport,good,,other,26978,clean,other,ZASFAKBN3J7B64774,,,hatchback,,al
7303727933,huntsville / decatur,25590,2020,buick,encore gx select sport,good,,gas,1113,clean,automatic,KL4MMDSL6LB104869,fwd,,SUV,red,al
7303727906,huntsville / decatur,23990,2017,lincoln,mkz reserve sedan 4d,good,,gas,28565,clean,other,3LN6L5E96HR662842,fwd,,sedan,,al
7303727131,huntsville / decatur,4500,2005,ford,escape,,6 cylinders,gas,176374,clean,automatic,1FMYU03145KA75934,fwd,,,,al
7303722003,huntsville / decatur,18989,2014,bmw,5 series,,6 cylinders,diesel,78499,clean,automatic,WBAFV3C56ED685994,,,sedan,white,al
7303717646,huntsville / decatur,14447,2015,ford,explorer,,6 cylinders,gas,149785,clean,automatic,1FM5K7D87FGA50981,fwd,,SUV,silver,al
7303717418,huntsville / decatur,13129,2014,ford,escape,,4 cylinders,gas,65612,clean,automatic,1FMCU0GX3EUE07049,fwd,,SUV,red,al
7303715995,huntsville / decatur,18897,2016,toyota,camry,,4 cylinders,gas,41378,clean,other,4T1BF1FK1GU261173,fwd,,sedan,white,al
7303715613,huntsville / decatur,17897,2016,honda,civic,,4 cylinders,gas,63269,clean,other,19XFC1F90GE008081,fwd,,sedan,white,al
7303711383,huntsville / decatur,23998,2017,audi,a6,,,gas,30326,clean,automatic,WAUC8AFC3HN057821,,,sedan,,al
7303711275,huntsville / decatur,5750,2014,jeep,patriot sport,,,gas,105062,rebuilt,automatic,,,,,,al
7303661625,huntsville / decatur,24399,2019,volkswagen,tiguan,,,gas,26305,clean,automatic,3VV2B7AXXKM157611,,,SUV,white,al
7303647774,huntsville / decatur,48990,2019,nissan,armada,good,8 cylinders,gas,21412,clean,automatic,JN8AY2NF5K9352659,rwd,full-size,SUV,black,al
7303647777,huntsville / decatur,14990,2017,dodge,journey,good,4 cylinders,gas,96577,clean,automatic,3C4PDCGB5HT501329,fwd,full-size,SUV,black,al
7303647782,huntsville / decatur,13990,2014,lincoln,mkz,good,4 cylinders,gas,91537,clean,automatic,3LN6L2G93ER800408,fwd,,sedan,black,al
7303642268,huntsville / decatur,36495,2017,rover,discovery sport,,4 cylinders,gas,88,clean,automatic,SALCR2BG9HH697182,4wd,,SUV,white,al
7303640337,huntsville / decatur,9500,2014,ford,transit connect,excellent,4 cylinders,gas,219581,clean,automatic,NM0LS7F7XE1147431,fwd,full-size,van,white,al
7303640342,huntsville / decatur,38300,2020,ford,transit,like new,6 cylinders,gas,7540,clean,automatic,1FTBR1C87LKB10770,rwd,full-size,van,white,al
7303640350,huntsville / decatur,29600,2019,gmc,savana,like new,8 cylinders,gas,30052,clean,automatic,1GTW7AFG6K1269892,rwd,full-size,van,white,al
7303640376,huntsville / decatur,20300,2017,ford,transit 150,excellent,6 cylinders,gas,141625,clean,automatic,1FTYE1YM5HKA37305,rwd,full-size,van,white,al
7303640328,huntsville / decatur,36700,2019,ford,transit 250,excellent,6 cylinders,gas,14985,clean,automatic,1FTYR2CMXKKB66522,rwd,full-size,van,white,al
7303640331,huntsville / decatur,32800,2018,ford,transit,excellent,6 cylinders,gas,43479,clean,automatic,1FBAX2CGXJKA55456,rwd,full-size,van,white,al
7303640332,huntsville / decatur,37900,2020,chevrolet,silverado 1500,like new,8 cylinders,gas,5622,clean,automatic,3GCPWAEF0LG200571,rwd,full-size,truck,white,al
7303640334,huntsville / decatur,31900,2019,ford,transit 250,excellent,6 cylinders,gas,29497,clean,automatic,1FTYR1ZM0KKA42423,rwd,full-size,van,white,al
7303640335,huntsville / decatur,34800,2019,ford,transit,excellent,6 cylinders,gas,31020,clean,automatic,1FTYR2CM1KKB38768,rwd,full-size,van,white,al
7303640324,huntsville / decatur,24900,2016,ford,econoline,excellent,8 cylinders,gas,122238,clean,automatic,1FDWE3FL1GDC16856,rwd,full-size,truck,white,al
7303614263,huntsville / decatur,17995,2013,gmc,sierra 1500 sle,excellent,8 cylinders,gas,107000,clean,automatic,,,,truck,red,al
7303606701,huntsville / decatur,32590,2020,,Genesis G70 2.0T Sedan 4D,good,,other,4171,clean,other,KMTG64LA2LU056383,,,sedan,white,al
7303600546,huntsville / decatur,9998,2013,hyundai,sonata,,4 cylinders,gas,98797,clean,automatic,5NPEC4AC4DH711464,fwd,,sedan,grey,al
7303600382,huntsville / decatur,14993,2013,honda,cr-v,,4 cylinders,gas,118829,clean,automatic,5J6RM3H5XDL047354,fwd,,SUV,white,al
7303600175,huntsville / decatur,16407,2013,chevrolet,silverado 1500,,6 cylinders,gas,79605,clean,automatic,1GCNCPEX2DZ122453,rwd,,truck,red,al
7303557486,huntsville / decatur,10990,2013,nissan,sentra s sedan 4d,good,,gas,81557,clean,other,3N1AB7AP2DL658501,fwd,,sedan,red,al
7303546812,huntsville / decatur,7999,2010,honda,accord ex-l coupe 2d,like new,6 cylinders,gas,147909,rebuilt,automatic,,fwd,full-size,coupe,black,al
7303542730,huntsville / decatur,10358,2012,honda,accord ex-l sedan 4d,like new,6 cylinders,gas,112988,rebuilt,automatic,,fwd,full-size,sedan,black,al
7303541788,huntsville / decatur,14975,2014,chrysler,300 sedan 4d,like new,6 cylinders,gas,61825,rebuilt,automatic,,fwd,full-size,sedan,grey,al
7303533224,huntsville / decatur,26495,,,des-Benz CLA,,4 cylinders,gas,42455,clean,automatic,WDDSJ4GB1JN582155,,,sedan,white,al
7303485138,huntsville / decatur,7000,1979,ford,thunderbird,excellent,8 cylinders,gas,99500,clean,automatic,,rwd,full-size,sedan,red,al
7303353675,huntsville / decatur,13750,2012,subaru,impreza wrx,good,4 cylinders,gas,127555,clean,manual,JF1GV7E60CG010423,,,,black,al
7303334128,huntsville / decatur,17450,2014,nissan,370z,excellent,6 cylinders,gas,146711,clean,automatic,JN1AZ4EH8EM633915,,,coupe,black,al
7303331581,huntsville / decatur,10450,2013,honda,civic lx,good,4 cylinders,gas,159510,clean,automatic,19XFB2F52DE059034,,,,black,al
7303326910,huntsville / decatur,12450,2012,honda,cr-v ex-l,excellent,4 cylinders,gas,119549,clean,automatic,2HKRM3H71CH513196,fwd,,SUV,green,al
7303321769,huntsville / decatur,32990,2018,ford,f150 super cab xlt pickup,good,8 cylinders,gas,20558,clean,other,1FTEX1C59JKD43720,,,pickup,,al
7303318356,huntsville / decatur,8450,2007,acura,tl type-s,good,6 cylinders,gas,185598,clean,automatic,19UUA76527A011274,fwd,,sedan,grey,al
7303298395,huntsville / decatur,41990,2019,chevrolet,silverado 1500 double,good,,gas,10079,clean,other,1GCRYEEKXKZ230036,4wd,,pickup,red,al
7303280971,huntsville / decatur,26990,2018,gmc,acadia sle-2 sport utility,good,6 cylinders,gas,26514,clean,other,1GKKNLLS5JZ181591,fwd,,SUV,,al
7303275838,huntsville / decatur,2800,2001,ford,sport trac,good,6 cylinders,gas,225000,clean,automatic,,rwd,mid-size,pickup,black,al
7303275248,huntsville / decatur,25989,2015,jeep,wrangler unlimited,,6 cylinders,gas,81062,clean,automatic,1C4BJWDGXFL545338,4wd,,SUV,silver,al
7303256392,huntsville / decatur,33990,2018,ford,f150 super cab lariat,good,6 cylinders,other,26732,clean,other,1FTEX1EPXJFB66473,4wd,,pickup,,al
7303236617,huntsville / decatur,26990,2017,infiniti,qx60 3.5 sport utility,good,6 cylinders,gas,40529,clean,automatic,5N1DL0MM6HC557149,,,SUV,,al
7303237159,huntsville / decatur,10989,2012,cadillac,cts sedan,,6 cylinders,gas,119810,clean,automatic,1G6DL5E36C0112284,,,sedan,silver,al
7303208856,huntsville / decatur,15500,2013,chrysler,town and country,good,,gas,82000,clean,automatic,,,,,,al
7303197569,huntsville / decatur,19989,2016,ford,flex,,6 cylinders,gas,73898,clean,automatic,2FMGK5D88GBA01343,fwd,,SUV,grey,al
7303190404,huntsville / decatur,12897,2016,kia,forte 5-door,,4 cylinders,gas,71985,clean,other,KNAFX5A80G5546802,fwd,,sedan,grey,al
7303190246,huntsville / decatur,43897,2016,gmc,yukon xl,,8 cylinders,gas,83978,clean,other,1GKS2HKJ1GR299032,4wd,,SUV,black,al
7303187594,huntsville / decatur,12500,2017,toyota,corolla,good,4 cylinders,gas,33591,clean,automatic,5YFBURHE8HP655686,fwd,compact,sedan,black,al
7303187586,huntsville / decatur,0,2009,toyota,venza,good,6 cylinders,gas,171990,clean,automatic,4T3ZK11A99U015491,fwd,,wagon,white,al
7303185811,huntsville / decatur,9950,2010,ford,e250,excellent,8 cylinders,gas,177000,clean,automatic,1FTNE2EL1ADA74561,rwd,full-size,van,white,al
7303172546,huntsville / decatur,24500,2006,ford,f550,excellent,8 cylinders,diesel,147000,clean,automatic,1FDAF56PX5ED24552,rwd,full-size,truck,white,al
7303169392,huntsville / decatur,36500,2001,,STERLING L,excellent,6 cylinders,diesel,215000,clean,manual,2FZHAZAS72AJ79491,rwd,full-size,truck,white,al
7303163953,huntsville / decatur,35990,2020,chevrolet,silverado 1500 double,good,8 cylinders,gas,28338,clean,other,1GCRYDED0LZ146269,4wd,,pickup,red,al
7303159551,huntsville / decatur,16500,2005,chevrolet,silverado 2500hd,,8 cylinders,gas,145986,clean,automatic,1GCHK23U05F828934,4wd,,,red,al
7303159463,huntsville / decatur,27500,2015,ford,f-150,,6 cylinders,gas,165767,clean,automatic,1FTEW1EG2FKE68180,4wd,,,silver,al
7303156760,huntsville / decatur,13500,1999,,INTERNATIONAL 4700,excellent,8 cylinders,diesel,79000,clean,manual,1HTSCABL6XH635946,rwd,full-size,truck,white,al
7303117756,huntsville / decatur,41990,2020,chevrolet,silverado 1500 double,good,8 cylinders,gas,12880,clean,automatic,1GCRYCEF9LZ202303,4wd,,pickup,white,al
7303117737,huntsville / decatur,20495,2015,lexus,es 300h,,4 cylinders,hybrid,61063,clean,automatic,JTHBW1GG1F2085135,fwd,,sedan,blue,al
7303087581,huntsville / decatur,36590,2020,gmc,acadia denali sport utility,good,6 cylinders,gas,33026,clean,other,1GKKNXLS6LZ134810,,,SUV,black,al
7303076653,huntsville / decatur,12423,2011,lexus,ct 200h,,4 cylinders,hybrid,79519,clean,automatic,JTHKD5BH9B2027670,fwd,,sedan,grey,al
7303076492,huntsville / decatur,12977,2011,cadillac,dts,,8 cylinders,gas,42826,clean,automatic,1G6KD5E60BU102145,fwd,,sedan,,al
7303076196,huntsville / decatur,8598,2009,subaru,forester,,4 cylinders,gas,125391,clean,automatic,JF2SH646X9H763906,4wd,,SUV,,al
7303076049,huntsville / decatur,5804,2005,toyota,prius,,4 cylinders,hybrid,146675,clean,automatic,JTDKB20U653000530,fwd,,sedan,black,al
7303075845,huntsville / decatur,16854,2012,nissan,frontier,,6 cylinders,gas,95922,clean,automatic,1N6AD0EV8CN701404,4wd,,truck,black,al
7303059818,huntsville / decatur,6999,2004,bmw,z4,,,gas,140000,clean,automatic,,,,,,al
7303052607,huntsville / decatur,5999,2007,bmw,530i,,,gas,165000,clean,automatic,,,,,,al
7303050230,huntsville / decatur,19999,2007,chevrolet,avalanche 4x4,,,gas,105000,clean,automatic,,,,,,al
7303044570,huntsville / decatur,2999,2002,ford,taurus se,,,gas,180000,clean,automatic,,,,,,al
7303043139,huntsville / decatur,10900,2011,bmw,x5 xdrive35i,,,gas,99000,clean,automatic,,,,,,al
7303037306,huntsville / decatur,33590,2020,chevrolet,silverado 1500 double,good,8 cylinders,gas,30457,clean,other,1GCRWCED9LZ104991,,,pickup,red,al
7303009721,huntsville / decatur,36990,,,des-Benz E-Class,,4 cylinders,gas,30967,clean,other,WDDZF4JB7JA379223,rwd,,sedan,silver,al
7302901494,huntsville / decatur,8299,2015,nissan,altima 2.5 s,good,4 cylinders,gas,41000,rebuilt,automatic,,fwd,full-size,sedan,silver,al
7302830124,huntsville / decatur,34995,2015,ford,f250 super duty 4x4,,,gas,84526,clean,automatic,1FD7X2B60FEB07855,4wd,,,white,al
7302806750,huntsville / decatur,49500,2018,bmw,x6 xdrive50i,excellent,8 cylinders,gas,52000,clean,automatic,5UXKU6C59J0W39078,4wd,full-size,coupe,grey,al
7302798592,huntsville / decatur,24699,2019,lincoln,mkz,,,gas,40056,clean,automatic,3LN6L5C9XKR621155,fwd,,sedan,black,al
7302759209,huntsville / decatur,43590,2016,audi,s7 sedan 4d,good,8 cylinders,gas,52366,clean,other,WAUW2AFC4GN052480,,,sedan,,al
7302759070,huntsville / decatur,39990,2020,lincoln,corsair reserve sport,good,,gas,7469,clean,other,5LMCJ2C97LUL00172,fwd,,other,blue,al
7302756171,huntsville / decatur,29357,2019,audi,a5,,,gas,35117,clean,automatic,WAUANCF54KA054647,,sub-compact,hatchback,silver,al
7302752505,huntsville / decatur,8989,2011,cadillac,cts coupe,,6 cylinders,gas,125420,clean,automatic,1G6DJ1ED8B0121901,rwd,,coupe,white,al
7302721557,huntsville / decatur,8990,2013,,smart fortwo Passion Hatchback,good,,gas,59072,clean,automatic,WMEEJ3BA2DK636540,rwd,,coupe,silver,al
7302715773,huntsville / decatur,23989,,,a RAV4,,4 cylinders,gas,34929,clean,automatic,2T3RFREV9JW804826,,,SUV,black,al
7302711669,huntsville / decatur,16998,2017,ford,expedition el,,,gas,173042,clean,automatic,1FMJK1GT4HEA66789,4wd,,SUV,silver,al
7302708691,huntsville / decatur,6500,2004,chevrolet,tahoe,,8 cylinders,gas,205022,clean,automatic,1GNEC13Z64J324221,rwd,,,white,al
7302708594,huntsville / decatur,25900,2014,jeep,wrangler unlimited,,6 cylinders,gas,134404,clean,automatic,1C4BJWEG0EL325154,4wd,,,yellow,al
7302688517,huntsville / decatur,34990,2019,infiniti,q70 3.7 luxe sedan 4d,good,,other,16505,clean,other,JN1BY1AR0KM580014,,,sedan,black,al
7302676572,huntsville / decatur,24989,2006,,HUMMER H2,,8 cylinders,gas,124175,clean,automatic,5GRGN22U56H108425,,,SUV,,al
7302665241,huntsville / decatur,14299,2015,chevrolet,traverse,,,gas,96000,clean,automatic,1GNKRGKD6FJ186368,fwd,,SUV,black,al
7302654982,huntsville / decatur,26990,2014,lexus,ls 460 sedan 4d,good,,other,96454,clean,automatic,JTHBL5EF9E5130801,rwd,,sedan,red,al
7302628670,huntsville / decatur,17990,2020,mitsubishi,outlander sport es,good,,other,16631,clean,other,JA4AP3AU6LU017301,,,hatchback,,al
7302628661,huntsville / decatur,25990,2018,mitsubishi,outlander phev gt,good,,electric,13938,clean,other,JA4J24A5XJZ061637,4wd,,SUV,,al
7302616169,huntsville / decatur,21998,2019,volkswagen,tiguan,,,gas,6611,clean,automatic,3VV3B7AX0KM164359,,,SUV,silver,al
7302596801,huntsville / decatur,31890,2017,lexus,rc,,6 cylinders,gas,73372,clean,automatic,JTHHE5BC7H5017397,rwd,,coupe,black,al
7302589025,huntsville / decatur,5800,2009,honda,civic,,,gas,158000,clean,automatic,,,,,,al
7302588678,huntsville / decatur,5800,2010,honda,accord,,,gas,186000,clean,automatic,,,,,,al
7302588319,huntsville / decatur,8800,2012,chevrolet,tahoe,,,gas,222000,clean,automatic,,,,,,al
7302579081,huntsville / decatur,49990,2020,cadillac,xt5 sport suv 4d,good,6 cylinders,gas,4322,clean,other,1GYKNGRS0LZ193218,,,other,white,al
7302579051,huntsville / decatur,34590,2020,infiniti,qx50 luxe sport utility,good,,other,3542,clean,other,3PCAJ5M11LF110384,fwd,,hatchback,brown,al
7302488929,huntsville / decatur,29890,2017,infiniti,qx70,,6 cylinders,gas,32913,clean,automatic,JN8CS1MW5HM411107,,,SUV,black,al
7302437530,huntsville / decatur,4500,2006,cadillac,dts,good,8 cylinders,gas,100000,clean,automatic,,fwd,full-size,sedan,custom,al
7302407798,huntsville / decatur,7000,1979,toyota,corolla,good,4 cylinders,gas,28342,clean,manual,,rwd,compact,hatchback,orange,al
7302405894,huntsville / decatur,35500,1966,chevrolet,impala,excellent,8 cylinders,gas,9560,clean,automatic,,rwd,full-size,coupe,red,al
7302343807,huntsville / decatur,6750,2007,toyota,yaris,good,4 cylinders,gas,167808,clean,automatic,JTDBT923071006932,,,,silver,al
7302321614,huntsville / decatur,15500,2017,,2017 IMPALA,like new,6 cylinders,gas,21000,rebuilt,automatic,,fwd,full-size,sedan,blue,al
7302243092,huntsville / decatur,37590,2019,acura,mdx advance pkg sport,good,,other,30356,clean,other,5J8YD3H83KL005134,,,other,silver,al
7302224254,huntsville / decatur,15990,2016,,Scion iM Hatchback 4D,good,,gas,40668,clean,other,JTNKARJE4GJ519735,fwd,,hatchback,red,al
7302204738,huntsville / decatur,24590,2017,dodge,challenger sxt coupe 2d,good,6 cylinders,gas,31936,clean,automatic,2C3CDZAG7HH665569,rwd,,coupe,white,al
7302185208,huntsville / decatur,10977,2011,audi,q5,,4 cylinders,gas,110574,clean,automatic,WA1LFAFP9BA081111,rwd,,SUV,grey,al
7302177185,huntsville / decatur,37990,2016,dodge,challenger r/t scat pack,good,8 cylinders,gas,12193,clean,other,2C3CDZFJ5GH192418,rwd,,coupe,purple,al
7302144528,huntsville / decatur,21989,2013,lexus,ls 460,,8 cylinders,gas,143101,clean,automatic,JTHCL5EF5D5017110,,,sedan,white,al
7302136175,huntsville / decatur,43590,2020,acura,mdx sh-awd w/technology,good,6 cylinders,gas,12012,clean,other,5J8YD4H50LL000485,,,other,silver,al
7302108660,huntsville / decatur,32990,2019,dodge,challenger r/t coupe 2d,good,8 cylinders,gas,2676,clean,other,2C3CDZBT6KH724310,rwd,,coupe,white,al
7302074829,huntsville / decatur,32997,2018,lexus,es,excellent,6 cylinders,gas,21300,clean,automatic,58ABK1GG8JU114385,fwd,,sedan,,al
7302074720,huntsville / decatur,47999,2013,ford,super duty f-250 srw,excellent,8 cylinders,diesel,37088,clean,automatic,1FT7W2BT0DEA48140,4wd,,pickup,,al
7302062913,huntsville / decatur,28990,,,CX-5,,4 cylinders,gas,9193,clean,automatic,JM3KFADM2K0531978,fwd,,SUV,white,al
7302062537,huntsville / decatur,23590,2009,dodge,challenger r/t coupe 2d,good,8 cylinders,gas,34818,clean,other,2B3LJ54T09H525615,rwd,,coupe,black,al
7302027293,huntsville / decatur,0,2007,ford,explorer,,,gas,273815,clean,automatic,,fwd,,,,al
7302020693,huntsville / decatur,13298,2019,nissan,versa sedan,,4 cylinders,gas,61917,clean,automatic,3N1CN7AP6KL829263,fwd,,sedan,grey,al
7302020509,huntsville / decatur,19615,2019,ford,edge,,4 cylinders,gas,82337,clean,automatic,2FMPK3G95KBB43246,fwd,,SUV,black,al
7302020189,huntsville / decatur,18568,2019,chevrolet,equinox,,4 cylinders,gas,28990,clean,automatic,2GNAXHEVXK6212778,fwd,,SUV,black,al
7302020031,huntsville / decatur,15976,2016,volkswagen,jetta,,4 cylinders,gas,48619,clean,automatic,3VW4T7AJ4GM315588,fwd,,sedan,black,al
7302019817,huntsville / decatur,11667,2016,toyota,corolla,,4 cylinders,gas,90731,clean,automatic,2T1BURHE6GC634771,fwd,,sedan,brown,al
7302015030,huntsville / decatur,42990,2020,acura,mdx technology pkg sport,good,,other,3207,clean,other,5J8YD3H53LL000555,fwd,,other,white,al
7301975621,huntsville / decatur,39990,2020,acura,mdx sh-awd sport utility,good,6 cylinders,gas,1237,clean,other,5J8YD4H39LL041518,,,other,white,al
7301953635,huntsville / decatur,13495,2014,chevrolet,malibu,,4 cylinders,gas,100022,clean,automatic,1G11G5SX0EF171495,fwd,,sedan,red,al
7301914611,huntsville / decatur,5000,2012,chevrolet,cruze,,,gas,150000,clean,automatic,,,,,,al
7301754609,huntsville / decatur,21990,2020,hyundai,sonata se sedan 4d,good,,other,13793,clean,other,5NPEG4JA0LH041512,,,sedan,blue,al
7301750027,huntsville / decatur,38990,2020,acura,rdx advance pkg sport,good,,gas,14028,clean,other,5J8TC1H76LL009494,fwd,,SUV,white,al
7301736032,huntsville / decatur,24500,2008,gmc,sierra,excellent,8 cylinders,gas,49000,clean,manual,,,full-size,truck,black,al
7301733364,huntsville / decatur,45989,2017,cadillac,ats-v sedan,,6 cylinders,gas,26886,clean,automatic,1G6AN5SY2H0100122,rwd,,sedan,grey,al
7301730504,huntsville / decatur,5500,2007,nissan,maxima,excellent,6 cylinders,gas,175000,clean,manual,,,full-size,sedan,grey,al
7301729992,huntsville / decatur,19000,2010,toyota,tacoma prerunner,,,gas,134000,clean,automatic,,,,,,al
7301728829,huntsville / decatur,20990,2020,kia,soul s wagon 4d,good,,gas,2421,clean,other,KNDJ23AU1L7721375,fwd,,wagon,black,al
7301711489,huntsville / decatur,51990,2018,cadillac,escalade esv premium,good,8 cylinders,other,72367,clean,automatic,1GYS4JKJ6JR198941,4wd,,SUV,black,al
7301707782,huntsville / decatur,16989,2002,ford,super duty f-450 drw cab-chassis,,10 cylinders,gas,228546,clean,automatic,1FDXF47SX2EC96089,4wd,,pickup,white,al
7301682169,huntsville / decatur,44590,2019,infiniti,q60 red sport 400 coupe,good,6 cylinders,gas,7396,clean,other,JN1FV7EL9KM440871,,,coupe,blue,al
7301682141,huntsville / decatur,30990,2018,mercedes-benz,metris passenger,good,,gas,7896,clean,other,WD4PG2EE2J3420861,rwd,,van,black,al
7301659985,huntsville / decatur,29890,2013,tesla,model s,,,electric,61591,clean,automatic,5YJSA1DN4DFP11483,rwd,,sedan,grey,al
7301657935,huntsville / decatur,35590,2017,lincoln,navigator l select sport,good,6 cylinders,gas,76216,clean,automatic,5LMJJ3JT0HEL13925,4wd,,SUV,white,al
7301633319,huntsville / decatur,30990,2017,alfa-romeo,romeo giulia sedan 4d,good,,gas,19835,clean,other,ZARFAEBN6H7548414,rwd,,sedan,,al
7301627262,huntsville / decatur,18500,2002,ford,f-350,like new,8 cylinders,diesel,203000,clean,automatic,,rwd,,,white,al
7301611362,huntsville / decatur,32590,2017,lexus,rx 350 sport utility 4d,good,6 cylinders,gas,20425,clean,other,2T2ZZMCA7HC068818,fwd,,SUV,blue,al
7301592712,huntsville / decatur,28990,2006,,Bentley Continental GT,,12 cylinders,gas,148774,clean,automatic,SCBCR63W16C030477,,,coupe,,al
7316854467,mobile,6400,2006,mercedes-benz,s500,excellent,8 cylinders,gas,145000,clean,automatic,,fwd,full-size,sedan,black,al
7316846446,mobile,21880,2015,ram,1500,excellent,6 cylinders,diesel,134936,clean,automatic,1C6RR6LM1FS530108,fwd,full-size,truck,grey,al
7316830464,mobile,4000,2004,ram,1500,excellent,8 cylinders,gas,250000,clean,automatic,,fwd,full-size,pickup,silver,al
7316828443,mobile,2200,2006,ford,f350,,,gas,1,clean,automatic,,,,,,al
7316822855,mobile,4500,2002,ford,svt focus,excellent,4 cylinders,gas,190500,clean,manual,,fwd,compact,hatchback,red,al
7316793650,mobile,35000,1971,,1971 CHEVELLE MALIBU SS REPLICA,,,gas,120000,clean,automatic,,,,,,al
7316755873,mobile,30590,2020,ford,ranger supercab xl pickup,good,,gas,10740,clean,other,1FTER1EHXLLA66736,,,pickup,,al
7316755879,mobile,32590,2015,mercedes-benz,gla-class gla 45,good,,gas,34811,clean,other,WDDTG5CB9FJ051220,,,other,black,al
7316755681,mobile,16990,2016,kia,forte koup ex coupe 2d,good,,gas,17631,clean,other,KNAFX6A8XG5647822,fwd,,coupe,,al
7316755540,mobile,28990,2017,bmw,4 series 440i xdrive gran,good,,gas,49355,clean,automatic,WBA4E5C56HG189275,,,coupe,,al
7316745200,mobile,5000,2003,toyota,camry,good,4 cylinders,gas,183600,clean,automatic,,,,,,al
7316711313,mobile,45995,2012,ford,e450,,,gas,125000,clean,automatic,,,,,,al
7316706076,mobile,5295,2013,kia,optima lx,good,,gas,189832,clean,automatic,5XXGM4A72DG130257,,,,,al
7316661023,mobile,8200,2011,lexus,ct 200h,excellent,,hybrid,146000,clean,automatic,,,,,,al
7316597191,mobile,7499,2011,hyundai,elantra limited,excellent,4 cylinders,gas,178000,clean,automatic,,fwd,mid-size,sedan,white,al
7316573295,mobile,2750,2000,,lexuse RX,fair,6 cylinders,gas,276000,clean,automatic,,rwd,full-size,SUV,yellow,al
7316533271,mobile,8000,1989,jeep,wrangler,good,4 cylinders,gas,161128,clean,manual,,4wd,,,red,al
7316508975,mobile,49900,2019,lexus,rx 450h,excellent,6 cylinders,hybrid,1900,clean,automatic,2T2BGMCA9KC043093,4wd,full-size,SUV,white,al
7316489857,mobile,3600,1997,jaguar,xk8,good,8 cylinders,gas,79997,clean,automatic,3GYFNGE35CS538126,fwd,,convertible,,al
7316481751,mobile,17995,2011,ford,f-350 sd,,8 cylinders,gas,222430,clean,automatic,,4wd,,,white,al
7316429285,mobile,14890,2015,ram,promaster city,like new,4 cylinders,gas,70350,clean,automatic,ZFBERFAT9F6A76965,fwd,full-size,van,red,al
7316416888,mobile,13890,2013,ford,e150 cargo van,excellent,8 cylinders,gas,179592,clean,automatic,1FTNE1EWXDDA08535,rwd,full-size,truck,white,al
7316390041,mobile,5599,2009,toyota,yaris s,excellent,4 cylinders,gas,73500,clean,automatic,,fwd,sub-compact,hatchback,blue,al
7316366577,mobile,3500,1972,buick,,fair,8 cylinders,gas,100000,clean,automatic,,rwd,full-size,coupe,custom,al
7316320265,mobile,5599,2010,toyota,camry,excellent,6 cylinders,gas,210500,clean,automatic,,fwd,full-size,sedan,silver,al
7316307965,mobile,6995,1999,chevrolet,tahoe lt,,8 cylinders,gas,163488,clean,automatic,,4wd,,,,al
7316307666,mobile,20995,2015,ford,f-150,,8 cylinders,gas,95424,clean,automatic,,rwd,,,white,al
7316230714,mobile,15890,2015,gmc,savana g2500,like new,8 cylinders,gas,181006,clean,automatic,1GTW7FCF7F1269270,rwd,full-size,van,white,al
7316218504,mobile,28900,2016,chevrolet,tahoe lt 4x4,like new,8 cylinders,gas,136589,clean,automatic,1GNSKBKC3GR469425,4wd,full-size,SUV,black,al
7316215594,mobile,19890,2017,ford,expedition xlt,like new,6 cylinders,gas,139449,clean,automatic,1FMJU1HT6HEA02486,rwd,full-size,SUV,white,al
7316213977,mobile,9980,2014,ford,escape se,excellent,4 cylinders,gas,124725,clean,automatic,1FMCU0G95EUA06622,fwd,full-size,SUV,green,al
7316212557,mobile,24989,2017,honda,accord,,4 cylinders,gas,30459,clean,automatic,,fwd,mid-size,sedan,blue,al
7316203881,mobile,0,2014,,Freightliner Cascadia,,,diesel,1000,clean,automatic,,,,,,al
7316191038,mobile,4800,2007,chevrolet,silverado,good,6 cylinders,gas,206000,clean,automatic,,rwd,full-size,truck,blue,al
7316184954,mobile,3800,2001,ford,f-150,good,6 cylinders,gas,206000,clean,automatic,,rwd,full-size,truck,white,al
7316180664,mobile,3900,2007,chevrolet,colorado,good,5 cylinders,gas,220000,clean,automatic,,rwd,mid-size,truck,white,al
7316178548,mobile,26365,2017,buick,enclave,,6 cylinders,gas,42577,clean,automatic,,fwd,full-size,SUV,silver,al
7316150584,mobile,22497,2016,lexus,es 350,,6 cylinders,gas,33524,clean,automatic,,fwd,mid-size,sedan,black,al
7316138539,mobile,29989,2018,honda,accord,,4 cylinders,gas,17942,clean,automatic,,fwd,mid-size,sedan,black,al
7316138230,mobile,23500,2014,chevrolet,silverado 2500 hd crew cab,,8 cylinders,other,12345,clean,automatic,1GC1CVEG5EF137065,,,pickup,custom,al
7316136011,mobile,25985,2018,honda,pilot,,6 cylinders,gas,71685,clean,automatic,,fwd,full-size,SUV,black,al
7316128573,mobile,30990,2013,toyota,tacoma double cab,good,6 cylinders,gas,26474,clean,other,5TFKU4HN1DX004463,,,pickup,white,al
7316128561,mobile,31990,2017,bmw,3 series 340i sedan 4d,good,,gas,19366,clean,automatic,WBA8B3G37HNU36029,rwd,,sedan,red,al
7316128517,mobile,35990,2018,ford,f150 super cab xlt pickup,good,6 cylinders,gas,22812,clean,other,1FTEX1CP0JKD89079,,,pickup,black,al
7316128412,mobile,25990,2013,toyota,tundra crewmax pickup 4d,good,8 cylinders,gas,98879,clean,other,5TFEY5F12DX137028,,,pickup,white,al
7316126082,mobile,17998,2014,infiniti,qx60,,6 cylinders,gas,87060,clean,automatic,,fwd,full-size,SUV,custom,al
7316113430,mobile,15981,2018,ford,focus,,4 cylinders,gas,11151,clean,automatic,,fwd,compact,sedan,white,al
7316099570,mobile,20917,2019,honda,civic,,4 cylinders,gas,9414,clean,automatic,,fwd,mid-size,sedan,black,al
7316098899,mobile,25378,2016,ford,f-150,,6 cylinders,gas,122702,clean,automatic,,rwd,full-size,pickup,red,al
7316098114,mobile,28978,2018,ford,explorer,,6 cylinders,gas,40616,clean,automatic,,4wd,full-size,SUV,red,al
7315792420,mobile,9499,2012,honda,odyssey ex-l,excellent,6 cylinders,gas,132000,clean,automatic,5FNRL5H63CB122166,,,mini-van,white,al
7315648883,mobile,8500,2014,dodge,charger,excellent,6 cylinders,gas,101000,clean,automatic,,rwd,mid-size,sedan,grey,al
7315516122,mobile,19000,2013,cadillac,escalade,like new,8 cylinders,gas,133012,clean,automatic,,rwd,full-size,SUV,,al
7315496167,mobile,4999,2008,chrysler,pacifica,excellent,6 cylinders,gas,166500,clean,automatic,,fwd,mid-size,SUV,blue,al
7315493679,mobile,11950,2012,chevrolet,tahoe,like new,8 cylinders,gas,210916,clean,automatic,1GNSCBE00CR208584,rwd,full-size,SUV,white,al
7315487151,mobile,5299,2005,ford,expedition,excellent,8 cylinders,gas,205500,clean,automatic,,rwd,full-size,SUV,blue,al
7315485684,mobile,10950,2004,cadillac,escalade,like new,8 cylinders,gas,76046,clean,automatic,1GYEK63N54R211362,4wd,full-size,SUV,white,al
7315473611,mobile,11500,1953,chevrolet,210 club coupe,good,other,gas,1000,clean,other,,rwd,full-size,coupe,red,al
7315401034,mobile,49900,1936,chevrolet,,excellent,8 cylinders,gas,1000,clean,automatic,,rwd,full-size,coupe,orange,al
7315382445,mobile,0,2014,cadillac,srx,excellent,6 cylinders,gas,71419,salvage,automatic,3GYFNEE37ES586444,fwd,mid-size,SUV,blue,al
7315357263,mobile,8450,2014,buick,verano convenience group,excellent,4 cylinders,gas,177554,clean,automatic,1G4PR5SK1E4134883,fwd,compact,sedan,red,al
7315342525,mobile,8890,2011,ford,ranger,excellent,4 cylinders,gas,181759,clean,automatic,1FTKR1ADXBPB00090,rwd,full-size,truck,white,al
7315337992,mobile,12590,2015,volvo,xc90 r-design,excellent,6 cylinders,gas,99391,clean,automatic,YV4982CT9A1541395,4wd,full-size,SUV,blue,al
7315327657,mobile,15890,2016,chevrolet,express,excellent,8 cylinders,gas,152745,clean,automatic,1GCWGAFFXG1225473,rwd,full-size,van,white,al
7315327010,mobile,7999,2008,bmw,5,excellent,6 cylinders,gas,131000,clean,automatic,WBANU53528CT12956,,,sedan,blue,al
7315321986,mobile,9299,2007,toyota,4runner sr5,excellent,6 cylinders,gas,157000,clean,automatic,JTEZU14R478070523,,,SUV,silver,al
7315215217,mobile,12595,2016,chrysler,200,,4 cylinders,gas,54241,clean,automatic,,fwd,mid-size,sedan,blue,al
7315193171,mobile,1000,1969,ford,mustang gt,,,gas,50000,clean,manual,,,,,,al
7315082524,mobile,17900,2014,gmc,sierra 1500 4x4,good,8 cylinders,gas,200000,clean,automatic,,4wd,full-size,truck,blue,al
7315080731,mobile,5800,2007,lexus,is 250,good,6 cylinders,gas,168000,clean,automatic,,rwd,mid-size,sedan,white,al
7315009152,mobile,14890,2015,chevrolet,express 2500 cargo van,excellent,8 cylinders,gas,167675,clean,automatic,1GCWGFCF1F1276490,rwd,full-size,van,white,al
7314976459,mobile,15000,1966,chevrolet,c10 truck,like new,6 cylinders,gas,77000,clean,manual,,rwd,full-size,truck,blue,al
7314950350,mobile,14890,2012,chevrolet,silverado 1500 ls,excellent,8 cylinders,gas,146979,clean,automatic,1GCRCREA6CZ122835,rwd,full-size,truck,black,al
7314941099,mobile,199,2017,dodge,charger,,,gas,20120,clean,automatic,,,,,,al
7314893746,mobile,5999,2012,chevrolet,equinox lt,excellent,6 cylinders,gas,158500,clean,automatic,,fwd,mid-size,SUV,black,al
7314889005,mobile,8599,2014,honda,civic lx,excellent,4 cylinders,gas,106500,clean,automatic,,fwd,mid-size,sedan,black,al
7314876841,mobile,16788,2018,toyota,corolla,,4 cylinders,gas,68374,clean,automatic,,fwd,mid-size,sedan,custom,al
7314872638,mobile,5000,1992,,1992 Camaro,good,,gas,142000,clean,manual,,,,,,al
7314868877,mobile,33989,2016,jeep,wrangler unlimited,,6 cylinders,gas,71490,clean,automatic,,4wd,mid-size,SUV,brown,al
7314848660,mobile,0,2012,toyota,rav4,excellent,4 cylinders,gas,33000,clean,automatic,,,,SUV,black,al
7314842742,mobile,0,2012,dodge,charger rt,excellent,8 cylinders,gas,75000,clean,automatic,,,full-size,,black,al
7314841968,mobile,0,2012,jeep,liberty sport,,,gas,52352,clean,automatic,,,,,,al
7314841081,mobile,275,2011,nissan,altima 2.5 s,,,gas,76443,clean,automatic,,,,,,al
7314840260,mobile,0,2014,chevrolet,malibu,excellent,,gas,42000,clean,automatic,,,,,silver,al
7314829802,mobile,0,2014,chevrolet,malibu,excellent,,gas,42000,clean,automatic,,,,,silver,al
7314827604,mobile,23395,2016,ram,2500 tradesman crew cab,excellent,8 cylinders,gas,182466,clean,automatic,3C6UR5CJXGG219604,,,pickup,,al
7314808554,mobile,27495,2018,jeep,grand cherokee,,6 cylinders,gas,70108,clean,automatic,,rwd,mid-size,SUV,black,al
7314792217,mobile,32591,2015,ford,f-150,,8 cylinders,gas,84215,clean,automatic,,rwd,full-size,pickup,white,al
7314777920,mobile,5995,2006,dodge,durango,,6 cylinders,gas,183645,clean,automatic,,rwd,mid-size,SUV,,al
7314775278,mobile,6995,2012,honda,odyssey,,6 cylinders,gas,236025,clean,automatic,,fwd,,van,black,al
7314772684,mobile,16995,2014,chrysler,300,,6 cylinders,gas,53584,clean,automatic,,4wd,full-size,sedan,black,al
7314770035,mobile,28550,2016,ram,pickup 1500,,6 cylinders,gas,61328,clean,automatic,,rwd,full-size,pickup,black,al
7314769426,mobile,24490,2019,ford,flex,,6 cylinders,gas,59342,clean,automatic,,fwd,full-size,wagon,grey,al
7314767634,mobile,12980,2016,jeep,patriot,,4 cylinders,gas,72719,clean,automatic,,4wd,compact,SUV,grey,al
7314765250,mobile,32595,2017,toyota,tacoma,,6 cylinders,gas,69355,clean,automatic,,4wd,compact,pickup,white,al
7314762321,mobile,27990,2018,chrysler,pacifica,,6 cylinders,gas,28576,clean,automatic,,fwd,,van,silver,al
7314760598,mobile,27995,2018,dodge,durango,,6 cylinders,gas,70767,clean,automatic,,rwd,mid-size,SUV,silver,al
7314758367,mobile,34995,2018,toyota,highlander,,6 cylinders,gas,22025,clean,automatic,,4wd,mid-size,SUV,silver,al
7314756181,mobile,25995,2018,ford,mustang,,4 cylinders,gas,40156,clean,automatic,,rwd,sub-compact,convertible,white,al
7314755957,mobile,23606,2018,honda,civic,,4 cylinders,gas,30305,clean,manual,,fwd,compact,coupe,custom,al
7314753947,mobile,25395,2018,subaru,outback,,4 cylinders,gas,28591,clean,automatic,,4wd,mid-size,wagon,white,al
7314752511,mobile,14900,2015,honda,cr-v,,4 cylinders,gas,110027,clean,automatic,,fwd,mid-size,SUV,red,al
7314751869,mobile,23995,2018,jeep,compass,,4 cylinders,gas,28332,clean,automatic,,fwd,compact,SUV,black,al
7314749739,mobile,32570,2018,jeep,grand cherokee,,6 cylinders,gas,40794,clean,automatic,,4wd,mid-size,SUV,white,al
7314738767,mobile,19478,2019,ford,fusion,,4 cylinders,gas,35255,clean,automatic,,4wd,mid-size,sedan,silver,al
7314734384,mobile,28490,2018,ford,f-150,,8 cylinders,gas,73373,clean,automatic,,rwd,full-size,pickup,black,al
7314734164,mobile,28590,2017,chevrolet,silverado 1500 regular,good,6 cylinders,gas,102,clean,other,1GCNCNEH7HZ206660,,,pickup,red,al
7314734133,mobile,39590,2017,chevrolet,camaro ss coupe 2d,good,8 cylinders,gas,10496,clean,other,1G1FE1R71H0109878,rwd,,coupe,white,al
7314734113,mobile,39990,2019,nissan,370z nismo coupe 2d,good,6 cylinders,gas,8373,clean,other,JN1AZ4EH8KM420880,rwd,,coupe,white,al
7314734116,mobile,31590,2017,jeep,wrangler unlimited sport,good,6 cylinders,gas,30577,clean,other,1C4BJWDG6HL695711,4wd,,other,,al
7314727666,mobile,9900,2009,cadillac,cts,,6 cylinders,gas,80748,clean,automatic,,rwd,mid-size,sedan,silver,al
7314717771,mobile,13951,2010,ram,pickup 1500,,8 cylinders,gas,100673,clean,automatic,,rwd,full-size,pickup,red,al
7314717158,mobile,25598,2017,lexus,is 200t,,4 cylinders,gas,29403,clean,automatic,,rwd,compact,sedan,black,al
7314708785,mobile,31989,2016,jeep,wrangler unlimited,,6 cylinders,gas,67119,clean,automatic,,4wd,mid-size,SUV,brown,al
7314682409,mobile,3800,2000,toyota,echo,good,4 cylinders,gas,140000,clean,automatic,,,,,,al
7314652214,mobile,25990,2019,ram,1500 classic regular cab,good,8 cylinders,gas,12302,clean,other,3C6JR6DT3KG560649,,,pickup,white,al
7314652261,mobile,39590,2020,ford,mustang gt coupe 2d,good,8 cylinders,gas,728,clean,other,1FA6P8CF3L5183234,rwd,,coupe,blue,al
7314652219,mobile,38590,2011,chevrolet,corvette grand sport,good,8 cylinders,gas,30237,clean,other,1G1YR3DW3B5102190,rwd,,other,red,al
7314652184,mobile,29990,2019,mazda,mx-5 miata grand touring,good,,gas,5247,clean,other,JM1NDAD77K0311175,rwd,,other,,al
7314626522,mobile,8500,2014,hyundai,veloster,good,4 cylinders,gas,88000,clean,automatic,,,,,,al
7314552121,mobile,14980,2016,nissan,nv1500 cargo van,excellent,6 cylinders,gas,185193,clean,automatic,1N6BF0KM5GN804795,rwd,full-size,van,white,al
7314547633,mobile,0,2012,dodge,charger rt,excellent,8 cylinders,gas,75000,clean,automatic,,,full-size,,black,al
7314546992,mobile,0,2012,jeep,liberty sport,,,gas,52352,clean,automatic,,,,,,al
7314546437,mobile,275,2011,nissan,altima 2.5 s,,,gas,76443,clean,automatic,,,,,,al
7314545919,mobile,0,2014,chevrolet,malibu,excellent,,gas,42000,clean,automatic,,,,,silver,al
7314545040,mobile,14590,2016,ford,transit connect xlt,like new,4 cylinders,gas,125929,clean,automatic,NM0GS9F79G1283243,fwd,full-size,van,white,al
7314544412,mobile,11995,2013,chevrolet,equinox ltz,excellent,4 cylinders,gas,89010,clean,automatic,2GNALFEK7D1134367,fwd,,,grey,al
7314519043,mobile,9900,2012,mini,cooper countryman s,excellent,4 cylinders,gas,108301,clean,automatic,WMWZC3C59CWL84771,fwd,mid-size,hatchback,green,al
7314515321,mobile,10900,2012,mini,cooper hardtop s,excellent,4 cylinders,gas,92000,clean,automatic,WMWSV3C54CT387140,fwd,mid-size,hatchback,custom,al
7314507376,mobile,24880,2012,ford,f250 super duty,excellent,8 cylinders,diesel,252298,clean,automatic,1FT7W2BTXCEB60054,4wd,full-size,truck,brown,al
7314473138,mobile,6500,2004,gmc,commercial van g3 ms,,,gas,252856,clean,automatic,,,,,,al
7314445772,mobile,9995,2010,honda,odyssey,excellent,6 cylinders,gas,160964,clean,automatic,5FNRL3H71AB043413,fwd,,mini-van,blue,al
7314445602,mobile,17695,2017,ford,fusion,excellent,4 cylinders,hybrid,33896,clean,automatic,3FA6P0RU6HR304267,fwd,mid-size,sedan,grey,al
7314380200,mobile,24788,2016,gmc,canyon,,6 cylinders,gas,64441,clean,automatic,,rwd,compact,pickup,grey,al
7314371759,mobile,18500,2016,cadillac,srx,like new,6 cylinders,gas,44000,lien,automatic,,rwd,mid-size,SUV,red,al
7314313030,mobile,0,2014,,Freightliner Cascadia,,,diesel,1000,clean,automatic,,,,,,al
7314303951,mobile,34985,2018,audi,q5,,4 cylinders,gas,51256,clean,automatic,,4wd,mid-size,SUV,grey,al
7314295876,mobile,31978,2019,ford,f-150,,6 cylinders,gas,101256,clean,automatic,,4wd,full-size,pickup,white,al
7314295659,mobile,20995,2015,ford,f-150,,8 cylinders,gas,98851,clean,automatic,,rwd,,,white,al
7314291177,mobile,19978,2015,ram,pickup 1500,,8 cylinders,gas,112594,clean,automatic,,rwd,full-size,pickup,custom,al
7314281194,mobile,24989,2019,honda,hr-v,,4 cylinders,gas,3435,clean,automatic,,fwd,compact,wagon,grey,al
7314274520,mobile,13788,2014,ford,mustang,,6 cylinders,gas,87179,clean,automatic,,rwd,sub-compact,coupe,black,al
7314272615,mobile,20970,2014,ford,f-150,,8 cylinders,gas,119239,clean,automatic,,4wd,full-size,pickup,black,al
7314255717,mobile,21690,2016,mercedes-benz,c-class,,4 cylinders,gas,53511,clean,automatic,,rwd,compact,sedan,black,al
7314240306,mobile,22249,2018,toyota,rav4,,4 cylinders,gas,39919,clean,automatic,,fwd,mid-size,SUV,silver,al
7314239845,mobile,18985,2016,buick,enclave,,6 cylinders,gas,107813,clean,automatic,,fwd,full-size,SUV,white,al
7314236177,mobile,13555,2018,chevrolet,equinox,,4 cylinders,gas,94360,clean,automatic,,4wd,mid-size,SUV,custom,al
7314228620,mobile,33490,2017,chevrolet,suburban,,8 cylinders,gas,106113,clean,automatic,,4wd,full-size,SUV,silver,al
7314227580,mobile,20985,2016,ford,explorer,,6 cylinders,gas,116875,clean,automatic,,4wd,full-size,SUV,red,al
7314175698,mobile,34500,2019,toyota,highlander,excellent,6 cylinders,gas,37800,clean,automatic,,fwd,full-size,SUV,silver,al
7314169281,mobile,9000,2004,chevrolet,silverado 2500,good,8 cylinders,gas,157000,clean,automatic,,rwd,full-size,truck,red,al
7314062263,mobile,8950,2008,infiniti,ex35 journey,excellent,6 cylinders,gas,159294,clean,automatic,JNKAJ09E78M305207,fwd,mid-size,SUV,custom,al
7314051022,mobile,8950,2014,nissan,altima 2.5 4dr.,excellent,4 cylinders,gas,121984,clean,automatic,1N4AL3AP6EN221725,fwd,mid-size,sedan,red,al
7314037381,mobile,5950,2004,honda,cr-v,excellent,6 cylinders,gas,209166,clean,automatic,SHSRD78824U223901,fwd,mid-size,SUV,red,al
7314018384,mobile,4950,1997,chevrolet,astro 1997,excellent,6 cylinders,gas,114268,clean,automatic,1GNDM19W1VB180353,fwd,mid-size,van,red,al
7314002036,mobile,8950,2009,infiniti,g37 sedan,like new,6 cylinders,gas,140589,clean,automatic,JNKCV61F29M052299,fwd,mid-size,sedan,blue,al
7313989574,mobile,750,2002,chevrolet,astro van,fair,6 cylinders,gas,130000,clean,automatic,,rwd,compact,mini-van,,al
7313900699,mobile,9950,2014,nissan,altima 2014,excellent,4 cylinders,gas,121984,clean,automatic,1N4AL3AP6EN221725,fwd,mid-size,sedan,red,al
7313900145,mobile,6499,2006,lexus,rx 300,like new,6 cylinders,gas,190000,clean,automatic,,rwd,mid-size,SUV,black,al
7313891632,mobile,32478,2016,jeep,wrangler unlimited,,6 cylinders,gas,61856,clean,manual,,4wd,mid-size,SUV,black,al
7313860083,mobile,0,2012,dodge,charger rt,excellent,8 cylinders,gas,75000,clean,automatic,,,full-size,,black,al
7313859470,mobile,0,2012,jeep,liberty sport,,,gas,52352,clean,automatic,,,,,,al
7313858873,mobile,275,2011,nissan,altima 2.5 s,,,gas,76443,clean,automatic,,,,,,al
7313857464,mobile,0,2014,chevrolet,malibu,excellent,,gas,42000,clean,automatic,,,,,silver,al
7313851353,mobile,16788,2016,dodge,journey,,4 cylinders,gas,67613,clean,automatic,,fwd,mid-size,SUV,black,al
7313828138,mobile,18499,2018,nissan,altima,,4 cylinders,gas,57053,clean,automatic,,fwd,mid-size,sedan,custom,al
7313825749,mobile,21900,2012,gmc,sierra 1500,good,8 cylinders,gas,118000,clean,automatic,,4wd,full-size,pickup,white,al
7313824551,mobile,34895,2019,ram,pickup 1500 classic,,8 cylinders,gas,62339,clean,automatic,,4wd,full-size,pickup,white,al
7313812538,mobile,21551,2015,honda,cr-v,,4 cylinders,gas,58147,clean,automatic,,4wd,mid-size,SUV,black,al
7313790696,mobile,15999,2018,toyota,prius,,4 cylinders,hybrid,104494,clean,automatic,,fwd,mid-size,hatchback,blue,al
7313784917,mobile,20978,2018,toyota,camry,,4 cylinders,gas,55935,clean,automatic,,fwd,mid-size,sedan,black,al
7313783102,mobile,12991,2010,honda,cr-v,,4 cylinders,gas,79135,clean,automatic,,fwd,mid-size,SUV,black,al
7313777442,mobile,22978,2019,jeep,compass,,4 cylinders,gas,19383,clean,automatic,,4wd,compact,SUV,grey,al
7313760123,mobile,4500,1997,gmc,sierra,good,6 cylinders,gas,0,clean,automatic,,rwd,mid-size,truck,blue,al
7313758795,mobile,10788,2014,chevrolet,malibu,,4 cylinders,gas,103589,clean,automatic,,fwd,mid-size,sedan,custom,al
7313743967,mobile,13788,2017,hyundai,elantra,,4 cylinders,gas,94901,clean,automatic,,fwd,mid-size,sedan,black,al
7313742406,mobile,11998,2012,ford,mustang,,6 cylinders,gas,88880,clean,automatic,,rwd,sub-compact,convertible,white,al
7313735718,mobile,19999,2016,bmw,2 series,,4 cylinders,gas,50208,clean,automatic,,rwd,compact,coupe,black,al
7313733530,mobile,18995,2019,toyota,camry,,4 cylinders,gas,71223,clean,automatic,,fwd,mid-size,sedan,blue,al
7313732477,mobile,17278,2016,ford,f-150,,6 cylinders,gas,96809,clean,automatic,,rwd,full-size,pickup,custom,al
7313730553,mobile,28690,2015,lexus,rc 350,,6 cylinders,gas,41913,clean,automatic,,4wd,sub-compact,coupe,white,al
7313728698,mobile,25998,2017,cadillac,xt5,,6 cylinders,gas,80821,clean,automatic,,4wd,mid-size,SUV,blue,al
7313725539,mobile,15599,2015,toyota,avalon,,6 cylinders,gas,80551,clean,automatic,,fwd,mid-size,sedan,blue,al
7313711711,mobile,14950,2016,toyota,sienna le,excellent,6 cylinders,gas,118000,clean,automatic,5TDKK3DC6GS691972,fwd,full-size,van,custom,al
7313709277,mobile,8000,2005,mercedes-benz,benz clk 350,excellent,8 cylinders,gas,119000,clean,automatic,WDBWK56F65F029194,fwd,sub-compact,convertible,custom,al
7313663669,mobile,8950,2005,audi,tt1.8t convertible,like new,6 cylinders,gas,70000,clean,automatic,,rwd,full-size,convertible,silver,al
7313657964,mobile,4000,2005,honda,pilot,fair,6 cylinders,gas,215290,clean,automatic,5FNYF184X5B015502,4wd,full-size,SUV,grey,al
7313651304,mobile,0,2014,,Freightliner Cascadia,,,diesel,1000,clean,automatic,,,,,,al
7313569229,mobile,9950,2014,ford,flex se,excellent,6 cylinders,gas,145635,clean,automatic,2FMGK5B84EBD24501,fwd,mid-size,mini-van,white,al
7313531557,mobile,6095,2007,lexus,rx 350,good,6 cylinders,gas,221000,clean,automatic,,fwd,mid-size,SUV,silver,al
7313516095,mobile,11480,2017,hyundai,elantra,excellent,4 cylinders,gas,65955,clean,automatic,5NPD74LF0HH166988,fwd,compact,sedan,silver,al
7313485058,mobile,23000,2009,bmw,750il,excellent,8 cylinders,gas,80000,clean,automatic,,rwd,full-size,sedan,silver,al
7313481120,mobile,23480,2014,gmc,sierra 1500,excellent,8 cylinders,gas,163665,clean,automatic,1GTV2VEC5EZ206868,4wd,full-size,truck,black,al
7313455897,mobile,9500,2016,kia,soul,excellent,4 cylinders,gas,132000,clean,automatic,,,,,,al
7313451833,mobile,0,2014,chevrolet,malibu,excellent,,gas,42000,clean,automatic,,,,,silver,al
7313450880,mobile,0,2012,dodge,charger rt,excellent,8 cylinders,gas,75000,clean,automatic,,,full-size,,black,al
7313450093,mobile,0,2012,dodge,charger rt,excellent,8 cylinders,gas,75000,clean,automatic,,,full-size,,black,al
7313449386,mobile,0,2012,jeep,liberty sport,,,gas,52352,clean,automatic,,,,,,al
7313447961,mobile,275,2011,nissan,altima 2.5 s,,,gas,76443,clean,automatic,,,,,,al
7313446127,mobile,0,2014,chevrolet,malibu,excellent,,gas,42000,clean,automatic,,,,,silver,al
7313443240,mobile,9800,2013,chevrolet,equinox,excellent,4 cylinders,gas,125000,clean,automatic,,4wd,mid-size,SUV,custom,al
7313433047,mobile,10950,2004,cadillac,escalade,excellent,8 cylinders,gas,76046,clean,automatic,1GYEK63N54R211362,4wd,full-size,SUV,white,al
7313420747,mobile,8500,2008,gmc,sierra,excellent,8 cylinders,gas,250000,clean,automatic,,rwd,full-size,pickup,white,al
7313364139,mobile,6900,2009,volkswagen,beetle convertible,excellent,5 cylinders,gas,89000,clean,automatic,3VWSF31Y69M412685,fwd,mid-size,convertible,silver,al
7313353681,mobile,39500,2015,ford,f350 super duty kingranch,like new,,diesel,265835,clean,automatic,,4wd,full-size,truck,black,al
7313353135,mobile,7800,2006,chevrolet,tahoe z71,good,8 cylinders,gas,200000,clean,automatic,,rwd,full-size,SUV,silver,al
7313326590,mobile,11995,2011,ford,f-150,,8 cylinders,gas,196631,clean,automatic,,4wd,,,white,al
7313264949,mobile,3500,2009,hyundai,sonata,good,4 cylinders,gas,213159,clean,automatic,,fwd,compact,sedan,black,al
7313210765,mobile,19900,2019,hyundai,sonata,good,4 cylinders,gas,21872,clean,automatic,5NPE34AF0KH789800,fwd,,sedan,white,al
7313210718,mobile,16900,2015,kia,optima,good,4 cylinders,gas,82999,clean,automatic,5XXGR4A65FG391393,fwd,,sedan,white,al
7313210707,mobile,19900,2011,cadillac,escalade,good,8 cylinders,gas,133257,clean,automatic,1GYS3DEF8BR175139,rwd,full-size,SUV,white,al
7313210706,mobile,18900,2019,nissan,altima,good,4 cylinders,gas,47421,clean,automatic,1N4BL4EV0KC188117,fwd,,sedan,grey,al
7313189383,mobile,15800,2015,nissan,maxima,excellent,6 cylinders,gas,69000,rebuilt,automatic,,,,,grey,al
7313101867,mobile,35900,2015,jeep,wrangler unlimited,good,6 cylinders,gas,55475,clean,automatic,,4wd,,SUV,silver,al
7313079950,mobile,12000,1972,,1972 cutlass supreme,good,,gas,79000,clean,automatic,,,,,,al
7313034050,mobile,10880,2017,ford,focus,excellent,3 cylinders,gas,68004,clean,automatic,1FADP3FE2HL317263,fwd,compact,sedan,silver,al
7313031924,mobile,4500,2002,ford,svt focus,excellent,4 cylinders,gas,190500,clean,manual,,fwd,compact,hatchback,red,al
7313018865,mobile,8950,2009,infiniti,ex35,excellent,6 cylinders,gas,159294,clean,automatic,JNKAJ09E78M305207,fwd,full-size,SUV,blue,al
7313005345,mobile,9600,2005,toyota,tundra,good,8 cylinders,gas,217000,clean,automatic,,rwd,mid-size,pickup,white,al
7312890447,mobile,5250,2010,chevrolet,hhr,good,4 cylinders,gas,123000,clean,automatic,,fwd,,,black,al
7312879486,mobile,8500,2006,gmc,sierra,,,gas,300000,clean,automatic,,,,,,al
7312834086,mobile,22788,2019,toyota,camry,,4 cylinders,gas,53496,clean,automatic,,fwd,mid-size,sedan,white,al
7312806796,mobile,0,2014,chevrolet,malibu,excellent,,gas,42000,clean,automatic,,,,,silver,al
7312805883,mobile,0,2012,dodge,charger rt,excellent,8 cylinders,gas,75000,clean,automatic,,,full-size,,black,al
7312805072,mobile,0,2012,jeep,liberty sport,,,gas,52352,clean,automatic,,,,,,al
7312804034,mobile,275,2011,nissan,altima 2.5 s,,,gas,76443,clean,automatic,,,,,,al
7312800110,mobile,0,2014,chevrolet,malibu,excellent,,gas,42000,clean,automatic,,,,,silver,al
7312698347,mobile,31690,2016,ford,f-150,,6 cylinders,gas,86296,clean,automatic,,4wd,full-size,pickup,silver,al
7312304877,mobile,5000,2000,cadillac,deville,excellent,8 cylinders,gas,84000,clean,automatic,,fwd,,,brown,al
7312264786,mobile,16500,1974,porsche,914 2.0,,,gas,18000,clean,manual,,rwd,,,,al
7312240185,mobile,25900,2020,honda,accord,like new,4 cylinders,gas,18800,clean,automatic,,fwd,,sedan,grey,al
7312143165,mobile,15000,2013,acura,tl,excellent,6 cylinders,gas,80000,clean,manual,,,full-size,sedan,white,al
7312123758,mobile,33500,2020,chevrolet,express 2500,new,,gas,3200,clean,automatic,,,,,white,al
7312067512,mobile,8490,2011,honda,civic,good,4 cylinders,gas,155142,clean,manual,2HGFA5E5XBH702609,fwd,,sedan,black,al
7312023774,mobile,15299,2017,toyota,camry se,excellent,4 cylinders,gas,60000,clean,automatic,,fwd,full-size,sedan,white,al
7311998669,mobile,19900,2002,,maserati spyder,excellent,8 cylinders,gas,42000,clean,other,ZAMBB18A720006592,rwd,mid-size,convertible,red,al
7311928032,mobile,0,2014,chevrolet,malibu,excellent,,gas,42000,clean,automatic,,,,,silver,al
7311927239,mobile,0,2012,dodge,charger rt,excellent,8 cylinders,gas,75000,clean,automatic,,,full-size,,black,al
7311926646,mobile,0,2012,jeep,liberty sport,,,gas,52352,clean,automatic,,,,,,al
7311926035,mobile,275,2011,nissan,altima 2.5 s,,,gas,76443,clean,automatic,,,,,,al
7311925411,mobile,0,2014,chevrolet,malibu,excellent,,gas,42000,clean,automatic,,,,,silver,al
7311902532,mobile,26000,1999,ford,f350,good,8 cylinders,diesel,120000,clean,automatic,,rwd,full-size,pickup,white,al
7311896048,mobile,31788,2015,ford,f-150,,8 cylinders,gas,78041,clean,automatic,,rwd,full-size,pickup,black,al
7311871653,mobile,22788,2019,honda,accord,,4 cylinders,gas,36657,clean,automatic,,fwd,mid-size,sedan,white,al
7311864933,mobile,30998,2015,ford,f-150,,8 cylinders,gas,123624,clean,automatic,,4wd,full-size,pickup,black,al
7311861879,mobile,27990,2018,chrysler,pacifica,,6 cylinders,gas,28576,clean,automatic,,fwd,,van,silver,al
7311854802,mobile,9900,2011,bmw,5 series 535i,good,6 cylinders,gas,123789,clean,automatic,,rwd,full-size,sedan,white,al
7311830632,mobile,26959,2019,dodge,charger,,6 cylinders,gas,40695,clean,automatic,,rwd,full-size,sedan,grey,al
7311797531,mobile,9995,2016,nissan,sentra,,4 cylinders,gas,96471,clean,automatic,,fwd,mid-size,sedan,blue,al
7311778685,mobile,7788,2006,toyota,sequoia,,8 cylinders,gas,227990,clean,automatic,,rwd,full-size,SUV,custom,al
7311763065,mobile,16995,2014,chrysler,300,,6 cylinders,gas,53584,clean,automatic,,4wd,full-size,sedan,black,al
7311762317,mobile,27995,2018,dodge,durango,,6 cylinders,gas,70767,clean,automatic,,rwd,mid-size,SUV,silver,al
7311716083,mobile,6499,2000,toyota,4runner,good,6 cylinders,gas,236552,clean,automatic,,rwd,,,black,al
7311614976,mobile,15950,2011,toyota,4runner sr5,,6 cylinders,gas,195416,clean,automatic,,rwd,mid-size,SUV,white,al
7311561777,mobile,15950,2013,ford,f-150 xlt 4x2 4dr supercrew,excellent,6 cylinders,gas,159796,clean,automatic,1FTFW1CTODKF24375,rwd,full-size,truck,white,al
7311537185,mobile,12000,2011,chevrolet,tahoe,good,8 cylinders,gas,200000,clean,automatic,,,full-size,SUV,brown,al
7311532113,mobile,0,2014,chevrolet,malibu,excellent,,gas,42000,clean,automatic,,,,,silver,al
7311531607,mobile,0,2012,dodge,charger rt,excellent,8 cylinders,gas,75000,clean,automatic,,,full-size,,black,al
7311531065,mobile,0,2012,jeep,liberty sport,,,gas,52352,clean,automatic,,,,,,al
7311530369,mobile,275,2011,nissan,altima 2.5 s,,,gas,76443,clean,automatic,,,,,,al
7311529806,mobile,0,2014,chevrolet,malibu,excellent,,gas,42000,clean,automatic,,,,,silver,al
7311517461,mobile,11950,2014,honda,odyssey,excellent,6 cylinders,gas,141834,clean,automatic,5FNRL5H29EB011170,fwd,full-size,van,grey,al
7311491114,mobile,199,2017,dodge,charger,,,gas,20120,clean,automatic,,,,,,al
7311443229,mobile,0,2014,,Freightliner Cascadia,,,diesel,1000,clean,automatic,,,,,,al
7311406627,mobile,29875,2016,gmc,canyon,,4 cylinders,diesel,64745,clean,automatic,,4wd,compact,pickup,white,al
7311377685,mobile,31820,2015,ford,mustang,,8 cylinders,gas,44750,clean,automatic,,rwd,sub-compact,coupe,grey,al
7311345304,mobile,10800,2016,volkswagen,jetta,excellent,4 cylinders,gas,100000,clean,automatic,,,,,,al
7311343674,mobile,9860,2011,honda,cr-v,,4 cylinders,gas,127858,clean,automatic,,4wd,mid-size,SUV,grey,al
7311326100,mobile,28550,2016,ram,pickup 1500,,6 cylinders,gas,61328,clean,automatic,,rwd,full-size,pickup,black,al
7311254063,mobile,6995,2012,honda,odyssey,,6 cylinders,gas,236025,clean,automatic,,fwd,,van,black,al
7311252464,mobile,27697,2018,ford,explorer,,6 cylinders,gas,46640,clean,automatic,,fwd,full-size,SUV,grey,al
7311250616,mobile,28788,2017,ford,explorer,,6 cylinders,gas,37850,clean,automatic,,fwd,full-size,SUV,custom,al
7311248104,mobile,32992,2018,honda,pilot,,6 cylinders,gas,37139,clean,automatic,,4wd,full-size,SUV,silver,al
7311247307,mobile,13551,2014,bmw,3 series,,4 cylinders,gas,94133,clean,automatic,,rwd,mid-size,sedan,white,al
7311138279,mobile,10995,1926,,1926 nash,,,gas,20,clean,manual,,,,,,al
7311060862,mobile,2000,2005,mercury,montego,like new,6 cylinders,gas,55000,clean,automatic,,fwd,full-size,,brown,al
7311010993,mobile,0,2014,chevrolet,malibu,excellent,,gas,42000,clean,automatic,,,,,silver,al
7311008184,mobile,0,2012,dodge,charger rt,excellent,8 cylinders,gas,75000,clean,automatic,,,full-size,,black,al
7311007493,mobile,0,2012,jeep,liberty sport,,,gas,52352,clean,automatic,,,,,,al
7311006902,mobile,275,2011,nissan,altima 2.5 s,,,gas,76443,clean,automatic,,,,,,al
7311006044,mobile,0,2012,toyota,rav4,excellent,4 cylinders,gas,33000,clean,automatic,,,,SUV,black,al
7310947725,mobile,10500,2011,ford,expedition,excellent,,gas,150000,clean,automatic,,,,,,al
7310894856,mobile,15900,2011,mercedes-benz,benz glk 350,excellent,6 cylinders,gas,63000,clean,automatic,WDCGG5GB6BF531065,rwd,mid-size,SUV,white,al
7310869256,mobile,22989,2016,bmw,x1,,4 cylinders,gas,34532,clean,automatic,,4wd,compact,SUV,black,al
7310862619,mobile,14995,2016,hyundai,sonata,,4 cylinders,gas,71733,clean,automatic,,fwd,full-size,sedan,custom,al
7310858978,mobile,9788,2009,acura,mdx,,6 cylinders,gas,147547,clean,automatic,,4wd,mid-size,SUV,grey,al
7310844589,mobile,12495,2014,ford,f-150,,8 cylinders,gas,167982,clean,automatic,,rwd,,,white,al
7310832197,mobile,19978,2013,chevrolet,silverado 2500hd,,8 cylinders,gas,176765,clean,automatic,,rwd,full-size,pickup,white,al
7310785713,mobile,13998,2012,honda,cr-v,,4 cylinders,gas,96602,clean,automatic,,4wd,mid-size,SUV,silver,al
7310783777,mobile,9997,2009,honda,civic,,4 cylinders,gas,72253,clean,automatic,,fwd,compact,sedan,grey,al
7310780432,mobile,5995,2006,dodge,durango,,6 cylinders,gas,183645,clean,automatic,,rwd,mid-size,SUV,,al
7310739899,mobile,34995,2018,toyota,highlander,,6 cylinders,gas,22025,clean,automatic,,4wd,mid-size,SUV,silver,al
7310694479,mobile,59000,2018,ford,f-150 raptor,excellent,6 cylinders,gas,79000,clean,automatic,,4wd,full-size,truck,grey,al
7310601422,mobile,0,2014,,Freightliner Cascadia,,,diesel,1000,clean,automatic,,,,,,al
7310597679,mobile,2999,2007,saturn,ion,good,4 cylinders,gas,202500,clean,automatic,,fwd,mid-size,sedan,blue,al
7310575978,mobile,8500,2005,dodge,grand caravan,good,6 cylinders,gas,118160,clean,automatic,,,,mini-van,white,al
7310522241,mobile,4299,2004,ford,econoline cargo van,good,8 cylinders,gas,213500,clean,automatic,,rwd,full-size,van,blue,al
7310508042,mobile,4299,2005,honda,accord,good,4 cylinders,gas,206500,clean,automatic,,fwd,mid-size,sedan,grey,al
7310465657,mobile,199,2017,dodge,charger,,,gas,20120,clean,automatic,,,,,,al
7310378676,mobile,2500,2000,dodge,grand caravan,good,,gas,131000,clean,automatic,,,,mini-van,white,al
7310374223,mobile,19995,2015,ford,f-150,,8 cylinders,gas,117495,clean,automatic,,rwd,,,white,al
7310372436,mobile,12488,2016,chevrolet,malibu limited,,4 cylinders,gas,95307,clean,automatic,,fwd,mid-size,sedan,silver,al
7310328944,mobile,15000,2015,dodge,charger,like new,6 cylinders,gas,93000,clean,automatic,,rwd,mid-size,sedan,silver,al
7310328560,mobile,17788,2013,chevrolet,silverado 2500hd,,8 cylinders,gas,208814,clean,automatic,,rwd,full-size,pickup,white,al
7310294239,mobile,14691,2013,honda,cr-v,,4 cylinders,gas,77228,clean,automatic,,4wd,mid-size,SUV,custom,al
7310284182,mobile,5500,2005,mercedes-benz,benz s430,like new,8 cylinders,gas,79350,clean,automatic,,rwd,full-size,sedan,silver,al
7310271566,mobile,12788,2013,ford,transit connect,,4 cylinders,gas,76980,clean,automatic,,fwd,,van,custom,al
7310233829,mobile,32595,2017,toyota,tacoma,,6 cylinders,gas,69355,clean,automatic,,4wd,compact,pickup,white,al
7310223323,mobile,27295,2014,chevrolet,silverado 1500,,8 cylinders,gas,129649,clean,automatic,,4wd,full-size,pickup,black,al
7310220279,mobile,32995,2017,toyota,tundra,,8 cylinders,gas,158529,clean,automatic,,4wd,full-size,pickup,custom,al
7310115422,mobile,23995,2013,ford,f-150,good,6 cylinders,gas,139863,clean,automatic,1FTFW1CTXDFA26970,rwd,full-size,truck,green,al
7310115394,mobile,36995,2015,chevrolet,tahoe,good,8 cylinders,gas,97917,clean,automatic,1GNSCCKC5FR134619,rwd,full-size,SUV,black,al
7310115355,mobile,16995,2018,hyundai,elantra,good,4 cylinders,gas,53427,clean,automatic,5NPD84LF6JH275913,rwd,,sedan,white,al
7310115335,mobile,35995,2017,chevrolet,silverado 1500,good,8 cylinders,gas,69815,clean,automatic,3GCPCREC3HG357306,rwd,full-size,truck,white,al
7310069433,mobile,5950,2006,toyota,camry xle,like new,4 cylinders,gas,119817,clean,automatic,,fwd,mid-size,sedan,grey,al
7309876189,mobile,23895,2016,ford,f-150 xlt supercrew,excellent,,gas,148832,clean,automatic,1FTEW1C8XGFD00793,,,truck,,al
7309861076,mobile,17495,2015,ford,f-150,,6 cylinders,gas,94315,clean,automatic,,rwd,,,white,al
7309796998,mobile,20995,2011,rover,sport,excellent,8 cylinders,gas,79015,clean,automatic,SALSH2E45BA292873,4wd,full-size,SUV,silver,al
7309796523,mobile,16995,2011,rover,lr4 hse,excellent,8 cylinders,gas,100929,clean,automatic,SALAG2D46BA567408,4wd,full-size,SUV,grey,al
7309795753,mobile,7995,2015,,smart fortwo pure,excellent,3 cylinders,gas,22250,clean,automatic,WMEEJ3BA7FK789143,rwd,compact,coupe,black,al
7309795051,mobile,8995,2010,nissan,xterra,excellent,6 cylinders,gas,107678,clean,automatic,5N1AN0NU2AC501713,fwd,mid-size,SUV,black,al
7309782104,mobile,8450,2014,buick,verano convenience group,excellent,4 cylinders,gas,177554,clean,automatic,1G4PR5SK1E4134883,fwd,compact,sedan,red,al
7309780601,mobile,7950,2010,honda,odyssey,excellent,6 cylinders,gas,138896,clean,automatic,5FNRL3H20AB005126,fwd,full-size,mini-van,blue,al
7309778023,mobile,7950,2008,chevrolet,impala lt,excellent,6 cylinders,gas,84162,clean,automatic,2G1WC583281342166,fwd,full-size,sedan,brown,al
7309530144,mobile,18995,2015,ford,f-250 sd,,8 cylinders,gas,178397,clean,automatic,,rwd,,,white,al
7309525675,mobile,5995,2003,ford,f-150,,8 cylinders,gas,228110,clean,automatic,,rwd,,,red,al
7309511596,mobile,7995,2011,chevrolet,impala,,6 cylinders,gas,114456,clean,automatic,,fwd,,,silver,al
7309506813,mobile,5500,2013,hyundai,sonata hybrid,,,hybrid,180897,clean,automatic,,,,,,al
7309504551,mobile,3500,2005,honda,crv,good,4 cylinders,gas,300000,clean,automatic,,fwd,,SUV,black,al
7309492859,mobile,0,1992,toyota,land cruiser prado,excellent,4 cylinders,diesel,160000,clean,automatic,,4wd,full-size,SUV,black,al
7309443490,mobile,0,2014,,Freightliner Cascadia,,,diesel,1000,clean,automatic,,,,,,al
7309375301,mobile,17850,1992,chevrolet,corvette,like new,8 cylinders,gas,16003,clean,manual,,rwd,mid-size,coupe,red,al
7309374352,mobile,15995,1994,chevrolet,corvette,like new,8 cylinders,gas,34160,clean,automatic,,rwd,mid-size,convertible,blue,al
7309372957,mobile,9495,1968,chevrolet,corvette coupe,fair,8 cylinders,gas,80000,clean,manual,,rwd,mid-size,coupe,blue,al
7309369963,mobile,15995,1992,chevrolet,corvette coupe,like new,8 cylinders,gas,36350,clean,automatic,,rwd,mid-size,coupe,green,al
7309366457,mobile,18995,1992,chevrolet,corvette coupe,like new,8 cylinders,gas,17240,clean,automatic,,rwd,mid-size,coupe,red,al
7309351893,mobile,2500,2000,ford,,,,gas,240000,clean,automatic,,,,,,al
7309314557,mobile,7500,2008,cadillac,escalade,,,gas,198253,clean,automatic,,,,,,al
7309285756,mobile,4650,2005,,VOLKSWAGON JETTA,,,gas,233608,clean,manual,,,,,,al
7309271831,mobile,14888,2005,toyota,tacoma,excellent,6 cylinders,gas,147040,clean,automatic,5TEJU62N15Z096068,rwd,mid-size,truck,white,al
7309267660,mobile,25777,2017,lexus,es350,like new,6 cylinders,gas,71525,clean,automatic,58ABK1GG5HU071991,fwd,mid-size,sedan,grey,al
7309248349,mobile,19565,2018,honda,civic lx,like new,4 cylinders,gas,15545,clean,automatic,19XFC2F59JE026511,fwd,sub-compact,sedan,blue,al
7309237774,mobile,12777,2013,honda,accord,like new,4 cylinders,gas,92414,clean,automatic,1HGCR2F34DA283701,fwd,mid-size,sedan,white,al
7309228573,mobile,13677,2014,honda,accord,like new,4 cylinders,gas,105393,clean,automatic,1HGCR2F37EA008454,fwd,mid-size,SUV,grey,al
7309226352,mobile,20500,2015,toyota,highlander,,6 cylinders,gas,130651,clean,automatic,,fwd,mid-size,SUV,custom,al
7309219533,mobile,27989,2019,toyota,rav4,,4 cylinders,gas,28169,clean,automatic,,fwd,mid-size,SUV,white,al
7309208727,mobile,8222,1962,dodge,polara 500,good,8 cylinders,gas,33000,clean,automatic,,rwd,mid-size,sedan,white,al
7309155183,mobile,21978,2019,hyundai,santa fe,,4 cylinders,gas,29829,clean,automatic,,4wd,mid-size,SUV,silver,al
7309154027,mobile,25995,2018,ford,mustang,,4 cylinders,gas,40156,clean,automatic,,rwd,sub-compact,convertible,white,al
7309150281,mobile,18452,2018,ford,edge,,4 cylinders,gas,49464,clean,automatic,,fwd,mid-size,SUV,yellow,al
7309136270,mobile,12495,2015,jeep,compass,,4 cylinders,gas,60145,clean,automatic,,fwd,compact,SUV,red,al
7309128375,mobile,19496,2010,toyota,tacoma,,6 cylinders,gas,42733,clean,automatic,,rwd,compact,pickup,white,al
7309121037,mobile,25695,2019,ford,mustang,,4 cylinders,gas,11491,clean,automatic,,rwd,sub-compact,coupe,grey,al
7309115779,mobile,24999,2015,chevrolet,silverado 2500hd,,8 cylinders,gas,114825,clean,automatic,,4wd,full-size,pickup,white,al
7309088855,mobile,12500,2014,toyota,prius v five,excellent,4 cylinders,hybrid,94000,lien,automatic,,fwd,compact,wagon,silver,al
7309049732,mobile,6895,2008,mercedes-benz,benz e320,good,6 cylinders,diesel,179350,clean,automatic,,rwd,full-size,sedan,silver,al
7308950836,mobile,6500,2003,chevrolet,tahoe,fair,6 cylinders,gas,285247,clean,automatic,,fwd,,SUV,black,al
7308776926,mobile,6700,2001,ford,f150,good,8 cylinders,gas,270000,clean,automatic,,4wd,,,,al
7308774556,mobile,7500,2000,toyota,4runner,good,6 cylinders,gas,212000,clean,automatic,,rwd,mid-size,SUV,silver,al
7308769795,mobile,17900,2014,gmc,sierra 1500 4x4,good,8 cylinders,gas,200000,clean,automatic,,4wd,full-size,truck,blue,al
7308756503,mobile,2000,2011,lexus,ls 430 4dr sedan,good,5 cylinders,gas,117852,missing,automatic,,rwd,compact,sedan,black,al
7308682679,mobile,23500,2014,chevrolet,silverado 2500 hd crew cab,,8 cylinders,other,12345,clean,automatic,1GC1CVEG5EF137065,,,pickup,custom,al
7308462614,mobile,36900,,,olet Express Commercial Cutaway,,8 cylinders,,71931,,automatic,1HA3GTCG1KN000447,rwd,,pickup,white,al
7308405636,mobile,10500,2010,mercedes-benz,benz c300,excellent,6 cylinders,gas,74000,clean,automatic,,rwd,,,,al
7308368350,mobile,27900,2014,ram,3500,,8 cylinders,gas,66788,,automatic,3C7WRSCJ7EG281400,rwd,,pickup,white,al
7308349600,mobile,13454,2012,honda,cr-v,excellent,4 cylinders,gas,27326,clean,automatic,5J6RM3H77CL027336,fwd,mid-size,SUV,silver,al
7308341110,mobile,12788,2010,lexus,gs 350,like new,6 cylinders,gas,139260,clean,automatic,JTHBE1KS2A0048159,rwd,mid-size,sedan,silver,al
7308324965,mobile,15988,2013,toyota,highlander,excellent,6 cylinders,gas,138733,clean,automatic,5TDZK3EH6DS115447,fwd,mid-size,SUV,white,al
7308314267,mobile,25677,2017,toyota,tacoma,like new,6 cylinders,gas,110112,clean,automatic,5TFAZ5CN6HX032128,rwd,mid-size,truck,brown,al
7308294250,mobile,22995,2018,toyota,rav4,,4 cylinders,gas,27528,clean,automatic,,fwd,mid-size,SUV,grey,al
7308282879,mobile,23788,2015,dodge,durango,,6 cylinders,gas,61256,clean,automatic,,rwd,mid-size,SUV,black,al
7308272275,mobile,30985,2017,ram,pickup 1500,,8 cylinders,gas,56116,clean,automatic,,4wd,full-size,pickup,white,al
7308251195,mobile,29788,2016,chevrolet,tahoe,,8 cylinders,gas,149525,clean,automatic,,4wd,full-size,SUV,black,al
7308248930,mobile,14978,2014,ford,explorer,,4 cylinders,gas,166859,clean,automatic,,fwd,full-size,SUV,grey,al
7308229170,mobile,20788,2006,chevrolet,corvette,,8 cylinders,gas,81980,clean,manual,,rwd,sub-compact,convertible,black,al
7308223971,mobile,31495,2019,jeep,grand cherokee,,6 cylinders,gas,38485,clean,automatic,,rwd,mid-size,SUV,grey,al
7308214757,mobile,8999,2012,honda,civic,,4 cylinders,gas,103787,clean,automatic,,fwd,sub-compact,coupe,silver,al
7308210044,mobile,24788,2014,chevrolet,silverado 1500,,8 cylinders,gas,159821,clean,automatic,,4wd,full-size,pickup,custom,al
7308202700,mobile,32952,2019,ford,f-150,,8 cylinders,gas,48335,clean,automatic,,rwd,full-size,pickup,custom,al
7308178852,mobile,10995,2008,lexus,gs 350,,6 cylinders,gas,128854,clean,automatic,,4wd,mid-size,sedan,custom,al
7308170216,mobile,14800,2014,honda,odyssey ex-l,excellent,6 cylinders,gas,115000,lien,automatic,,fwd,full-size,mini-van,white,al
7308163607,mobile,21678,2019,hyundai,santa fe,,4 cylinders,gas,33032,clean,automatic,,fwd,mid-size,SUV,blue,al
7308157901,mobile,15795,2019,toyota,yaris,,4 cylinders,gas,29919,clean,automatic,,fwd,sub-compact,sedan,white,al
7308155504,mobile,32650,2017,ford,f-150,,6 cylinders,gas,61941,clean,automatic,,rwd,full-size,pickup,silver,al
7308144522,mobile,5999,2011,ford,fusion,,4 cylinders,gas,146161,clean,automatic,,fwd,mid-size,sedan,silver,al
7308140103,mobile,10991,2013,honda,civic,,4 cylinders,gas,102534,clean,automatic,,fwd,compact,sedan,grey,al
7308138639,mobile,10903,2013,nissan,pathfinder,,6 cylinders,gas,147988,clean,automatic,,fwd,full-size,SUV,silver,al
7308138246,mobile,16560,2014,gmc,acadia,,6 cylinders,gas,103252,clean,automatic,,4wd,full-size,SUV,white,al
7308127273,mobile,3000,1998,ford,mustang,good,8 cylinders,gas,119000,clean,automatic,1FAFP45XXWF217442,rwd,compact,convertible,green,al
7308065315,mobile,11000,2015,toyota,camry hybrid le,good,4 cylinders,gas,108000,clean,automatic,,fwd,full-size,other,red,al
7308001403,mobile,7999,2007,toyota,4runner sr5 premium,excellent,6 cylinders,gas,202000,clean,automatic,,rwd,full-size,SUV,silver,al
7307990821,mobile,1350,2001,chevrolet,impala,,,gas,158000,clean,automatic,,,,,,al
7307919208,mobile,0,2014,chevrolet,malibu,excellent,,gas,42000,clean,automatic,,,,,silver,al
7307918676,mobile,15000,2013,acura,tl,excellent,6 cylinders,gas,64450,clean,automatic,,fwd,mid-size,sedan,black,al
7307918401,mobile,0,2012,dodge,charger rt,excellent,8 cylinders,gas,75000,clean,automatic,,,full-size,,black,al
7307917834,mobile,0,2012,jeep,liberty sport,,,gas,52352,clean,automatic,,,,,,al
7307916927,mobile,275,2011,nissan,altima 2.5 s,,,gas,76443,clean,automatic,,,,,,al
7307915665,mobile,0,2012,toyota,rav4,excellent,4 cylinders,gas,33000,clean,automatic,,,,SUV,black,al
7307885781,mobile,9500,2001,bmw,,,,gas,55000,clean,manual,,,,,silver,al
7307874363,mobile,8000,2002,lexus,ls430,excellent,8 cylinders,gas,119000,clean,automatic,JTHBN30F920091870,rwd,full-size,sedan,silver,al
7307860631,mobile,199,2017,dodge,charger,,,gas,20120,clean,automatic,,,,,,al
7307825942,mobile,18999,2010,ford,f250 king ranch,excellent,8 cylinders,diesel,264315,clean,automatic,1FTSW2BR1AEA57777,4wd,full-size,truck,red,al
7307825888,mobile,10999,2013,volkswagen,passat se,excellent,4 cylinders,gas,68110,clean,automatic,1VWBH7A3XDC021216,fwd,mid-size,sedan,grey,al
7307825732,mobile,10500,2013,bmw,3 series 328i,excellent,4 cylinders,gas,131661,clean,automatic,WBA3A5C5XDF358043,rwd,mid-size,sedan,black,al
7307777297,mobile,11999,1999,jeep,wrangler,excellent,6 cylinders,gas,178000,clean,manual,,,,,,al
7307777154,mobile,32490,2019,ford,ranger,,4 cylinders,gas,20652,clean,automatic,,rwd,compact,pickup,grey,al
7307739115,mobile,25395,2018,subaru,outback,,4 cylinders,gas,28591,clean,automatic,,4wd,mid-size,wagon,white,al
7307735765,mobile,14875,2013,cadillac,ats,,,gas,58506,clean,automatic,1G6AA5RX5D0158857,rwd,compact,sedan,black,al
7307700794,mobile,18978,2019,dodge,journey,,6 cylinders,gas,47132,clean,automatic,,fwd,mid-size,SUV,black,al
7307698417,mobile,19978,2019,mazda,cx-3,,4 cylinders,gas,28122,clean,automatic,,4wd,compact,wagon,custom,al
7307695692,mobile,29995,2016,ram,1500,good,8 cylinders,gas,135005,clean,automatic,1C6RR7YT1GS413040,4wd,full-size,truck,grey,al
7307695695,mobile,8995,2012,volkswagen,passat,good,5 cylinders,gas,102191,clean,automatic,1VWAP7A36CC084083,rwd,,sedan,black,al
7307694952,mobile,19995,2011,ford,f-150,good,8 cylinders,gas,103554,clean,automatic,1FTFW1EF2BFC73159,4wd,full-size,truck,grey,al
7307691307,mobile,23995,2018,jeep,compass,,4 cylinders,gas,31029,clean,automatic,,4wd,compact,SUV,black,al
7307656136,mobile,28654,2019,honda,cr-v,,4 cylinders,gas,4564,clean,automatic,,4wd,mid-size,SUV,white,al
7307641883,mobile,26690,2015,infiniti,qx80,,8 cylinders,gas,93854,clean,automatic,,4wd,full-size,SUV,silver,al
7307636210,mobile,34999,2019,ford,mustang,,8 cylinders,gas,16265,clean,manual,,rwd,sub-compact,coupe,black,al
7307633773,mobile,33952,2019,ford,f-150,,6 cylinders,gas,32725,clean,automatic,,rwd,full-size,pickup,,al
7307611108,mobile,15499,2016,jeep,cherokee,,6 cylinders,gas,94983,clean,automatic,,4wd,compact,SUV,black,al
7307609626,mobile,22490,2018,honda,cr-v,,4 cylinders,gas,16584,clean,automatic,,fwd,mid-size,SUV,custom,al
7307607735,mobile,17240,2014,chevrolet,express passenger,,8 cylinders,gas,69634,clean,automatic,,rwd,full-size,van,green,al
7307606374,mobile,18999,2016,bmw,3 series,,4 cylinders,gas,14844,clean,automatic,,rwd,mid-size,sedan,grey,al
7307605786,mobile,28978,2016,cadillac,ats,,6 cylinders,gas,4885,clean,automatic,,rwd,sub-compact,coupe,silver,al
7307605155,mobile,20995,2019,dodge,journey,,6 cylinders,gas,37923,clean,automatic,,4wd,mid-size,SUV,silver,al
7307601706,mobile,29978,2015,ford,f-250 super duty,,8 cylinders,gas,128558,clean,automatic,,4wd,full-size,pickup,black,al
7307458987,mobile,6000,2000,chevrolet,camaro,like new,,gas,54825,clean,automatic,,,,coupe,silver,al
7307388779,mobile,6800,2018,lexus,rx 350,good,6 cylinders,gas,220000,clean,automatic,,fwd,mid-size,SUV,white,al
7307355537,mobile,800,1997,mercedes-benz,benz,fair,6 cylinders,diesel,150000,parts only,automatic,,rwd,full-size,sedan,silver,al
7307353954,mobile,24900,2012,mercedes-benz,c-class,like new,8 cylinders,gas,42953,clean,automatic,,rwd,full-size,sedan,grey,al
7307352895,mobile,2000,2001,chevrolet,tahoe,good,6 cylinders,gas,180000,clean,automatic,,,,,,al
7307345131,mobile,5150,2008,toyota,sienna,excellent,6 cylinders,gas,108000,clean,automatic,,rwd,full-size,mini-van,,al
7307339418,mobile,12300,2013,chevrolet,silverado,excellent,8 cylinders,gas,133832,clean,automatic,,fwd,,pickup,white,al
7307336332,mobile,6599,2008,mercedes-benz,benz gl450,excellent,8 cylinders,gas,148335,clean,automatic,,,full-size,SUV,silver,al
7307329758,mobile,0,2014,,Freightliner Cascadia,,,diesel,1000,clean,automatic,,,,,,al
7307257293,mobile,30995,2016,lexus,rx 350,,6 cylinders,gas,41797,clean,automatic,,fwd,mid-size,SUV,silver,al
7307244259,mobile,15995,2017,nissan,rogue,,4 cylinders,gas,39455,clean,automatic,,fwd,mid-size,wagon,black,al
7307228475,mobile,10985,2016,ford,fusion,,4 cylinders,gas,121229,clean,automatic,,fwd,mid-size,sedan,grey,al
7307205276,mobile,22478,2015,chevrolet,camaro,,6 cylinders,gas,32159,clean,automatic,,rwd,compact,coupe,white,al
7307195573,mobile,13740,2014,ford,flex,,6 cylinders,gas,110137,clean,automatic,,fwd,full-size,wagon,white,al
7307195577,mobile,17978,2012,ford,f-150,,8 cylinders,gas,174196,clean,automatic,,4wd,full-size,pickup,silver,al
7307192291,mobile,29278,2017,chevrolet,silverado 1500,,8 cylinders,gas,55728,clean,automatic,,rwd,full-size,pickup,white,al
7307189659,mobile,23995,2018,jeep,compass,,4 cylinders,gas,28332,clean,automatic,,fwd,compact,SUV,black,al
7307189249,mobile,23978,2016,mercedes-benz,e-class,,6 cylinders,gas,71061,clean,automatic,,rwd,mid-size,sedan,black,al
7307186186,mobile,22678,2016,mercedes-benz,e-class,,6 cylinders,gas,85046,clean,automatic,,rwd,mid-size,sedan,blue,al
7307183005,mobile,18778,2016,buick,enclave,,6 cylinders,gas,116431,clean,automatic,,fwd,full-size,SUV,white,al
7307179643,mobile,32570,2018,jeep,grand cherokee,,6 cylinders,gas,40794,clean,automatic,,4wd,mid-size,SUV,white,al
7307179335,mobile,25690,2016,ram,pickup 1500,,6 cylinders,gas,80464,clean,automatic,,4wd,full-size,pickup,white,al
7307176964,mobile,11740,2014,ford,flex,,6 cylinders,gas,144642,clean,automatic,,fwd,full-size,wagon,black,al
7307174157,mobile,33245,2016,ford,f-150,,6 cylinders,gas,98421,clean,automatic,,4wd,full-size,pickup,black,al
7307173662,mobile,14459,2014,nissan,rogue,,4 cylinders,gas,91021,clean,automatic,,fwd,mid-size,wagon,custom,al
7307171438,mobile,10978,2014,chevrolet,equinox,,6 cylinders,gas,110572,clean,automatic,,fwd,mid-size,SUV,custom,al
7307168620,mobile,26690,2016,toyota,tacoma,,6 cylinders,gas,142702,clean,automatic,,4wd,compact,pickup,silver,al
7307166017,mobile,20385,2014,lexus,is 350,,6 cylinders,gas,94044,clean,automatic,,rwd,compact,sedan,black,al
7307165839,mobile,4978,2004,jeep,grand cherokee,,6 cylinders,gas,192759,clean,automatic,,rwd,,SUV,silver,al
7307163413,mobile,15995,2015,chevrolet,camaro,,6 cylinders,gas,109629,clean,automatic,,rwd,compact,coupe,silver,al
7307163202,mobile,20678,2014,toyota,highlander,,6 cylinders,gas,95388,clean,automatic,,fwd,mid-size,SUV,custom,al
7307162359,mobile,12978,2014,nissan,murano,,6 cylinders,gas,100578,clean,automatic,,4wd,mid-size,SUV,blue,al
7307160515,mobile,17490,2017,kia,sportage,,4 cylinders,gas,48011,clean,automatic,,fwd,compact,SUV,silver,al
7307157839,mobile,25690,2016,toyota,4runner,,6 cylinders,gas,124769,clean,automatic,,rwd,mid-size,SUV,black,al
7307156727,mobile,20978,2015,ford,expedition,,6 cylinders,gas,126349,clean,automatic,,rwd,full-size,SUV,custom,al
7307156314,mobile,20995,2015,ford,f-150,,8 cylinders,gas,98419,clean,automatic,,rwd,,,white,al
7307155195,mobile,32740,2015,chevrolet,silverado 1500,,8 cylinders,gas,52832,clean,automatic,,4wd,full-size,pickup,black,al
7307152431,mobile,19978,2015,honda,cr-v,,4 cylinders,gas,72363,clean,automatic,,4wd,mid-size,SUV,grey,al
7307149775,mobile,25289,2018,infiniti,qx30,,4 cylinders,gas,24966,clean,automatic,,4wd,compact,wagon,grey,al
7307146880,mobile,27278,2017,infiniti,q70 hybrid,,6 cylinders,hybrid,42358,clean,automatic,,rwd,mid-size,sedan,white,al
7307145627,mobile,14789,2018,chevrolet,cruze,,4 cylinders,gas,34983,clean,automatic,,fwd,compact,hatchback,red,al
7307144379,mobile,19978,2016,chevrolet,silverado 1500,,8 cylinders,gas,194142,clean,automatic,,rwd,full-size,pickup,white,al
7307140182,mobile,15578,2011,ford,f-150,,8 cylinders,gas,177689,clean,automatic,,rwd,full-size,pickup,silver,al
7307136847,mobile,27995,2018,honda,pilot,,6 cylinders,gas,28037,clean,automatic,,fwd,full-size,SUV,silver,al
7307134846,mobile,21425,2013,gmc,sierra 1500,,8 cylinders,gas,100008,clean,automatic,,4wd,full-size,pickup,grey,al
7307130400,mobile,17345,2016,mazda,cx-5,,4 cylinders,gas,29883,clean,automatic,,fwd,mid-size,SUV,grey,al
7307126276,mobile,20289,2017,acura,rdx,,6 cylinders,gas,105821,clean,automatic,,fwd,compact,SUV,grey,al
7307094332,mobile,20478,2014,dodge,challenger,,8 cylinders,gas,96780,clean,automatic,,rwd,compact,coupe,white,al
7307086054,mobile,26995,2018,dodge,charger,,6 cylinders,gas,29396,clean,automatic,,4wd,full-size,sedan,white,al
7307081559,mobile,17473,2015,ford,explorer,,6 cylinders,gas,99902,clean,automatic,,fwd,full-size,SUV,custom,al
7307080293,mobile,12980,2016,jeep,patriot,,4 cylinders,gas,72719,clean,automatic,,4wd,compact,SUV,grey,al
7307079797,mobile,33995,2017,ram,pickup 1500,,8 cylinders,gas,83628,clean,automatic,,4wd,full-size,pickup,white,al
7307078925,mobile,10995,2016,kia,forte,,4 cylinders,gas,61500,clean,automatic,,fwd,mid-size,sedan,red,al
7307067972,mobile,30900,2015,chevrolet,silverado 1500,good,8 cylinders,gas,114800,clean,automatic,3GCUKSEC4FG336264,4wd,full-size,truck,custom,al
7307067898,mobile,22900,2018,nissan,frontier,good,4 cylinders,gas,14570,clean,automatic,1N6BD0CT3JN730151,rwd,full-size,truck,custom,al
7307067838,mobile,24900,2015,chevrolet,silverado 1500,good,8 cylinders,gas,119569,clean,automatic,3GCPCREC2FG522274,rwd,full-size,truck,white,al
7307022917,mobile,4250,1995,ford,f150,good,8 cylinders,gas,0,clean,automatic,,rwd,full-size,pickup,white,al
7307015998,mobile,15000,1997,chevrolet,1500,good,,gas,269000,clean,automatic,,,full-size,truck,green,al
7307015686,mobile,4000,1962,chevrolet,corvair,good,6 cylinders,gas,66000,clean,manual,,rwd,mid-size,truck,red,al
7306920471,mobile,2300,1998,infiniti,i30,,,gas,200000,clean,automatic,,,,,,al
7306825456,mobile,199,2017,dodge,charger,,,gas,20120,clean,automatic,,,,,,al
7306740687,mobile,10500,2014,toyota,camry se,,4 cylinders,gas,145000,clean,automatic,4T1BF1FK8EU404391,,,sedan,grey,al
7306690588,mobile,5500,2006,saturn,solstice,good,4 cylinders,gas,128000,clean,automatic,,rwd,,convertible,grey,al
7306659320,mobile,6500,2005,chevrolet,silverado 2500hd,good,8 cylinders,gas,97000,clean,automatic,,rwd,full-size,pickup,white,al
7306583398,mobile,37500,1967,,1967 Chevelle,excellent,8 cylinders,gas,26000,clean,automatic,,rwd,full-size,coupe,red,al
7306465633,mobile,22495,2013,chevrolet,silverado 1500,excellent,8 cylinders,gas,52686,clean,automatic,1GCRCSE06DZ216083,rwd,full-size,truck,silver,al
7306465498,mobile,8995,2004,mercedes-benz,c-class,excellent,6 cylinders,gas,83276,clean,automatic,WDBRH81J54F513042,4wd,mid-size,wagon,,al
7306465367,mobile,31995,2017,lexus,rx 350,excellent,6 cylinders,gas,32715,clean,automatic,2T2BZMCA9HC054243,4wd,mid-size,SUV,silver,al
7306465242,mobile,13995,2014,lincoln,mkz,excellent,4 cylinders,gas,40994,clean,automatic,3LN6L2G92ER825641,fwd,mid-size,sedan,grey,al
7306465101,mobile,10995,2016,toyota,corolla,excellent,4 cylinders,gas,82631,clean,automatic,2T1BURHE4GC524818,fwd,compact,sedan,silver,al
7306464958,mobile,18995,2012,mercedes-benz,m-class,excellent,6 cylinders,gas,75125,clean,automatic,4JGDA5HB1CA055309,4wd,,SUV,black,al
7306464839,mobile,24995,2008,,Hummer H2,excellent,8 cylinders,gas,243806,clean,automatic,5GRGN23858H104377,4wd,,SUV,black,al
7306325627,mobile,0,2014,,Freightliner Cascadia,,,diesel,1000,clean,automatic,,,,,,al
7306324529,mobile,5299,2012,ford,fusion se,excellent,4 cylinders,gas,148500,clean,automatic,,fwd,mid-size,sedan,silver,al
7306315200,mobile,6599,2004,gmc,sierra,good,8 cylinders,gas,223500,clean,automatic,,rwd,mid-size,truck,silver,al
7305995381,mobile,7500,2007,gmc,sierra,fair,8 cylinders,gas,240000,clean,automatic,,4wd,full-size,pickup,red,al
7305992503,mobile,10000,2012,bmw,740li,excellent,,gas,150700,clean,automatic,,,full-size,sedan,blue,al
7305888554,mobile,15800,2016,nissan,maxima,excellent,6 cylinders,gas,69000,rebuilt,automatic,,,,,grey,al
7305854727,mobile,17995,2019,mitsubishi,outlander sport,good,4 cylinders,gas,41828,clean,automatic,JA4AP3AU1KU029855,rwd,full-size,SUV,grey,al
7305854699,mobile,28995,2017,buick,enclave,good,6 cylinders,gas,71160,clean,automatic,5GAKVCKD9HJ185667,rwd,full-size,SUV,blue,al
7305854218,mobile,27995,2013,ford,f-150,good,6 cylinders,gas,104253,clean,automatic,1FTFW1ETXDKF30763,4wd,full-size,truck,white,al
7305854193,mobile,22995,2010,toyota,tacoma,good,6 cylinders,gas,157471,clean,automatic,3TMLU4EN1AM038896,4wd,full-size,truck,grey,al
7305810336,mobile,3799,2007,buick,lacrosse,excellent,6 cylinders,gas,140500,clean,automatic,,,mid-size,sedan,silver,al
7305809951,mobile,4199,2008,buick,lucerne,excellent,6 cylinders,gas,163500,clean,automatic,,fwd,mid-size,sedan,white,al
7305809213,mobile,4999,2008,honda,pilot,excellent,,gas,195500,clean,automatic,,,mid-size,SUV,white,al
7305794604,mobile,199,2017,dodge,charger,,,gas,20120,clean,automatic,,,,,,al
7305773467,mobile,1200,1996,,Madza Mx5  Miaita.,good,4 cylinders,gas,201000,clean,manual,,fwd,compact,coupe,red,al
7305770431,mobile,3999,2001,ford,f-150,good,8 cylinders,gas,234500,clean,automatic,,rwd,mid-size,,white,al
7305702476,mobile,1500,2011,dodge,avenger express,good,4 cylinders,gas,191000,clean,automatic,,fwd,,,white,al
7305698220,mobile,23775,2018,dodge,charger,,6 cylinders,gas,34402,clean,automatic,,rwd,full-size,sedan,blue,al
7305662690,mobile,15978,2017,chevrolet,equinox,,4 cylinders,gas,59889,clean,automatic,,fwd,mid-size,SUV,black,al
7305637075,mobile,0,2014,chevrolet,malibu,excellent,,gas,42000,clean,automatic,,,,,silver,al
7305636365,mobile,0,2012,dodge,charger rt,excellent,8 cylinders,gas,75000,clean,automatic,,,full-size,,black,al
7305635611,mobile,0,2012,jeep,liberty sport,,,gas,52352,clean,automatic,,,,,,al
7305634883,mobile,275,2011,nissan,altima 2.5 s,,,gas,76443,clean,automatic,,,,,,al
7305633771,mobile,0,2012,toyota,rav4,excellent,4 cylinders,gas,33000,clean,automatic,,,,SUV,black,al
7305615431,mobile,22995,2019,buick,envision,,4 cylinders,gas,28676,clean,automatic,,fwd,compact,SUV,silver,al
7305612940,mobile,30490,2018,bmw,4 series,,4 cylinders,gas,24588,clean,automatic,,rwd,compact,sedan,black,al
7305609355,mobile,17664,2018,honda,civic,,4 cylinders,gas,39984,clean,automatic,,fwd,mid-size,sedan,custom,al
7305604866,mobile,24667,2019,honda,accord,,4 cylinders,gas,25400,clean,automatic,,fwd,mid-size,sedan,custom,al
7305600132,mobile,12400,2011,mercedes-benz,glk-class glk350,excellent,6 cylinders,gas,144000,clean,automatic,,,mid-size,SUV,black,al
7305533679,mobile,27490,2017,mercedes-benz,c-class,,4 cylinders,gas,15391,clean,automatic,,rwd,compact,sedan,white,al
7305515579,mobile,8342,2008,toyota,highlander,,6 cylinders,gas,176397,clean,automatic,,fwd,mid-size,SUV,blue,al
7305500937,mobile,33400,2017,toyota,tacoma trd sport,like new,6 cylinders,gas,69000,lien,automatic,5TFAZ5CN6HX024207,rwd,,,,al
7305403801,mobile,1200,2008,,1996 Madza Mx5,good,4 cylinders,gas,202000,clean,manual,,fwd,mid-size,convertible,red,al
7305382929,mobile,6000,1998,toyota,4runner,excellent,,gas,240000,clean,automatic,,,,,,al
7305175645,mobile,11000,2004,ford,f-150 fx4,,,gas,252247,clean,automatic,,,,,,al
7304936763,mobile,5300,2005,mercedes-benz,c230,good,6 cylinders,gas,158610,clean,automatic,,rwd,,sedan,white,al
7304903696,mobile,8499,2009,toyota,highlander,excellent,6 cylinders,gas,184000,clean,automatic,JTEDA41A492003607,,,SUV,silver,al
7304899532,mobile,7999,2008,toyota,camry xle,excellent,4 cylinders,gas,108000,clean,automatic,4T1BE46KX8U200197,,,sedan,red,al
7304896491,mobile,7999,2009,honda,accord ex-l,excellent,4 cylinders,gas,154000,clean,automatic,JHMCP26838C067556,,,sedan,grey,al
7304893401,mobile,8299,2012,kia,optima ex,excellent,4 cylinders,gas,141000,clean,automatic,5XXGN4A74CG059297,,,sedan,silver,al
7304887689,mobile,12500,2011,gmc,yukon denali,excellent,8 cylinders,gas,185000,clean,automatic,1GKS1KE08BR153335,,,SUV,silver,al
7304692985,mobile,53700,,,ierra 1500,,8 cylinders,gas,35676,,automatic,3GTP9EED8LG120707,4wd,,pickup,grey,al
7304579223,mobile,22998,2016,cadillac,xts,,6 cylinders,gas,38309,clean,automatic,,4wd,full-size,sedan,red,al
7304578697,mobile,23999,2017,jeep,cherokee,,6 cylinders,gas,62307,clean,automatic,,4wd,compact,SUV,grey,al
7304578227,mobile,17940,2015,chevrolet,camaro,,6 cylinders,gas,38787,clean,automatic,,rwd,compact,coupe,white,al
7304575597,mobile,18990,2010,ford,mustang,,8 cylinders,gas,41564,clean,automatic,,rwd,sub-compact,coupe,custom,al
7304573222,mobile,13740,2014,ford,flex,,6 cylinders,gas,110137,clean,automatic,,fwd,full-size,wagon,white,al
7304540023,mobile,15500,1973,chevrolet,elcamino,excellent,8 cylinders,gas,46000,clean,automatic,,rwd,full-size,coupe,blue,al
7304404156,mobile,12500,2008,mercedes-benz,benz s550,excellent,,gas,130000,clean,automatic,,,,,,al
7304340815,mobile,4799,2014,dodge,caravan,excellent,6 cylinders,gas,206500,clean,automatic,,fwd,full-size,mini-van,white,al
7304253152,mobile,50980,,,olet Silverado 2500HD,,8 cylinders,diesel,50954,,automatic,1GC1KSEY9KF178482,4wd,,pickup,white,al
7304228606,mobile,8988,2001,chevrolet,silverado 1500,good,8 cylinders,gas,189000,clean,automatic,2GCEK19T511120997,4wd,full-size,truck,green,al
7304182858,mobile,0,2014,,Freightliner Cascadia,,,diesel,1000,clean,automatic,,,,,,al
7304177318,mobile,40888,2020,jeep,gladiator,,,gas,19069,clean,automatic,1C6HJTAGXLL119987,4wd,,,black,al
7304125002,mobile,5199,2005,honda,element,excellent,4 cylinders,gas,230500,clean,automatic,,fwd,mid-size,SUV,blue,al
7304083852,mobile,29278,2017,chevrolet,silverado 1500,,8 cylinders,gas,55728,clean,automatic,,rwd,full-size,pickup,white,al
7304077678,mobile,10788,2014,toyota,prius,,4 cylinders,hybrid,135339,clean,automatic,,fwd,mid-size,hatchback,grey,al
7304075516,mobile,29995,2015,ford,f-150,,8 cylinders,gas,89320,clean,automatic,,4wd,full-size,pickup,grey,al
7304061514,mobile,8999,2015,hyundai,elantra,,4 cylinders,gas,93346,clean,automatic,,fwd,mid-size,sedan,silver,al
7303854061,mobile,0,2014,,Freightliner Cascadia,,,diesel,1000,clean,automatic,,,,,,al
7303694009,mobile,0,2014,chevrolet,malibu,excellent,,gas,42000,clean,automatic,,,,,silver,al
7303693319,mobile,0,2012,dodge,charger rt,excellent,8 cylinders,gas,75000,clean,automatic,,,full-size,,black,al
7303692438,mobile,0,2012,jeep,liberty sport,,,gas,52352,clean,automatic,,,,,,al
7303691738,mobile,275,2011,nissan,altima 2.5 s,,,gas,76443,clean,automatic,,,,,,al
7303691110,mobile,0,2012,toyota,rav4,excellent,4 cylinders,gas,33000,clean,automatic,,,,SUV,black,al
7303682453,mobile,13015,2016,chevrolet,equinox,,4 cylinders,gas,74429,clean,automatic,,fwd,mid-size,SUV,white,al
7303670277,mobile,23978,2016,mercedes-benz,e-class,,6 cylinders,gas,71061,clean,automatic,,rwd,mid-size,sedan,black,al
7303653355,mobile,0,2018,,peterbilt 579,,,diesel,1,clean,automatic,,,,,,al
7303652017,mobile,7950,2014,buick,verano convenience group,excellent,4 cylinders,gas,177554,clean,automatic,1G4PR5SK1E4134883,fwd,compact,sedan,red,al
7303633573,mobile,13999,2017,nissan,rogue,,4 cylinders,gas,36574,clean,automatic,,fwd,mid-size,wagon,blue,al
7303627835,mobile,22678,2016,mercedes-benz,e-class,,6 cylinders,gas,85046,clean,automatic,,rwd,mid-size,sedan,blue,al
7303624591,mobile,18778,2016,buick,enclave,,6 cylinders,gas,116431,clean,automatic,,fwd,full-size,SUV,white,al
7303573579,mobile,5990,1995,volvo,coe semi w/18 feet frame,,6 cylinders,diesel,590000,clean,manual,,rwd,full-size,truck,white,al
7303562498,mobile,9000,2006,ford,f-150,good,,gas,182000,clean,automatic,,,,,grey,al
7303545867,mobile,25425,2016,ram,pickup 1500,,6 cylinders,gas,80464,clean,automatic,,4wd,full-size,pickup,white,al
7303532908,mobile,5400,2012,chevrolet,cruze,like new,,gas,1000,clean,automatic,,,full-size,sedan,,al
7303480469,mobile,9988,2004,chevrolet,silverado 2500hd,good,8 cylinders,diesel,400000,clean,automatic,1GCHK23124F140809,4wd,full-size,truck,white,al
7303480448,mobile,6988,2005,toyota,4runner,good,8 cylinders,gas,236000,clean,automatic,JTEBT14R950050588,4wd,full-size,SUV,grey,al
7303480433,mobile,4488,2000,nissan,pathfinder,good,6 cylinders,gas,220000,clean,automatic,JN8AR07S4YW398019,rwd,full-size,SUV,custom,al
7303456683,mobile,38998,2017,nissan,titan xd,excellent,,diesel,72000,clean,automatic,,4wd,full-size,truck,brown,al
7303359101,mobile,7495,2004,gmc,sierra 1500,,8 cylinders,gas,164429,clean,automatic,,rwd,,,white,al
7303286321,mobile,13900,1967,chevrolet,c10,,,gas,57635,clean,manual,,,,,,al
7303285570,mobile,199,2017,dodge,charger,,,gas,20120,clean,automatic,,,,,,al
7303283057,mobile,13900,1967,chevrolet,c10,,,gas,57635,clean,manual,,,,,,al
7303152613,mobile,0,2014,chevrolet,malibu,excellent,,gas,42000,clean,automatic,,,,,silver,al
7303150134,mobile,0,2012,dodge,charger rt,excellent,8 cylinders,gas,75000,clean,automatic,,,full-size,,black,al
7303149184,mobile,0,2012,toyota,rav4,excellent,4 cylinders,gas,33000,clean,automatic,,,,SUV,black,al
7303148491,mobile,0,2012,jeep,liberty sport,,,gas,52352,clean,automatic,,,,,,al
7303147721,mobile,275,2011,nissan,altima 2.5 s,,,gas,76443,clean,automatic,,,,,,al
7303131110,mobile,0,2012,toyota,rav4,excellent,4 cylinders,gas,33000,clean,automatic,,,,SUV,black,al
7303060179,mobile,18395,2013,lexus,rx 350,,6 cylinders,gas,98230,clean,automatic,,fwd,mid-size,SUV,black,al
7303019139,mobile,11740,2014,ford,flex,,6 cylinders,gas,144642,clean,automatic,,fwd,full-size,wagon,black,al
7303016172,mobile,12788,2009,ford,f-150,,8 cylinders,gas,202458,clean,automatic,,rwd,full-size,pickup,grey,al
7303015180,mobile,25998,2019,ford,transit passenger,,6 cylinders,gas,52460,clean,automatic,,rwd,full-size,van,white,al
7303014215,mobile,16499,2016,honda,accord,,4 cylinders,gas,83123,clean,automatic,,fwd,mid-size,sedan,white,al
7303012247,mobile,19691,2015,jeep,cherokee,,6 cylinders,gas,70452,clean,automatic,,4wd,mid-size,SUV,custom,al
7303011856,mobile,7895,2006,honda,ridgeline,excellent,6 cylinders,gas,220000,clean,automatic,,fwd,mid-size,truck,white,al
7303008169,mobile,6790,2012,ford,focus,,4 cylinders,gas,83694,clean,automatic,,fwd,mid-size,hatchback,grey,al
7302988264,mobile,40900,2021,toyota,tacoma 4wd,good,6 cylinders,gas,1582,clean,automatic,5TFCZ5AN9MX254488,4wd,full-size,truck,silver,al
7302988186,mobile,18900,2019,nissan,altima,good,4 cylinders,gas,44276,clean,automatic,1N4BL4EV5KC213531,fwd,,sedan,silver,al
7302624963,mobile,0,2014,chevrolet,malibu,excellent,,gas,42000,clean,automatic,,,,,silver,al
7302621959,mobile,0,2012,dodge,charger rt,excellent,8 cylinders,gas,75000,clean,automatic,,,full-size,,black,al
7302620608,mobile,0,2012,toyota,rav4,excellent,4 cylinders,gas,33000,clean,automatic,,,,SUV,black,al
7302619845,mobile,0,2012,toyota,rav4,excellent,4 cylinders,gas,33000,clean,automatic,,,,SUV,black,al
7302618963,mobile,0,2012,jeep,liberty sport,,,gas,52352,clean,automatic,,,,,,al
7302617867,mobile,275,2011,nissan,altima 2.5 s,,,gas,76443,clean,automatic,,,,,,al
7302617016,mobile,0,2012,toyota,rav4,excellent,4 cylinders,gas,33000,clean,automatic,,,,SUV,black,al
7302587772,mobile,6500,2008,lexus,es 350,good,6 cylinders,gas,139000,clean,automatic,,fwd,full-size,sedan,blue,al
7302516289,mobile,16000,1969,pontiac,,,,gas,45000,clean,automatic,,,,,,al
7302330148,mobile,1500,1997,jeep,cherokee,,,gas,150000,clean,automatic,,,,,,al
7302246415,mobile,199,2017,dodge,charger,,,gas,20120,clean,automatic,,,,,,al
7302211670,mobile,0,2012,toyota,rav4,excellent,4 cylinders,gas,33000,clean,automatic,,,,SUV,black,al
7302165993,mobile,14900,2018,hyundai,sonata,like new,,gas,37900,clean,automatic,,fwd,mid-size,sedan,white,al
7302164541,mobile,0,2014,,Freightliner Cascadia,,,diesel,1000,clean,automatic,,,,,,al
7302125937,mobile,39588,2009,,FREIGHTLINER M2,excellent,6 cylinders,diesel,217812,clean,automatic,,rwd,full-size,truck,white,al
7302102146,mobile,29988,2000,,INTERNATIONAL 4900 DUMP TRUCK,excellent,6 cylinders,diesel,287240,clean,manual,,rwd,full-size,truck,white,al
7302025349,mobile,58000,2019,gmc,yukon denali,,,gas,40000,clean,automatic,,,,SUV,black,al
7302001007,mobile,4900,2008,chrysler,town & country,excellent,6 cylinders,gas,186000,clean,automatic,,fwd,full-size,mini-van,brown,al
7301980815,mobile,20875,2019,hyundai,santa fe,,4 cylinders,gas,38702,clean,automatic,,4wd,mid-size,SUV,silver,al
7301978222,mobile,12478,2014,honda,cr-v,,4 cylinders,gas,124592,clean,automatic,,fwd,mid-size,SUV,white,al
7301978101,mobile,7999,2008,toyota,sienna xle,excellent,6 cylinders,gas,169000,clean,automatic,5TDZK22C38S122803,,,mini-van,white,al
7301975947,mobile,16481,2017,jeep,cherokee,,4 cylinders,gas,81914,clean,automatic,,fwd,compact,SUV,white,al
7301974685,mobile,33250,2019,toyota,4runner,,6 cylinders,gas,41457,clean,automatic,,rwd,mid-size,SUV,white,al
7301963329,mobile,9996,2014,ford,fusion,,4 cylinders,gas,123347,clean,automatic,,fwd,mid-size,sedan,black,al
7301954175,mobile,28620,2019,ram,pickup 1500 classic,,8 cylinders,gas,37499,clean,automatic,,rwd,full-size,pickup,white,al
7301953854,mobile,33245,2016,ford,f-150,,6 cylinders,gas,98421,clean,automatic,,4wd,full-size,pickup,black,al
7301861035,mobile,4500,2015,chevrolet,impala,excellent,6 cylinders,gas,127000,rebuilt,automatic,,4wd,,sedan,white,al
7301816319,mobile,800,2006,mazda,3,fair,4 cylinders,gas,1234,clean,automatic,JM1BK323961404381,fwd,compact,sedan,grey,al
7301784083,mobile,7000,1972,gmc,sierra 1500,,8 cylinders,gas,80000,clean,automatic,,rwd,full-size,,green,al
7316866331,montgomery,30590,2020,ford,ranger supercab xl pickup,good,,gas,10740,clean,other,1FTER1EHXLLA66736,,,pickup,,al
7316865878,montgomery,28590,2019,nissan,frontier crew cab sv,good,,other,21939,clean,other,1N6DD0ER1KN760972,fwd,,pickup,white,al
7316866311,montgomery,32590,2015,mercedes-benz,gla-class gla 45,good,,gas,34811,clean,other,WDDTG5CB9FJ051220,,,other,black,al
7316865843,montgomery,33590,2014,gmc,sierra 1500 crew cab slt,good,8 cylinders,gas,57923,clean,other,3GTP1VEC4EG551563,,,pickup,white,al
7316821118,montgomery,18900,2016,toyota,camry se special edition,like new,4 cylinders,gas,59900,clean,automatic,,fwd,,,white,al
7316798864,montgomery,8950,2013,volkswagen,jetta gli,good,4 cylinders,gas,123904,clean,automatic,3VW467AJ1DM256485,fwd,mid-size,sedan,black,al
7316798304,montgomery,9950,2011,ford,f-150 xl 4x4,good,6 cylinders,gas,136341,clean,automatic,1FTMF1EM5BFC07419,4wd,full-size,pickup,white,al
7316797481,montgomery,9950,2013,volvo,s-60 t5,good,5 cylinders,gas,90562,clean,automatic,YV1612FS202199522,fwd,mid-size,sedan,grey,al
7316797036,montgomery,13950,2013,chevrolet,suburban ltz,good,8 cylinders,gas,212134,clean,automatic,1GNSCKE09DR191950,rwd,full-size,SUV,white,al
7316796423,montgomery,8950,2015,volkswagen,passat tsi wolfsburg,excellent,4 cylinders,gas,100274,clean,automatic,1VWAT7A31FC018187,fwd,mid-size,sedan,white,al
7316795998,montgomery,11950,2013,bmw,328i nav sport pkg.,excellent,6 cylinders,gas,85798,clean,automatic,WBA3A5G53DNP22576,rwd,mid-size,sedan,blue,al
7316795506,montgomery,8950,2015,mazda,cx-5 sport,good,4 cylinders,gas,170231,clean,automatic,JM3KE2BE9F0466900,fwd,mid-size,SUV,grey,al
7316795032,montgomery,7950,2012,toyota,prius v hatchback,good,4 cylinders,hybrid,156553,clean,automatic,JTDZN3EU0C3125217,fwd,mid-size,hatchback,silver,al
7316794100,montgomery,8950,2009,lexus,is 250 awd nav,good,4 cylinders,gas,134730,clean,automatic,JTHCK262895030552,4wd,mid-size,sedan,blue,al
7316793600,montgomery,11950,2009,chevrolet,1500 avalanche ltz 4x4,good,8 cylinders,gas,179935,clean,automatic,3GNFK32049G198231,4wd,full-size,pickup,black,al
7316793204,montgomery,7950,2006,ford,f-350 xl cab & chassis,good,10 cylinders,gas,216486,clean,manual,1FDWF36Y16EB49841,rwd,full-size,truck,white,al
7316792786,montgomery,13950,2008,chevrolet,silverado 2500hd,fair,8 cylinders,diesel,332488,clean,automatic,1GCHK23658F166712,4wd,full-size,pickup,silver,al
7316792374,montgomery,8950,2011,honda,odyssey ex-l,good,6 cylinders,gas,164406,clean,automatic,5FNRL5H6XBB060957,fwd,mid-size,mini-van,grey,al
7316791883,montgomery,9950,2007,jaguar,s-type r,excellent,8 cylinders,gas,97687,clean,automatic,SAJWA03C971N77192,rwd,mid-size,sedan,black,al
7316781776,montgomery,39590,2020,chevrolet,silverado 1500 crew,good,8 cylinders,gas,19160,clean,other,3GCPWCED5LG130317,,,pickup,red,al
7316781816,montgomery,30990,2015,toyota,tacoma double cab,good,6 cylinders,gas,34375,clean,other,3TMJU4GNXFM174374,,,pickup,white,al
7316721398,montgomery,14500,2009,chevrolet,silverado 1500 extended cab,,8 cylinders,other,146875,clean,automatic,1GCEK19069Z148400,4wd,,pickup,green,al
7316721369,montgomery,4500,2005,chevrolet,cobalt,,4 cylinders,gas,136796,clean,manual,1G1AK52F857660064,fwd,,sedan,black,al
7316721335,montgomery,6900,2009,mercury,mariner,,6 cylinders,gas,133654,clean,automatic,4M2CU87G59KJ05583,,,SUV,blue,al
7316721301,montgomery,9300,2009,honda,accord,,6 cylinders,gas,161177,clean,automatic,1HGCP36869A041281,fwd,,sedan,custom,al
7316721262,montgomery,11400,2009,chevrolet,colorado crew cab,,4 cylinders,gas,95490,clean,automatic,1GCCS139098155802,,,pickup,custom,al
7316721222,montgomery,17500,2015,toyota,camry,,4 cylinders,gas,13690,clean,automatic,4T1BF1FK0FU068575,fwd,,sedan,white,al
7316721187,montgomery,11685,2016,toyota,corolla,,4 cylinders,gas,106668,clean,automatic,2T1BURHEXGC518019,fwd,,sedan,black,al
7316688008,montgomery,37998,2018,ford,f-150 xlt,excellent,,gas,49103,clean,automatic,1FTEW1E55JFD14031,,,,silver,al
7316675877,montgomery,28990,2017,bmw,4 series 440i xdrive gran,good,,gas,49355,clean,automatic,WBA4E5C56HG189275,,,coupe,,al
7316659629,montgomery,12500,2009,chevrolet,tahoe,,8 cylinders,other,189188,clean,automatic,1GNFC23009R101905,,,SUV,black,al
7316546857,montgomery,8500,2014,dodge,grand caravan,good,6 cylinders,gas,156000,clean,automatic,,fwd,full-size,mini-van,black,al
7316489395,montgomery,4400,2001,toyota,celica gt,,,gas,103500,clean,manual,,,,,,al
7316460625,montgomery,10750,2016,toyota,corolla,,4 cylinders,gas,141781,clean,automatic,2T1BURHE6GC709890,fwd,,sedan,green,al
7316460596,montgomery,12900,2010,chevrolet,silverado 1500 crew cab,,8 cylinders,other,190088,clean,automatic,3GCRCSE06AG296772,,,pickup,blue,al
7316422439,montgomery,24990,2019,acura,ilx premium pkg sedan 4d,good,,other,5334,clean,other,19UDE2F79KA014450,fwd,,sedan,,al
7316419756,montgomery,8950,2013,chevrolet,cruze lt,good,4 cylinders,gas,128760,clean,automatic,1G1PE5SB7D7321308,fwd,mid-size,sedan,blue,al
7316392436,montgomery,27990,2012,gmc,sierra 2500 hd extended cab,good,8 cylinders,gas,68696,clean,other,1GT220CG8CZ231238,4wd,,pickup,black,al
7316343496,montgomery,37590,2020,dodge,challenger r/t coupe 2d,good,8 cylinders,gas,1937,clean,other,2C3CDZBT8LH250667,rwd,,coupe,green,al
7316343337,montgomery,28590,2017,jeep,wrangler sport suv 2d,good,,other,31783,clean,other,1C4AJWAG0HL680329,4wd,,other,,al
7316318854,montgomery,11989,2016,dodge,journey sxt,excellent,,gas,112282,clean,automatic,3C4PDCBG9GT141385,,,,,al
7316284462,montgomery,36990,2018,gmc,sierra 1500 double cab sle,good,8 cylinders,gas,23424,clean,other,2GTV2MECXJ1106083,4wd,,pickup,black,al
7316241480,montgomery,17500,2015,ford,edge,,4 cylinders,gas,103223,clean,automatic,2FMTK3K94FBC36920,,,SUV,white,al
7316241427,montgomery,5500,2005,ford,explorer,,6 cylinders,gas,231284,clean,automatic,1FMZU64K15UB24218,,,SUV,custom,al
7316241385,montgomery,4800,2004,nissan,altima,,4 cylinders,gas,262876,clean,automatic,1N4AL11D04C152809,fwd,,sedan,black,al
7316203030,montgomery,14500,2009,chevrolet,silverado 1500 extended cab,,8 cylinders,other,146875,clean,automatic,1GCEK19069Z148400,4wd,,pickup,green,al
7316203006,montgomery,4500,2005,chevrolet,cobalt,,4 cylinders,gas,136796,clean,manual,1G1AK52F857660064,fwd,,sedan,black,al
7316202975,montgomery,6900,2009,mercury,mariner,,6 cylinders,gas,133654,clean,automatic,4M2CU87G59KJ05583,,,SUV,blue,al
7316202940,montgomery,9300,2009,honda,accord,,6 cylinders,gas,161177,clean,automatic,1HGCP36869A041281,fwd,,sedan,custom,al
7316202905,montgomery,11400,2009,chevrolet,colorado crew cab,,4 cylinders,gas,95490,clean,automatic,1GCCS139098155802,,,pickup,custom,al
7316202878,montgomery,17500,2015,toyota,camry,,4 cylinders,gas,13690,clean,automatic,4T1BF1FK0FU068575,fwd,,sedan,white,al
7316202839,montgomery,11685,2016,toyota,corolla,,4 cylinders,gas,106668,clean,automatic,2T1BURHEXGC518019,fwd,,sedan,black,al
7316181782,montgomery,28990,2017,cadillac,cts 2.0 luxury sedan 4d,good,,other,20155,clean,other,1G6AX5SXXH0153586,,,sedan,blue,al
7316181713,montgomery,29990,2016,chevrolet,colorado extended cab,good,6 cylinders,gas,17302,clean,other,1GCHTCE37G1186784,4wd,,pickup,red,al
7316165979,montgomery,64998,2020,ford,expedition limited,excellent,,gas,26806,clean,automatic,1FMJU2AT7LEA29432,,,,white,al
7316138650,montgomery,12500,2009,chevrolet,tahoe,,8 cylinders,other,189188,clean,automatic,1GNFC23009R101905,,,SUV,black,al
7316054174,montgomery,12700,2015,hyundai,sonata,like new,4 cylinders,gas,79439,clean,other,,fwd,,coupe,white,al
7315889794,montgomery,3000,2010,dodge,avenger r/t,,,gas,198325,clean,automatic,,,,,,al
7315873709,montgomery,32990,2017,jeep,wrangler unlimited sport,good,6 cylinders,gas,30041,clean,other,1C4BJWDG5HL705371,4wd,,other,silver,al
7315873677,montgomery,34590,2015,ford,mustang gt premium,good,8 cylinders,gas,30970,clean,other,1FATP8FF6F5341651,rwd,,other,white,al
7315847959,montgomery,35590,2010,chevrolet,corvette convertible,good,8 cylinders,gas,31879,clean,other,1G1YC3DW6A5101146,rwd,,other,red,al
7315847804,montgomery,16990,2016,kia,forte koup ex coupe 2d,good,,gas,17631,clean,other,KNAFX6A8XG5647822,fwd,,coupe,,al
7315847293,montgomery,8500,2012,dodge,charger se,excellent,6 cylinders,gas,151636,clean,automatic,,rwd,,sedan,white,al
7315810543,montgomery,16590,2018,ford,c-max hybrid se wagon 4d,good,,hybrid,42749,clean,other,1FADP5AU4JL105772,fwd,,wagon,blue,al
7315807364,montgomery,14500,2009,chevrolet,silverado 1500 extended cab,,8 cylinders,other,146875,clean,automatic,1GCEK19069Z148400,4wd,,pickup,green,al
7315807336,montgomery,4500,2005,chevrolet,cobalt,,4 cylinders,gas,136796,clean,manual,1G1AK52F857660064,fwd,,sedan,black,al
7315807301,montgomery,6900,2009,mercury,mariner,,6 cylinders,gas,133654,clean,automatic,4M2CU87G59KJ05583,,,SUV,blue,al
7315807275,montgomery,9300,2009,honda,accord,,6 cylinders,gas,161177,clean,automatic,1HGCP36869A041281,fwd,,sedan,custom,al
7315807248,montgomery,11400,2009,chevrolet,colorado crew cab,,4 cylinders,gas,95490,clean,automatic,1GCCS139098155802,,,pickup,custom,al
7315807221,montgomery,17500,2015,toyota,camry,,4 cylinders,gas,13690,clean,automatic,4T1BF1FK0FU068575,fwd,,sedan,white,al
7315807197,montgomery,11685,2016,toyota,corolla,,4 cylinders,gas,106668,clean,automatic,2T1BURHEXGC518019,fwd,,sedan,black,al
7315760910,montgomery,15590,2016,chevrolet,cruze limited 1lt,good,,gas,7076,clean,automatic,1G1PE5SB2G7164646,fwd,,sedan,blue,al
7315726979,montgomery,31990,2017,bmw,3 series 340i sedan 4d,good,,gas,19366,clean,automatic,WBA8B3G37HNU36029,rwd,,sedan,red,al
7315701606,montgomery,12500,2009,chevrolet,tahoe,,8 cylinders,other,189188,clean,automatic,1GNFC23009R101905,,,SUV,black,al
7315488483,montgomery,32590,2016,subaru,wrx sti sedan 4d,good,,other,21195,clean,other,JF1VA2V62G9811497,,,sedan,white,al
7315456302,montgomery,30990,2014,ford,f150 supercrew cab fx4,good,,other,67344,clean,other,1FTFW1ET2EKF44481,4wd,,pickup,orange,al
7315450570,montgomery,38590,2019,acura,rdx sh-awd a-spec pkg,good,,gas,28086,clean,other,5J8TC2H62KL037305,,,other,blue,al
7315385316,montgomery,25590,2018,chrysler,pacifica touring plus,good,6 cylinders,gas,8666,clean,other,2C4RC1FG0JR108229,fwd,,van,,al
7315379380,montgomery,29990,2015,gmc,canyon extended cab sle,good,,other,16701,clean,other,1GTH6BEA8F1155669,4wd,,pickup,silver,al
7315372978,montgomery,28590,2013,subaru,impreza wrx sti sedan 4d,good,,other,50764,clean,other,JF1GV8J61DL007096,,,sedan,black,al
7315373194,montgomery,37990,2018,tesla,model 3 mid range sedan 4d,good,,electric,25934,clean,other,5YJ3E1EA5JF153448,rwd,,sedan,,al
7315339617,montgomery,14500,2009,chevrolet,silverado 1500 extended cab,,8 cylinders,other,146875,clean,automatic,1GCEK19069Z148400,4wd,,pickup,green,al
7315339575,montgomery,4500,2005,chevrolet,cobalt,,4 cylinders,gas,136796,clean,manual,1G1AK52F857660064,fwd,,sedan,black,al
7315339531,montgomery,6900,2009,mercury,mariner,,6 cylinders,gas,133654,clean,automatic,4M2CU87G59KJ05583,,,SUV,blue,al
7315339491,montgomery,9300,2009,honda,accord,,6 cylinders,gas,161177,clean,automatic,1HGCP36869A041281,fwd,,sedan,custom,al
7315339447,montgomery,11400,2009,chevrolet,colorado crew cab,,4 cylinders,gas,95490,clean,automatic,1GCCS139098155802,,,pickup,custom,al
7315339404,montgomery,17500,2015,toyota,camry,,4 cylinders,gas,13690,clean,automatic,4T1BF1FK0FU068575,fwd,,sedan,white,al
7315339363,montgomery,11685,2016,toyota,corolla,,4 cylinders,gas,106668,clean,automatic,2T1BURHEXGC518019,fwd,,sedan,black,al
7315267976,montgomery,12500,2009,chevrolet,tahoe,,8 cylinders,other,189188,clean,automatic,1GNFC23009R101905,,,SUV,black,al
7314970799,montgomery,24590,2017,chevrolet,silverado 1500 regular,good,6 cylinders,gas,40784,clean,other,1GCNCNEH7HZ118773,,,pickup,white,al
7314959203,montgomery,34590,2016,chevrolet,silverado 1500 double,good,6 cylinders,gas,29499,clean,other,1GCVKREH6GZ228691,4wd,,pickup,silver,al
7314915694,montgomery,28990,2014,ford,f150 super cab xlt pickup,good,,other,36038,clean,other,1FTFX1ET9EFB13920,4wd,,pickup,black,al
7314897476,montgomery,29990,2019,chevrolet,camaro lt coupe 2d,good,6 cylinders,gas,6727,clean,other,1G1FA1RS3K0128309,rwd,,coupe,red,al
7314854367,montgomery,25590,2015,gmc,sierra 1500 regular cab,good,6 cylinders,other,35290,clean,other,1GTN1TEH9FZ243281,,,pickup,white,al
7314764206,montgomery,31990,2014,gmc,yukon xl 1500 denali sport,good,,other,57899,clean,other,1GKS2MEFXER152687,,,SUV,black,al
7314764181,montgomery,30990,2019,mazda,mx-5 miata grand touring,good,,gas,4936,clean,other,JM1NDAD70K0306349,rwd,,other,black,al
7314675549,montgomery,4200,2009,hyundai,sonata,excellent,4 cylinders,gas,93000,clean,automatic,,fwd,compact,sedan,black,al
7314617710,montgomery,28590,2018,dodge,charger gt sedan 4d,good,,other,40762,clean,other,2C3CDXJG5JH207667,,,sedan,black,al
7314617715,montgomery,22590,2017,ram,1500 regular cab tradesman,good,8 cylinders,gas,39508,clean,other,3C6JR6DT3HG557601,,,pickup,white,al
7314617703,montgomery,16590,2015,volkswagen,beetle 1.8t fleet,good,,gas,39649,clean,other,3VWF17AT1FM655022,fwd,,hatchback,black,al
7314617706,montgomery,23590,2017,nissan,frontier king cab sv,good,,other,29935,clean,other,1N6BD0CT2HN727705,fwd,,pickup,silver,al
7314617672,montgomery,30990,2019,ford,ranger supercrew xl pickup,good,,gas,5468,clean,other,1FTER4EH2KLB19171,,,pickup,white,al
7314617663,montgomery,16590,2014,volkswagen,jetta sportwagen 2.0l,good,,gas,40364,clean,automatic,3VWPL7AJ7EM627964,fwd,,wagon,red,al
7314617725,montgomery,31590,2019,cadillac,xt4 sport suv 4d,good,,other,12102,clean,other,1GYFZER40KF121673,fwd,,hatchback,black,al
7314421550,montgomery,17998,2017,toyota,camry se,excellent,,gas,43184,clean,automatic,4T1BF1FKXHU440894,,,,black,al
7314283588,montgomery,19998,2020,ford,escape s,excellent,,gas,26561,clean,automatic,1FMCU0F67LUA59696,,,,,al
7314105433,montgomery,3400,2002,acura,tlx,,,gas,180000,clean,automatic,,,,,,al
7313920594,montgomery,7950,2010,cadillac,cts 4,good,6 cylinders,gas,229707,clean,automatic,1G6DC5EG3A0140589,4wd,mid-size,sedan,black,al
7313910261,montgomery,11950,2012,lexus,es350 nav,good,6 cylinders,gas,134049,clean,automatic,JTHBK1EGXC2499699,fwd,mid-size,sedan,black,al
7313908263,montgomery,12950,2011,mercedes-benz,benz ml 350 4-matic,excellent,6 cylinders,gas,108527,clean,automatic,4JGBB8GB4BA669700,4wd,mid-size,SUV,black,al
7313881315,montgomery,29900,2017,ford,expedition platinum 4x4 gas,excellent,6 cylinders,gas,72849,rebuilt,automatic,1FMJU1MT8HEA72402,4wd,full-size,SUV,white,al
7313853140,montgomery,5000,2004,infiniti,g35,like new,6 cylinders,gas,150000,clean,automatic,,rwd,full-size,sedan,red,al
7313818140,montgomery,9500,1985,chrysler,5th avenue,excellent,8 cylinders,gas,35300,clean,automatic,,rwd,mid-size,sedan,,al
7313789798,montgomery,38990,2019,toyota,tundra crewmax sr5 pickup,good,8 cylinders,gas,15520,clean,other,5TFEM5F15KX140773,,,pickup,silver,al
7313789777,montgomery,39990,2019,nissan,370z nismo coupe 2d,good,6 cylinders,gas,8373,clean,other,JN1AZ4EH8KM420880,rwd,,coupe,white,al
7313785237,montgomery,29990,2018,chevrolet,colorado crew cab work,good,6 cylinders,gas,11401,clean,other,1GCGTBEN7J1162712,4wd,,pickup,red,al
7313785205,montgomery,36990,2015,chevrolet,tahoe lt sport utility,good,8 cylinders,other,51677,clean,other,1GNSCBKC8FR712092,,,other,black,al
7313785183,montgomery,26990,2016,ford,f150 regular cab xl pickup,good,6 cylinders,gas,14230,clean,other,1FTMF1CP3GKD62143,,,pickup,black,al
7313785087,montgomery,28590,2017,ram,1500 quad cab express pickup,good,,other,41816,clean,other,1C6RR7FG2HS618342,4wd,,pickup,,al
7313780377,montgomery,17990,2018,chevrolet,cruze lt diesel,good,,gas,41076,clean,other,3G1BG6SE1JS569278,fwd,,hatchback,,al
7313755509,montgomery,11000,2012,dodge,challenger,excellent,6 cylinders,gas,153000,clean,automatic,,fwd,full-size,coupe,blue,al
7313690076,montgomery,2950,2001,,OLDSMOBILE INTRIGUE,,,gas,103500,clean,automatic,1G3WS52H61F262625,,,,,al
7313688695,montgomery,7950,2011,dodge,durango,,6 cylinders,gas,131500,clean,automatic,1D4RD4GG2BC729868,,,,,al
7313586566,montgomery,10500,1978,chevrolet,c10 stepside,good,8 cylinders,gas,0,clean,other,,rwd,,truck,custom,al
7313573476,montgomery,0,2015,dodge,i,,,diesel,0,clean,other,1.52E+16,,,other,white,al
7313482024,montgomery,28990,2019,ford,ranger supercab xl pickup,good,,other,18341,clean,other,1FTER1EH8KLA84859,,,pickup,white,al
7313445537,montgomery,9950,2007,jaguar,s-type r,excellent,8 cylinders,gas,97687,clean,automatic,SAJWA03C971N77192,rwd,mid-size,sedan,black,al
7313445019,montgomery,8950,2011,honda,odyssey ex-l,good,6 cylinders,gas,164406,clean,automatic,5FNRL5H6XBB060957,fwd,mid-size,mini-van,grey,al
7313444254,montgomery,13950,2008,chevrolet,silverado 2500hd,fair,8 cylinders,diesel,332488,clean,automatic,1GCHK23658F166712,4wd,full-size,pickup,silver,al
7313443794,montgomery,7950,2006,ford,f-350 xl cab & chassis,good,10 cylinders,gas,216486,clean,manual,1FDWF36Y16EB49841,rwd,full-size,truck,white,al
7313443220,montgomery,11950,2009,chevrolet,1500 avalanche ltz 4x4,good,8 cylinders,gas,179935,clean,automatic,3GNFK32049G198231,4wd,full-size,pickup,black,al
7313442906,montgomery,8950,2009,lexus,is 250 awd nav,good,4 cylinders,gas,134730,clean,automatic,JTHCK262895030552,4wd,mid-size,sedan,blue,al
7313442602,montgomery,7950,2012,toyota,prius v hatchback,good,4 cylinders,hybrid,156553,clean,automatic,JTDZN3EU0C3125217,fwd,mid-size,hatchback,silver,al
7313442214,montgomery,8950,2015,mazda,cx-5 sport,good,4 cylinders,gas,170231,clean,automatic,JM3KE2BE9F0466900,fwd,mid-size,SUV,grey,al
7313441676,montgomery,11950,2013,bmw,328i nav sport pkg.,excellent,6 cylinders,gas,85798,clean,automatic,WBA3A5G53DNP22576,rwd,mid-size,sedan,blue,al
7313440294,montgomery,36990,2016,gmc,sierra 2500 hd double cab,good,8 cylinders,gas,23190,clean,other,1GT22REG1GZ401351,4wd,,pickup,black,al
7313441282,montgomery,8950,2015,volkswagen,passat tsi wolfsburg,excellent,4 cylinders,gas,100274,clean,automatic,1VWAT7A31FC018187,fwd,mid-size,sedan,white,al
7313440875,montgomery,13950,2013,chevrolet,suburban ltz,good,8 cylinders,gas,212134,clean,automatic,1GNSCKE09DR191950,rwd,full-size,SUV,white,al
7313439395,montgomery,27990,2012,toyota,tacoma double cab pickup,good,6 cylinders,gas,67245,clean,other,5TFLU4EN4CX030112,4wd,,pickup,silver,al
7313440391,montgomery,9950,2013,volvo,s-60 t5,good,5 cylinders,gas,90562,clean,automatic,YV1612FS202199522,fwd,mid-size,sedan,grey,al
7313439968,montgomery,7950,2008,ford,f-150 xl,,6 cylinders,gas,147700,clean,automatic,1FTRF12208KB62849,rwd,full-size,truck,white,al
7313439552,montgomery,9950,2011,ford,f-150 xl 4x4,good,6 cylinders,gas,136341,clean,automatic,1FTMF1EM5BFC07419,4wd,full-size,pickup,white,al
7313394623,montgomery,29990,2016,nissan,frontier crew cab pro-4x,good,6 cylinders,gas,24661,clean,automatic,1N6AD0EV9GN771399,4wd,,pickup,white,al
7313349271,montgomery,25990,2019,ram,1500 classic regular cab,good,8 cylinders,gas,12302,clean,other,3C6JR6DT3KG560649,,,pickup,white,al
7313325273,montgomery,33990,2013,gmc,sierra 1500 crew cab slt,good,8 cylinders,other,34413,clean,other,3GTP2WE76DG226983,4wd,,pickup,red,al
7313268504,montgomery,36590,2019,chevrolet,silverado 1500 crew,good,8 cylinders,gas,7619,clean,other,3GCPWCED5KG232523,,,pickup,white,al
7313210685,montgomery,16900,2015,kia,optima,good,4 cylinders,gas,82999,clean,automatic,5XXGR4A65FG391393,fwd,,sedan,white,al
7313210659,montgomery,19900,2011,cadillac,escalade,good,8 cylinders,gas,133257,clean,automatic,1GYS3DEF8BR175139,rwd,full-size,SUV,white,al
7313210647,montgomery,18900,2019,nissan,altima,good,4 cylinders,gas,47421,clean,automatic,1N4BL4EV0KC188117,fwd,,sedan,grey,al
7313210642,montgomery,19900,2019,hyundai,sonata,good,4 cylinders,gas,21872,clean,automatic,5NPE34AF0KH789800,fwd,,sedan,white,al
7312925826,montgomery,37990,2016,toyota,tundra double cab sr,good,8 cylinders,gas,22870,clean,other,5TFUM5F13GX069124,4wd,,pickup,black,al
7312919496,montgomery,27990,2017,chevrolet,colorado extended cab,good,,gas,22120,clean,other,1GCHSCEA7H1203280,,,pickup,,al
7312919492,montgomery,39590,2018,toyota,4runner limited sport,good,6 cylinders,gas,34199,clean,other,JTEBU5JR6J5526981,4wd,,other,red,al
7312858362,montgomery,32990,2019,chevrolet,silverado 1500 ld,good,,other,6897,clean,other,2GCVKNEC8K1187169,,,pickup,black,al
7312824321,montgomery,34990,2020,jeep,wrangler sport s utility 2d,good,,other,131,clean,other,1C4GJXAG9LW342886,4wd,,other,black,al
7312780913,montgomery,33990,2018,gmc,sierra 1500 double cab sle,good,6 cylinders,gas,24299,clean,other,1GTV2MEHXJZ346690,4wd,,pickup,white,al
7312741068,montgomery,35990,2016,dodge,challenger r/t scat pack,good,,other,18955,clean,other,2C3CDZFJ5GH184898,rwd,,coupe,black,al
7312670036,montgomery,5500,2008,bmw,3 series 328i xdrive,like new,6 cylinders,gas,200000,clean,automatic,,,,coupe,,al
7312614202,montgomery,10000,1975,bmw,2002,good,4 cylinders,gas,100000,clean,manual,,rwd,,sedan,red,al
7312589862,montgomery,5700,2007,jeep,grand cherokee laredo,excellent,8 cylinders,gas,164000,clean,automatic,,4wd,full-size,SUV,red,al
7312529633,montgomery,2000,2001,,4-door sedan,,,gas,116000,clean,automatic,,,,,grey,al
7312496839,montgomery,13500,2011,lexus,rx 450h,good,6 cylinders,hybrid,112000,clean,automatic,,4wd,full-size,SUV,blue,al
7312431772,montgomery,21990,2011,ford,ranger super cab xlt pickup,good,6 cylinders,gas,32652,clean,other,1FTKR4EE6BPB03346,,,pickup,,al
7312402834,montgomery,27990,2014,toyota,tacoma access cab pickup,good,,other,17805,clean,other,5TFTX4CN3EX042751,,,pickup,red,al
7312375277,montgomery,17990,2015,volkswagen,golf tdi sel,good,,diesel,51482,clean,other,3VW2A7AU4FM096184,fwd,,sedan,white,al
7312375061,montgomery,35990,2015,ford,mustang gt premium coupe 2d,good,8 cylinders,gas,4899,clean,other,1FA6P8CF9F5375018,rwd,,coupe,red,al
7312318411,montgomery,38590,2011,chevrolet,corvette grand sport,good,8 cylinders,gas,30237,clean,other,1G1YR3DW3B5102190,rwd,,other,red,al
7312318406,montgomery,38990,2017,jeep,wrangler unlimited rubicon,good,6 cylinders,gas,20676,clean,other,1C4BJWFG3HL547853,4wd,,other,red,al
7312273975,montgomery,17990,2012,volkswagen,touareg tdi sport suv,good,6 cylinders,gas,93185,clean,other,WVGFK9BP2CD004871,,,other,white,al
7312194649,montgomery,5500,1999,,blue bird bus,excellent,6 cylinders,diesel,220000,clean,automatic,,rwd,full-size,bus,yellow,al
7312183805,montgomery,6800,2005,,blue bird bus,excellent,6 cylinders,diesel,180000,clean,automatic,,rwd,,bus,yellow,al
7312165643,montgomery,22950,2011,ford,e-450,excellent,10 cylinders,gas,64351,clean,automatic,,rwd,,bus,,al
7312162311,montgomery,39950,2013,,Freightliner M2 106,excellent,8 cylinders,diesel,223131,clean,automatic,,rwd,,truck,,al
7312148526,montgomery,24950,2008,ram,3500,excellent,8 cylinders,diesel,94509,clean,automatic,,rwd,,truck,,al
7311973932,montgomery,31990,2017,ram,1500 crew cab big horn,good,8 cylinders,gas,35921,clean,other,3C6RR6LT6HG542059,,,pickup,white,al
7311909195,montgomery,31590,2013,ford,f150 supercrew cab fx4,good,,other,68089,clean,other,1FTFW1ET9DKE33277,4wd,,pickup,red,al
7311908991,montgomery,24990,2013,gmc,sierra 1500 extended cab sle,good,8 cylinders,gas,70559,clean,other,1GTR2VE73DZ402410,4wd,,pickup,black,al
7311902703,montgomery,35590,2017,ford,f150 supercrew cab xlt,good,6 cylinders,gas,36536,clean,other,1FTEW1CG1HFA71204,,,pickup,silver,al
7311801071,montgomery,27590,2014,ram,1500 crew cab big horn,good,6 cylinders,other,47811,clean,other,1C6RR7LG8ES332043,4wd,,pickup,red,al
7311801056,montgomery,29590,2017,ford,expedition xlt sport,good,6 cylinders,gas,70760,clean,other,1FMJU1JT1HEA52352,4wd,,SUV,blue,al
7311628402,montgomery,4999,2002,toyota,camry,good,4 cylinders,gas,152212,clean,manual,JTDBE32K320029537,fwd,mid-size,sedan,silver,al
7311477627,montgomery,5600,1994,cadillac,deville,good,8 cylinders,gas,120000,clean,automatic,,fwd,full-size,sedan,green,al
7311455555,montgomery,32990,2011,bmw,z4 sdrive35is roadster 2d,good,,other,45858,clean,other,WBALM1C55BE393513,rwd,,other,red,al
7311455666,montgomery,39590,2017,chevrolet,camaro ss coupe 2d,good,8 cylinders,gas,10496,clean,other,1G1FE1R71H0109878,rwd,,coupe,white,al
7311448982,montgomery,22590,2013,ford,f150 super cab xl pickup 4d,good,6 cylinders,other,14169,clean,other,1FTEX1CMXDFB16329,,,pickup,silver,al
7311448983,montgomery,16990,2011,gmc,sierra 1500 regular cab work,good,6 cylinders,gas,39219,clean,other,1GTN1TEX0BZ109969,,,pickup,black,al
7311375872,montgomery,29590,2015,chevrolet,silverado 1500 double,good,,other,43874,clean,other,1GCRCREH8FZ284841,,,pickup,,al
7311345352,montgomery,28590,2017,chevrolet,silverado 1500 regular,good,6 cylinders,gas,102,clean,other,1GCNCNEH7HZ206660,,,pickup,red,al
7311273262,montgomery,31990,2020,mazda,mx-5 miata grand touring,good,,gas,2408,clean,other,JM1NDAD73L0412540,rwd,,other,white,al
7311111237,montgomery,4500,2010,toyota,camry,,4 cylinders,gas,278000,clean,automatic,,,,,silver,al
7310979744,montgomery,18590,2017,mitsubishi,outlander sport es,good,,other,18994,clean,other,JA4AR3AU2HZ024329,4wd,,hatchback,blue,al
7310962112,montgomery,22990,2017,infiniti,qx50 sport utility 4d,good,,other,21297,clean,other,JN1BJ0RP2HM382528,,,hatchback,black,al
7310924380,montgomery,33990,2018,infiniti,q60 3.0t luxe coupe 2d,good,,other,24679,clean,other,JN1EV7EL2JM391345,,,coupe,black,al
7310908774,montgomery,8500,1993,nissan,300zx twin turbo,good,,gas,131000,clean,automatic,,,,,,al
7310878655,montgomery,31990,2017,infiniti,q60 3.0t premium coupe,good,,other,26646,clean,other,JN1EV7EL8HM551156,,,coupe,black,al
7310872393,montgomery,39590,2017,bmw,x5 xdrive35d sport utility,good,,other,29355,clean,other,5UXKS4C3XH0Y16045,,,other,silver,al
7310829935,montgomery,19590,2017,acura,ilx sedan 4d,good,,diesel,29014,clean,other,19UDE2F70HA013762,fwd,,sedan,black,al
7310794113,montgomery,39590,2018,bmw,x5 xdrive35d sport utility,good,,other,31904,clean,automatic,5UXKS4C5XJ0Y19129,,,SUV,black,al
7310708511,montgomery,4999,2003,,saab 9-3,excellent,4 cylinders,gas,146005,clean,automatic,YS3FB49S331008116,fwd,mid-size,sedan,grey,al
7310703785,montgomery,0,2014,ram,,,,diesel,0,clean,automatic,,,,other,white,al
7310541681,montgomery,9950,2007,jaguar,s-type r,excellent,8 cylinders,gas,97687,clean,automatic,SAJWA03C971N77192,rwd,mid-size,sedan,black,al
7310518657,montgomery,8950,2011,honda,odyssey ex-l,good,6 cylinders,gas,164406,clean,automatic,5FNRL5H6XBB060957,fwd,mid-size,mini-van,grey,al
7310507240,montgomery,200,2021,,other,,,other,1234567,clean,other,,,,other,,al
7310493965,montgomery,35000,1966,ford,mustang,excellent,8 cylinders,gas,100000,clean,manual,6F08A743352,rwd,mid-size,convertible,red,al
7310460234,montgomery,15590,2016,,Scion iM Hatchback 4D,good,,other,64923,clean,other,JTNKARJE6GJ504489,fwd,,hatchback,blue,al
7310448222,montgomery,24990,2014,acura,mdx sh-awd sport utility,good,6 cylinders,gas,52396,clean,automatic,5FRYD4H81EB042046,,,SUV,silver,al
7310428827,montgomery,29990,2018,audi,q5 premium sport utility 4d,good,,diesel,23243,clean,other,WA1ANAFY9J2059217,,,other,silver,al
7310390186,montgomery,14990,2016,,Scion iM Hatchback 4D,good,,gas,65203,clean,other,JTNKARJE4GJ508198,fwd,,hatchback,red,al
7310351265,montgomery,30990,2018,acura,mdx technology pkg sport,good,,other,29342,clean,other,5J8YD3H5XJL001375,,,other,,al
7310344299,montgomery,65950,2017,cadillac,escalade,like new,8 cylinders,gas,15300,clean,automatic,,rwd,,,white,al
7310297119,montgomery,29990,2017,acura,mdx sh-awd sport utility,good,6 cylinders,gas,38311,clean,automatic,5FRYD4H31HB010397,,,other,silver,al
7310263816,montgomery,27990,2018,audi,q5 premium sport utility 4d,good,,gas,31033,clean,other,WA1ANAFY2J2198475,,,other,silver,al
7310033219,montgomery,9950,2011,ford,f-150 xl 4x4,good,6 cylinders,gas,136341,clean,automatic,1FTMF1EM5BFC07419,4wd,full-size,pickup,white,al
7310015408,montgomery,7950,2008,ford,f-150 xl,,6 cylinders,gas,147700,clean,automatic,1FTRF12208KB62849,rwd,full-size,truck,white,al
7309957338,montgomery,16590,2016,hyundai,sonata eco sedan 4d,good,,gas,39763,clean,other,5NPE24AAXGH436317,fwd,,sedan,white,al
7309957161,montgomery,16990,2018,hyundai,sonata se sedan 4d,good,,other,30948,clean,other,5NPE24AF6JH620222,,,sedan,blue,al
7309916449,montgomery,3500,1997,ford,f l50 xl long bed,fair,8 cylinders,gas,160,clean,automatic,,4wd,full-size,truck,black,al
7309900609,montgomery,3500,2003,cadillac,deville,good,8 cylinders,gas,268000,clean,automatic,,fwd,full-size,sedan,white,al
7309896790,montgomery,28990,2017,audi,a6 3.0t premium plus sedan,good,,other,45787,clean,other,WAUF2AFC1HN011497,,,sedan,white,al
7309855164,montgomery,30590,2017,audi,a6 3.0t premium plus sedan,good,6 cylinders,gas,24238,clean,automatic,WAUF2AFC7HN131952,,,sedan,white,al
7309855147,montgomery,27590,2018,lincoln,mkx reserve sport,good,6 cylinders,gas,48039,clean,other,2LMPJ6LR9JBL12696,fwd,,other,white,al
7309795161,montgomery,19990,2015,infiniti,qx60 3.5 sport utility,good,,other,96003,clean,other,5N1AL0MM5FC519184,,,other,silver,al
7309733705,montgomery,30590,2018,infiniti,qx60 3.5 sport utility,good,6 cylinders,gas,47107,clean,other,5N1DL0MM7JC508676,,,SUV,black,al
7309719811,montgomery,3800,2003,toyota,camry solara convertible,,,gas,150042,clean,automatic,,,,,,al
7309495799,montgomery,3850,2010,toyota,scion,good,4 cylinders,gas,168000,clean,automatic,,fwd,full-size,SUV,,al
7309491002,montgomery,0,1992,toyota,land cruiser prado,excellent,4 cylinders,diesel,160000,clean,automatic,,4wd,full-size,SUV,black,al
7309485074,montgomery,9950,2013,volvo,s-60 t5,good,5 cylinders,gas,90562,clean,automatic,YV1612FS202199522,fwd,mid-size,sedan,grey,al
7309393836,montgomery,42590,2017,lincoln,navigator l reserve,good,6 cylinders,gas,62776,clean,other,5LMJJ3LT1HEL02896,4wd,,SUV,white,al
7309390549,montgomery,13950,2013,chevrolet,suburban ltz,good,8 cylinders,gas,212134,clean,automatic,1GNSCKE09DR191950,rwd,full-size,SUV,white,al
7309389503,montgomery,8950,2013,volkswagen,jetta gli,good,4 cylinders,gas,123904,clean,automatic,3VW467AJ1DM256485,fwd,mid-size,sedan,black,al
7309388743,montgomery,8950,2015,volkswagen,passat tsi wolfsburg,excellent,4 cylinders,gas,100274,clean,automatic,1VWAT7A31FC018187,fwd,mid-size,sedan,white,al
7309388332,montgomery,11950,2013,bmw,328i nav sport pkg.,excellent,6 cylinders,gas,85798,clean,automatic,WBA3A5G53DNP22576,rwd,mid-size,sedan,blue,al
7309387973,montgomery,8950,2015,mazda,cx-5 sport,good,4 cylinders,gas,170231,clean,automatic,JM3KE2BE9F0466900,fwd,mid-size,SUV,grey,al
7309387639,montgomery,7950,2012,toyota,prius v hatchback,good,4 cylinders,hybrid,156553,clean,automatic,JTDZN3EU0C3125217,fwd,mid-size,hatchback,silver,al
7309386502,montgomery,8950,2009,lexus,is 250 awd nav,good,4 cylinders,gas,134730,clean,automatic,JTHCK262895030552,4wd,mid-size,sedan,blue,al
7309385988,montgomery,11950,2009,chevrolet,1500 avalanche ltz 4x4,good,8 cylinders,gas,179935,clean,automatic,3GNFK32049G198231,4wd,full-size,pickup,black,al
7309360766,montgomery,4000,2005,,VISION,,,diesel,200000,clean,automatic,,,,,,al
7309358383,montgomery,24990,2020,buick,encore gx select sport,good,,gas,4414,clean,other,KL4MMDSL5LB036323,fwd,,SUV,white,al
7309344240,montgomery,13590,2014,kia,soul + wagon 4d,good,,gas,80164,clean,other,KNDJP3A58E7033967,fwd,,wagon,brown,al
7309344710,montgomery,6150,2013,kia,soul,excellent,4 cylinders,gas,130200,clean,automatic,,rwd,mid-size,SUV,red,al
7309327442,montgomery,14500,2013,lexus,gs 350,good,6 cylinders,gas,110850,clean,automatic,JTHBE1BL4D5012277,rwd,full-size,sedan,custom,al
7309278101,montgomery,42590,2020,jaguar,e-pace p250 se sport,good,,other,7764,clean,other,SADFP2FX1L1000324,,,other,silver,al
7309257328,montgomery,12990,2014,,Scion xD Hatchback 4D,good,,other,81350,clean,other,JTKKUPB44E1043837,fwd,,hatchback,white,al
7309223052,montgomery,29990,2018,lexus,nx 300 sport utility 4d,good,,other,15923,clean,other,JTJYARBZ2J2097415,,,hatchback,white,al
7309199546,montgomery,34998,2019,toyota,highlander xle,excellent,,gas,20252,clean,automatic,5TDKZRFHXKS569180,,,,black,al
7309166260,montgomery,38590,2020,lincoln,continental sedan 4d,good,6 cylinders,gas,1772,clean,other,1LN6L9UK4L5602632,fwd,,sedan,black,al
7308865573,montgomery,25590,2017,ford,mustang v6 convertible 2d,good,6 cylinders,gas,11325,clean,other,1FATP8EM6H5342611,rwd,,convertible,red,al
7308854044,montgomery,33990,2018,jeep,wrangler unlimited willys,good,6 cylinders,gas,34636,clean,other,1C4BJWDG2JL806552,4wd,,other,white,al
7308842950,montgomery,36590,2019,gmc,sierra 1500 limited double,good,8 cylinders,gas,14222,clean,other,2GTV2LECXK1123316,4wd,,pickup,blue,al
7308842939,montgomery,40590,2020,chevrolet,silverado 1500 crew,good,,other,357,clean,other,1GCPWBEF7LZ124935,,,pickup,white,al
7308785039,montgomery,25990,2013,toyota,tacoma double cab,good,,other,64919,clean,other,3TMJU4GN2DM147344,,,pickup,white,al
7308740656,montgomery,46990,2014,chevrolet,corvette stingray,good,8 cylinders,gas,16966,clean,other,1G1YA3D74E5119018,rwd,,other,white,al
7308672674,montgomery,34590,2015,gmc,sierra 1500 crew cab sle,good,8 cylinders,gas,35423,clean,automatic,3GTU2UEC2FG198302,4wd,,pickup,,al
7308601170,montgomery,2600,2002,honda,odyssey,good,6 cylinders,gas,202000,clean,automatic,,fwd,mid-size,mini-van,brown,al
7308361795,montgomery,24193,2020,ford,escape sel,excellent,,gas,4664,clean,automatic,1FMCU0H61LUB17461,,,,,al
7308337559,montgomery,32990,2018,jeep,wrangler sahara (jk) sport,good,6 cylinders,gas,30533,clean,other,1C4AJWBGXJL935539,4wd,,SUV,black,al
7308337628,montgomery,27590,2013,toyota,tacoma access cab pickup,good,,other,43937,clean,other,5TFUU4EN6DX061948,4wd,,pickup,white,al
7308337835,montgomery,25990,2017,toyota,tacoma access cab sr,good,,gas,22820,clean,other,5TFRX5GN9HX090138,,,pickup,,al
7308337481,montgomery,28590,2017,jeep,wrangler sport suv 2d,good,6 cylinders,gas,37218,clean,other,1C4GJWAG4HL572192,4wd,,other,,al
7308337540,montgomery,36590,2019,toyota,4runner sr5 sport utility,good,,other,35204,clean,other,JTEBU5JR8K5627439,4wd,,SUV,black,al
7308337925,montgomery,33590,2015,mercedes-benz,e-class e 400,good,6 cylinders,gas,23623,clean,other,WDDKK6FF0FF307424,rwd,,convertible,white,al
7308209072,montgomery,59996,2020,ford,f-150 platinum,excellent,,gas,6808,clean,automatic,1FTEW1E46LFB00322,,,,blue,al
7308179647,montgomery,40990,2018,toyota,tundra crewmax sr5 pickup,good,8 cylinders,gas,25331,clean,other,5TFEY5F12JX230224,,,pickup,,al
7307788075,montgomery,22000,1958,ford,fairlane,good,8 cylinders,gas,97000,clean,manual,,rwd,full-size,sedan,red,al
7307670170,montgomery,39998,2020,ford,explorer limited,excellent,,gas,19891,clean,automatic,1FMSK8FH0LGB83213,,,,white,al
7307431364,montgomery,8500,2010,ford,expedition,excellent,8 cylinders,gas,187000,clean,automatic,,rwd,full-size,SUV,white,al
7307324404,montgomery,28590,2018,gmc,acadia sle-2 sport utility,good,6 cylinders,gas,20736,clean,other,1GKKNLLS2JZ178034,fwd,,other,white,al
7307301601,montgomery,24194,2020,ford,escape sel,excellent,,gas,3957,clean,automatic,1FMCU0H64LUB08530,,,,silver,al
7307292508,montgomery,28990,2017,gmc,acadia slt-1 sport utility,good,6 cylinders,gas,18041,clean,other,1GKKNMLS2HZ305977,fwd,,SUV,,al
7307292366,montgomery,24590,2019,chrysler,300 touring l sedan 4d,good,6 cylinders,gas,15557,clean,other,2C3CCAAG9KH637025,rwd,,sedan,black,al
7307292281,montgomery,20590,2017,lincoln,mkz premiere sedan 4d,good,,gas,36436,clean,other,3LN6L5A97HR666209,fwd,,sedan,,al
7307292217,montgomery,16590,2013,lincoln,mkz sedan 4d,good,,gas,61087,clean,other,3LN6L2G99DR819673,fwd,,sedan,red,al
7307278243,montgomery,1500,2001,buick,park avenue,,,gas,87000,clean,automatic,,,,,,al
7307181550,montgomery,15590,2012,mitsubishi,outlander se sport,good,,gas,55110,clean,automatic,JA4JT3AW4CU019108,4wd,,SUV,blue,al
7307132131,montgomery,23590,2018,chrysler,300 touring l sedan 4d,good,6 cylinders,gas,19677,clean,other,2C3CCARG7JH269205,,,sedan,black,al
7307067900,montgomery,30900,2015,chevrolet,silverado 1500,good,8 cylinders,gas,114800,clean,automatic,3GCUKSEC4FG336264,4wd,full-size,truck,custom,al
7307067874,montgomery,22900,2018,nissan,frontier,good,4 cylinders,gas,14570,clean,automatic,1N6BD0CT3JN730151,rwd,full-size,truck,custom,al
7307067840,montgomery,24900,2015,chevrolet,silverado 1500,good,8 cylinders,gas,119569,clean,automatic,3GCPCREC2FG522274,rwd,full-size,truck,white,al
7306922564,montgomery,1200,1996,gmc,sierra 1500,,,gas,95000,clean,automatic,,,,,,al
7306899969,montgomery,7950,2006,ford,f-350 xl cab & chassis,good,10 cylinders,gas,216486,clean,manual,1FDWF36Y16EB49841,rwd,full-size,truck,white,al
7306819577,montgomery,16990,2014,acura,ilx 2.0l sedan 4d,good,,other,44473,clean,other,19VDE1F37EE001597,,,sedan,silver,al
7306783745,montgomery,32498,2020,honda,accord touring 2.0t,excellent,,gas,36170,clean,automatic,1HGCV2F90LA004937,,,,white,al
7306781401,montgomery,30590,2017,infiniti,q60 3.0t premium coupe,good,6 cylinders,gas,34415,clean,other,JN1EV7EL2HM550097,,,coupe,black,al
7306741767,montgomery,15590,2015,mitsubishi,outlander sport es,good,,gas,30811,clean,automatic,4A4AP3AUXFE019890,,,hatchback,white,al
7306728376,montgomery,49990,2018,bmw,x5 xdrive50i sport utility,good,8 cylinders,gas,17083,clean,automatic,5UXKR6C56J0U14313,,,other,black,al
7306683046,montgomery,21990,2017,infiniti,qx50 sport utility 4d,good,6 cylinders,other,37011,clean,automatic,JN1BJ0RR8HM412097,,,hatchback,blue,al
7306639956,montgomery,3000,2002,ram,1500,good,8 cylinders,gas,176000,clean,automatic,,rwd,full-size,pickup,blue,al
7306635386,montgomery,41990,2018,bmw,x5 xdrive50i sport utility,good,8 cylinders,gas,42896,clean,automatic,5UXKR6C55J0U15176,,,other,blue,al
7306632291,montgomery,20998,2018,toyota,camry xle,excellent,,gas,55610,clean,automatic,4T1B11HK6JU554649,,,,,al
7306597275,montgomery,20590,2015,volkswagen,eos komfort,good,,gas,43470,clean,automatic,WVWBW8AH9FV001573,fwd,,convertible,black,al
7306314646,montgomery,15590,2016,,Scion iM Hatchback 4D,good,,gas,32573,clean,other,JTNKARJE9GJ510268,fwd,,hatchback,green,al
7306308183,montgomery,29590,2018,audi,q5 premium sport utility 4d,good,,gas,34476,clean,other,WA1ANAFY9J2064000,,,SUV,white,al
7306267147,montgomery,39998,2016,ford,f-150 platinum,excellent,,gas,74046,clean,automatic,1FTEW1EG9GFB00475,,,,black,al
7306248788,montgomery,3983,2008,volkswagen,jetta,,,gas,180000,clean,automatic,,,,,,al
7306238424,montgomery,34590,2019,acura,mdx sh-awd sport utility,good,,other,27387,clean,other,5J8YD4H34KL004925,,,SUV,black,al
7306238497,montgomery,30990,2018,acura,mdx sh-awd sport utility,good,6 cylinders,gas,34605,clean,other,5J8YD4H39JL014431,,,SUV,white,al
7306172336,montgomery,15990,2016,,Scion iM Hatchback 4D,good,,gas,29652,clean,other,JTNKARJEXGJ517925,fwd,,hatchback,blue,al
7306120351,montgomery,31990,2018,audi,q5 premium sport utility 4d,good,,gas,13781,clean,other,WA1ANAFY1J2023568,,,SUV,black,al
7306117055,montgomery,64998,2020,ford,expedition limited,excellent,,gas,26806,clean,automatic,1FMJU2AT7LEA29432,,,,white,al
7306100010,montgomery,29590,2018,acura,mdx sport utility 4d,good,6 cylinders,gas,28921,clean,other,5J8YD3H3XJL003612,fwd,,other,,al
7306007986,montgomery,3200,2004,chevrolet,suburban lt,fair,8 cylinders,gas,222753,clean,automatic,,,,SUV,blue,al
7305986891,montgomery,5000,1989,pontiac,firebird,good,8 cylinders,gas,142307,clean,automatic,,fwd,compact,coupe,red,al
7305893498,montgomery,13950,2008,chevrolet,silverado 2500hd,fair,8 cylinders,diesel,332488,clean,automatic,1GCHK23658F166712,4wd,full-size,pickup,silver,al
7305788660,montgomery,38990,2020,infiniti,qx60 luxe sport utility,good,6 cylinders,gas,5279,clean,other,5N1DL0MN9LC508268,fwd,,other,black,al
7305761870,montgomery,18590,2018,hyundai,sonata sel sedan 4d,good,,gas,24703,clean,other,5NPE34AF1JH651777,fwd,,sedan,black,al
7305743767,montgomery,82998,2020,gmc,sierra 3500hd denali,excellent,,gas,8420,clean,automatic,1GT49WEY0LF270114,,,,black,al
7305735076,montgomery,18590,2018,hyundai,sonata sel sedan 4d,good,,gas,22075,clean,other,5NPE34AF7JH658815,fwd,,sedan,white,al
7305707399,montgomery,39588,2009,,FREIGHTLINER M2,excellent,6 cylinders,diesel,217812,clean,automatic,,rwd,full-size,truck,white,al
7305686611,montgomery,28990,2018,lincoln,mkx select sport utility,good,6 cylinders,gas,27343,clean,other,2LMPJ8KR4JBL11498,,,SUV,,al
7305644982,montgomery,30990,2018,lincoln,mkx reserve sport,good,,other,30417,clean,automatic,2LMPJ8LR1JBL29309,,,SUV,black,al
7305606524,montgomery,29990,2018,audi,a6 2.0t premium plus sedan,good,,other,24996,clean,automatic,WAUG8AFC8JN040987,,,sedan,silver,al
7305585554,montgomery,11989,2016,dodge,journey sxt,excellent,,gas,112282,clean,automatic,3C4PDCBG9GT141385,,,,white,al
7305545431,montgomery,28990,2018,audi,a6 2.0t premium sedan 4d,good,,gas,30687,clean,automatic,WAUF8AFC3JN009335,,,sedan,white,al
7305243449,montgomery,12590,2013,,Scion xD Hatchback 4D,good,,gas,91825,clean,other,JTKKUPB4XD1037474,fwd,,hatchback,,al
7305220643,montgomery,15590,2016,kia,soul wagon 4d,good,,gas,23972,clean,other,KNDJN2A28G7302820,fwd,,wagon,brown,al
7305220640,montgomery,22590,2020,buick,encore gx select sport,good,,other,5144,clean,other,KL4MMDSL8LB104338,,,SUV,red,al
7305176356,montgomery,40990,2017,lincoln,navigator l select sport,good,,other,31843,clean,automatic,5LMJJ3JT2HEL11304,4wd,,SUV,black,al
7305140399,montgomery,27990,2017,lincoln,continental select sedan,good,6 cylinders,gas,19492,clean,automatic,1LN6L9TK4H5636420,,,sedan,,al
7305140402,montgomery,36590,2018,jaguar,e-pace p300 r-dynamic s,good,,other,5837,clean,other,SADFT2GX7J1Z30638,,,SUV,black,al
7305140281,montgomery,30990,2018,lexus,nx 300h sport utility 4d,good,,hybrid,27205,clean,automatic,JTJBJRBZXJ2094073,,,hatchback,silver,al
7304884943,montgomery,43500,2020,ford,f150 xlt,new,8 cylinders,gas,13500,lien,automatic,1FTEW1C59LKE27249,rwd,,pickup,black,al
7304882136,montgomery,6700,2014,chrysler,200,good,6 cylinders,gas,110000,lien,automatic,1C3CCBBG4EN132400,fwd,mid-size,sedan,red,al
7304803183,montgomery,25990,2013,ram,1500 quad cab sport pickup,good,8 cylinders,gas,81852,clean,other,1C6RR6HTXDS573133,,,pickup,black,al
7304786373,montgomery,58998,2020,ford,f-150 lariat,excellent,,gas,3421,clean,automatic,1FTEW1EP4LFC42677,,,,black,al
7304783185,montgomery,32990,2015,chevrolet,camaro ss coupe 2d,good,8 cylinders,gas,11531,clean,other,2G1FK1EJ2F9150131,rwd,,coupe,blue,al
7304737280,montgomery,18590,2017,toyota,camry le sedan 4d,good,,gas,30223,clean,other,4T1BF1FK4HU421581,fwd,,sedan,silver,al
7304685540,montgomery,15990,2018,ford,focus se hatchback 4d,good,,other,14178,clean,other,1FADP3K25JL291324,,,hatchback,white,al
7304685440,montgomery,36590,2017,chevrolet,camaro ss coupe 2d,good,8 cylinders,gas,14020,clean,other,1G1FE1R76H0165878,rwd,,coupe,blue,al
7304622280,montgomery,33590,2020,chevrolet,silverado 1500 double,good,6 cylinders,other,15591,clean,other,1GCRYAEH3LZ179610,4wd,,pickup,white,al
7304619604,montgomery,31990,2020,hyundai,santa fe 2.4 limited,good,,gas,10064,clean,other,5NMS53AD4LH143731,fwd,,SUV,black,al
7304310655,montgomery,8950,2009,lexus,is 250 awd nav,good,4 cylinders,gas,134730,clean,automatic,JTHCK262895030552,4wd,mid-size,sedan,blue,al
7304309955,montgomery,7950,2012,toyota,prius v hatchback,good,4 cylinders,hybrid,156553,clean,automatic,JTDZN3EU0C3125217,fwd,mid-size,hatchback,silver,al
7304309456,montgomery,8950,2015,mazda,cx-5 sport,good,4 cylinders,gas,170231,clean,automatic,JM3KE2BE9F0466900,fwd,mid-size,SUV,grey,al
7304309003,montgomery,11950,2013,bmw,328i nav sport pkg.,excellent,6 cylinders,gas,85798,clean,automatic,WBA3A5G53DNP22576,rwd,mid-size,sedan,blue,al
7304307514,montgomery,8950,2015,volkswagen,passat tsi wolfsburg,excellent,4 cylinders,gas,100274,clean,automatic,1VWAT7A31FC018187,fwd,mid-size,sedan,white,al
7304307147,montgomery,7950,2008,toyota,highlander v-6,good,6 cylinders,gas,201920,clean,automatic,JTEDS41A182053943,rwd,mid-size,SUV,black,al
7304306579,montgomery,11950,2009,chevrolet,1500 avalanche ltz 4x4,good,8 cylinders,gas,179935,clean,automatic,3GNFK32049G198231,4wd,full-size,pickup,black,al
7304305196,montgomery,3950,2006,volvo,v-70 2.5t,good,5 cylinders,gas,272641,clean,automatic,YV1SW592862575768,fwd,mid-size,wagon,silver,al
7304304571,montgomery,5950,2012,ford,escape xlt,good,4 cylinders,gas,182705,clean,automatic,1FMCU0D71CKA41346,fwd,mid-size,SUV,black,al
7304272009,montgomery,43063,2018,ford,f-150 lariat,excellent,,gas,64983,clean,automatic,1FTEW1EG5JKF63972,,,,white,al
7304269029,montgomery,62990,2020,mercedes-benz,e-class e 450,good,6 cylinders,gas,12145,clean,other,WDD1J6HB9LF128139,rwd,,coupe,red,al
7304262767,montgomery,35990,2020,toyota,4runner sr5 sport utility,good,6 cylinders,gas,33556,clean,other,JTEBU5JR7L5790715,4wd,,SUV,black,al
7304236836,montgomery,27990,2016,jeep,wrangler unlimited willys,good,,other,58916,clean,other,1C4BJWDG2GL197312,4wd,,SUV,silver,al
7304203848,montgomery,39590,2020,toyota,4runner sr5 sport utility,good,6 cylinders,gas,3110,clean,other,JTEBU5JR2L5746055,4wd,,SUV,white,al
7304177271,montgomery,40888,2020,jeep,gladiator,,,gas,19069,clean,automatic,1C6HJTAGXLL119987,4wd,,,black,al
7304165160,montgomery,49590,2020,mercedes-benz,e-class e 350,good,,other,4616,clean,other,W1KZF8DB9LA769245,,,sedan,black,al
7304129438,montgomery,37590,2015,toyota,tundra crewmax 1794,good,8 cylinders,diesel,62718,clean,automatic,5TFGY5F11FX174678,,,pickup,red,al
7304119999,montgomery,48407,2020,ford,expedition max xlt,excellent,,gas,13864,clean,automatic,1FMJK1HTXLEA25218,,,,black,al
7304075182,montgomery,26990,2020,toyota,tacoma access cab sr5,good,,gas,8625,clean,other,5TFRX5GN0LX165463,,,pickup,red,al
7303756200,montgomery,12499,2018,ford,focus se,excellent,,gas,69319,clean,automatic,1FADP3K2XJL207692,,,,black,al
7303688077,montgomery,21990,2019,jeep,renegade sport suv 4d,good,,gas,13869,clean,other,ZACNJBAB0KPK69737,4wd,,other,silver,al
7303681343,montgomery,51990,2018,cadillac,escalade esv premium,good,8 cylinders,other,72367,clean,automatic,1GYS4JKJ6JR198941,4wd,,SUV,black,al
7303681284,montgomery,63990,2019,audi,q8 premium sport utility 4d,good,,other,20126,clean,automatic,WA1AVAF19KD013248,,,other,black,al
7303681244,montgomery,29990,2018,alfa-romeo,romeo stelvio ti sport,good,,other,26978,clean,other,ZASFAKBN3J7B64774,,,hatchback,,al
7303653430,montgomery,0,2018,,peterbilt 579,,,diesel,1,clean,automatic,,,,,,al
7303606585,montgomery,32590,2020,,Genesis G70 2.0T Sedan 4D,good,,other,4171,clean,other,KMTG64LA2LU056383,,,sedan,white,al
7303600540,montgomery,34990,2020,cadillac,xt4 sport suv 4d,good,,diesel,4174,clean,other,1GYFZFR46LF088296,,,hatchback,white,al
7303568470,montgomery,10990,2013,nissan,sentra s sedan 4d,good,,gas,81557,clean,other,3N1AB7AP2DL658501,fwd,,sedan,red,al
7303286635,montgomery,23990,2017,lincoln,mkz reserve sedan 4d,good,,gas,28565,clean,other,3LN6L5E96HR662842,fwd,,sedan,,al
7303262354,montgomery,26990,2018,gmc,acadia sle-2 sport utility,good,6 cylinders,gas,26514,clean,other,1GKKNLLS5JZ181591,fwd,,SUV,,al
7303232457,montgomery,33998,2017,ford,explorer limited,excellent,,gas,42037,clean,automatic,1FM5K7FH2HGB03697,,,,red,al
7303190371,montgomery,14590,2012,bmw,1 series 128i coupe 2d,good,,other,80465,clean,other,WBAUP9C53CVL91190,,,coupe,black,al
7303164475,montgomery,10500,2011,lincoln,mks,excellent,6 cylinders,gas,162200,clean,automatic,,rwd,full-size,sedan,black,al
7303157301,montgomery,20590,2018,chrysler,300 limited sedan 4d,good,6 cylinders,gas,71021,clean,other,2C3CCAEG6JH123125,rwd,,sedan,black,al
7303130916,montgomery,24990,2020,mitsubishi,outlander gt sport,good,,other,28945,clean,other,JA4JZ4AX3LZ036515,4wd,,SUV,white,al
7303087710,montgomery,36590,2020,gmc,acadia denali sport utility,good,6 cylinders,gas,33026,clean,other,1GKKNXLS6LZ134810,,,SUV,black,al
7303078437,montgomery,48407,2020,ford,expedition max xlt,excellent,,gas,13864,clean,automatic,1FMJK1HTXLEA25218,,,,black,al
7303037161,montgomery,30990,2020,gmc,acadia slt sport utility 4d,good,6 cylinders,gas,35200,clean,other,1GKKNULSXLZ132766,,,SUV,white,al
7302988271,montgomery,40900,2021,toyota,tacoma 4wd,good,6 cylinders,gas,1582,clean,automatic,5TFCZ5AN9MX254488,4wd,full-size,truck,silver,al
7302987932,montgomery,18900,2019,nissan,altima,good,4 cylinders,gas,44276,clean,automatic,1N4BL4EV5KC213531,fwd,,sedan,silver,al
7302865058,montgomery,15500,2010,ford,f-150 platinum,good,8 cylinders,gas,141000,clean,manual,,rwd,,truck,white,al
7302714878,montgomery,19990,2013,volkswagen,eos sport convertible,good,,gas,24294,clean,automatic,WVWBW8AH7DV003769,fwd,,convertible,blue,al
7302710920,montgomery,37998,2018,ford,f-150 xlt,excellent,,gas,49103,clean,automatic,1FTEW1E55JFD14031,,,,silver,al
7302688514,montgomery,23990,2019,acura,ilx premium pkg sedan 4d,good,,gas,7281,clean,other,19UDE2F75KA013392,fwd,,sedan,black,al
7302655058,montgomery,16990,2011,bmw,x5 xdrive35i premium sport,good,,gas,71204,clean,automatic,5UXZV4C54BL738861,,,SUV,brown,al
7302616256,montgomery,8990,2013,,smart fortwo Passion Hatchback,good,,gas,59072,clean,automatic,WMEEJ3BA2DK636540,rwd,,coupe,silver,al
7302616014,montgomery,28590,2017,infiniti,q60 3.0t premium coupe,good,6 cylinders,gas,67004,clean,other,JN1EV7EL9HM552316,,,coupe,black,al
7302579032,montgomery,17990,2020,mitsubishi,outlander sport es,good,,other,16631,clean,other,JA4AP3AU6LU017301,,,hatchback,,al
7302558576,montgomery,29998,2020,dodge,challenger sxt,excellent,,gas,6062,clean,automatic,2C3CDZAG4LH161814,,,,black,al
7302524942,montgomery,33990,2020,infiniti,qx50 luxe sport utility,good,,other,19042,clean,other,3PCAJ5M32LF103154,,,hatchback,brown,al
7302518841,montgomery,16000,1969,pontiac,,,,gas,45000,clean,automatic,,,,,,al
7302307153,montgomery,8950,2013,volkswagen,jetta gli,good,4 cylinders,gas,123904,clean,automatic,3VW467AJ1DM256485,fwd,mid-size,sedan,black,al
7302289502,montgomery,57000,2017,,maserati,,8 cylinders,other,14637,clean,automatic,ZAM45VLA6H0227270,fwd,compact,other,,al
7302288287,montgomery,56000,2015,mercedes-benz,,,8 cylinders,other,3995,clean,automatic,WDDUG7JB0FA091124,fwd,compact,other,,al
7302285512,montgomery,64000,2015,chevrolet,,,8 cylinders,other,1749,clean,automatic,1G1YU2D67F5604134,fwd,compact,other,,al
7302285034,montgomery,104000,2018,dodge,,,8 cylinders,other,483,clean,automatic,2C3CDZH95JH100203,fwd,compact,other,,al
7302283407,montgomery,69000,2020,ford,,,8 cylinders,other,181,clean,manual,1FA6P8JZ6L5551127,fwd,compact,other,,al
7302282925,montgomery,100000,2018,dodge,,,8 cylinders,other,959,clean,automatic,2C3CDZH98JH100129,fwd,compact,other,,al
7302282363,montgomery,65000,2017,chevrolet,,,8 cylinders,other,2651,clean,automatic,1G1YS2D62H5606110,fwd,compact,other,,al
7302281832,montgomery,85500,2010,ferrari,,,8 cylinders,other,14548,clean,automatic,ZFF65LJA0A0172228,fwd,compact,other,,al
7302268687,montgomery,11950,2010,ford,f-150 xlt crew 4x4,good,8 cylinders,gas,252140,clean,automatic,1FTFW1EV8AFB93984,4wd,full-size,truck,white,al
7302197505,montgomery,58995,2018,chevrolet,camaro,excellent,8 cylinders,gas,10626,clean,automatic,1G1FK1R62J0162496,rwd,sub-compact,coupe,silver,al
7302191323,montgomery,15990,2016,,Scion iM Hatchback 4D,good,,gas,40668,clean,other,JTNKARJE4GJ519735,fwd,,hatchback,red,al
7302184356,montgomery,43590,2020,acura,mdx sh-awd w/technology,good,6 cylinders,gas,12012,clean,other,5J8YD4H50LL000485,,,other,silver,al
7302179405,montgomery,11998,2014,hyundai,genesis coupe 2.0t,excellent,,gas,101085,clean,automatic,KMHHT6KD9EU114345,,,,blue,al
7302157478,montgomery,28990,2018,audi,q5 premium plus sport,good,,other,51504,clean,other,WA1BNAFY8J2121307,,,SUV,blue,al
7302102157,montgomery,42990,2020,acura,mdx technology pkg sport,good,,other,3207,clean,other,5J8YD3H53LL000555,fwd,,other,white,al
7302055803,montgomery,28590,2018,audi,q5 premium sport utility 4d,good,,gas,35036,clean,other,WA1ANAFY5J2127786,,,SUV,black,al
7302043406,montgomery,39990,2020,acura,mdx sh-awd sport utility,good,6 cylinders,gas,1237,clean,other,5J8YD4H39LL041518,,,other,white,al
7302022091,montgomery,43998,2020,ford,explorer limited,excellent,,gas,24054,clean,automatic,1FMSK7FH8LGA30153,,,,white,al
7302004851,montgomery,29990,2018,audi,q5 premium sport utility 4d,good,,gas,22574,clean,other,WA1ANAFYXJ2198997,,,SUV,silver,al
7301720175,montgomery,21990,2020,hyundai,sonata se sedan 4d,good,,other,13793,clean,other,5NPEG4JA0LH041512,,,sedan,blue,al
7301707116,montgomery,23590,2012,infiniti,qx qx56 sport utility,good,8 cylinders,other,94053,clean,other,JN8AZ2NE4C9017365,4wd,,SUV,,al
7301682037,montgomery,27990,2020,infiniti,qx60 pure sport utility,good,6 cylinders,gas,31050,clean,other,5N1DL0MN4LC509537,fwd,,SUV,brown,al
7301682041,montgomery,27990,2011,mercedes-benz,cl-class cl 550,good,8 cylinders,gas,66944,clean,automatic,WDDEJ9EB1BA027275,,,coupe,black,al
7301682026,montgomery,30990,2018,mercedes-benz,metris passenger,good,,gas,7896,clean,other,WD4PG2EE2J3420861,rwd,,van,black,al
7301633419,montgomery,28990,2018,lincoln,mkx reserve sport,good,6 cylinders,gas,34507,clean,automatic,2LMPJ6LRXJBL35436,fwd,,SUV,black,al
7301615235,montgomery,41590,2020,audi,a6 45 tfsi premium plus,good,,gas,27160,clean,other,WAUE8AF25LN004532,,,sedan,black,al
7316884506,tuscaloosa,2000,2007,jeep,commander 4x4,fair,,gas,188000,clean,automatic,,4wd,full-size,SUV,blue,al
7316827720,tuscaloosa,30590,2020,ford,ranger supercab xl pickup,good,,gas,10740,clean,other,1FTER1EHXLLA66736,,,pickup,,al
7316827681,tuscaloosa,32990,2017,jeep,wrangler unlimited sport,good,6 cylinders,gas,30041,clean,other,1C4BJWDG5HL705371,4wd,,other,silver,al
7316768989,tuscaloosa,37590,2019,ford,f150 supercrew cab xl,good,6 cylinders,gas,8663,clean,other,1FTEW1CP2KKC65268,,,pickup,,al
7316675828,tuscaloosa,28990,2017,bmw,4 series 440i xdrive gran,good,,gas,49355,clean,automatic,WBA4E5C56HG189275,,,coupe,,al
7316605495,tuscaloosa,5500,1992,jeep,wrangler,good,4 cylinders,gas,103500,clean,manual,,4wd,compact,offroad,blue,al
7316436488,tuscaloosa,104900,2020,bmw,m805i,excellent,8 cylinders,gas,9000,clean,automatic,WBAGV8C04LBP48895,4wd,full-size,sedan,black,al
7316416989,tuscaloosa,12500,2003,jeep,wrangler,good,6 cylinders,gas,107860,clean,manual,,4wd,,SUV,silver,al
7316396547,tuscaloosa,20995,2011,chevrolet,silverado 1500 ltz crew cab 4wd,,,,137701,,automatic,3GCPKTE30BG264332,4wd,,pickup,,al
7316395632,tuscaloosa,25995,2015,chevrolet,silverado 1500 lt crew cab 4wd,,,,151681,,automatic,3GCUKREC2FG257362,4wd,,pickup,,al
7316394579,tuscaloosa,31995,2014,chevrolet,silverado 1500 2lt crew cab long box 4wd,,,,66738,,automatic,3GCUKREC8EG123888,4wd,,pickup,,al
7316380526,tuscaloosa,25990,2013,toyota,tundra crewmax pickup 4d,good,8 cylinders,gas,98879,clean,other,5TFEY5F12DX137028,,,pickup,white,al
7316291523,tuscaloosa,35990,2018,ford,f150 super cab xlt pickup,good,6 cylinders,gas,22812,clean,other,1FTEX1CP0JKD89079,,,pickup,black,al
7316160224,tuscaloosa,28590,2017,jeep,wrangler sport suv 2d,good,,other,31783,clean,other,1C4AJWAG0HL680329,4wd,,other,,al
7316160071,tuscaloosa,25990,2014,chevrolet,silverado 1500 regular,good,8 cylinders,other,82140,clean,automatic,1GCNKREC1EZ373672,4wd,,pickup,black,al
7316099674,tuscaloosa,2000,2006,,BMW745i,good,,gas,100000,clean,automatic,,,full-size,coupe,,al
7316010376,tuscaloosa,11200,2012,audi,q5 2.0t premium plus,good,,gas,106605,clean,automatic,,,,SUV,white,al
7316010147,tuscaloosa,18000,2012,ford,f-150 larait 4 door,excellent,6 cylinders,gas,91345,clean,automatic,,,,,white,al
7315805447,tuscaloosa,32990,2018,ram,1500 quad cab harvest pickup,good,6 cylinders,gas,29979,clean,other,1C6RR7GG9JS229010,4wd,,pickup,black,al
7315765879,tuscaloosa,34590,2015,ford,mustang gt premium,good,8 cylinders,gas,30970,clean,other,1FATP8FF6F5341651,rwd,,other,white,al
7315765992,tuscaloosa,37990,2016,chevrolet,camaro ss coupe 2d,good,8 cylinders,gas,9704,clean,other,1G1FF1R79G0140582,rwd,,coupe,red,al
7315715910,tuscaloosa,15590,2016,chevrolet,cruze limited 1lt,good,,gas,7076,clean,automatic,1G1PE5SB2G7164646,fwd,,sedan,blue,al
7315607285,tuscaloosa,28000,2015,ford,f-150,excellent,8 cylinders,gas,88350,clean,automatic,,4wd,full-size,pickup,red,al
7315592757,tuscaloosa,3500,2005,honda,accord,good,6 cylinders,gas,140600,clean,automatic,1HGCM82255A002618,fwd,mid-size,sedan,grey,al
7315439118,tuscaloosa,34590,2017,toyota,tacoma access cab trd,good,6 cylinders,gas,20097,clean,other,5TFSZ5AN7HX071849,4wd,,pickup,,al
7315348288,tuscaloosa,29990,2016,chevrolet,colorado extended cab,good,6 cylinders,gas,17302,clean,other,1GCHTCE37G1186784,4wd,,pickup,red,al
7315348270,tuscaloosa,30990,2019,ford,ranger supercrew xl pickup,good,,other,1834,clean,other,1FTER4EH3KLA31326,,,pickup,black,al
7315342397,tuscaloosa,31990,2017,gmc,sierra 1500 double cab,good,6 cylinders,gas,31496,clean,automatic,1GTV2LEH1HZ162632,4wd,,pickup,black,al
7314903701,tuscaloosa,39990,2019,nissan,370z nismo coupe 2d,good,6 cylinders,gas,8373,clean,other,JN1AZ4EH8KM420880,rwd,,coupe,white,al
7314873281,tuscaloosa,36990,2020,dodge,challenger r/t coupe 2d,good,,other,4269,clean,other,2C3CDZBTXLH206377,rwd,,coupe,black,al
7314812046,tuscaloosa,25590,2015,gmc,sierra 1500 regular cab,good,6 cylinders,other,35290,clean,other,1GTN1TEH9FZ243281,,,pickup,white,al
7314812071,tuscaloosa,30990,2019,mazda,mx-5 miata grand touring,good,,gas,4936,clean,other,JM1NDAD70K0306349,rwd,,other,black,al
7314616669,tuscaloosa,10500,2012,honda,accord,excellent,4 cylinders,gas,95000,clean,automatic,,fwd,,coupe,grey,al
7314527483,tuscaloosa,36990,2018,toyota,4runner sr5 sport utility,good,6 cylinders,gas,21415,clean,other,JTEBU5JR4J5589139,4wd,,other,silver,al
7314527457,tuscaloosa,36590,2019,chevrolet,silverado 1500 crew,good,8 cylinders,gas,7619,clean,other,3GCPWCED5KG232523,,,pickup,white,al
7314527426,tuscaloosa,26990,2016,ford,f150 regular cab xl pickup,good,6 cylinders,gas,14230,clean,other,1FTMF1CP3GKD62143,,,pickup,black,al
7314527431,tuscaloosa,32990,2017,ram,1500 crew cab big horn,good,6 cylinders,other,10193,clean,other,1C6RR7LG5HS829328,4wd,,pickup,,al
7313785218,tuscaloosa,37990,2016,toyota,tundra double cab sr,good,8 cylinders,gas,22870,clean,other,5TFUM5F13GX069124,4wd,,pickup,black,al
7313785161,tuscaloosa,34590,2016,chevrolet,silverado 1500 double,good,6 cylinders,gas,29499,clean,other,1GCVKREH6GZ228691,4wd,,pickup,silver,al
7313785129,tuscaloosa,29990,2018,chevrolet,colorado crew cab work,good,6 cylinders,gas,11401,clean,other,1GCGTBEN7J1162712,4wd,,pickup,red,al
7313785073,tuscaloosa,27990,2012,toyota,tacoma double cab pickup,good,6 cylinders,gas,67245,clean,other,5TFLU4EN4CX030112,4wd,,pickup,silver,al
7313466374,tuscaloosa,9650,2012,toyota,avalon limited,excellent,6 cylinders,gas,157400,clean,automatic,,fwd,full-size,sedan,green,al
7313375075,tuscaloosa,23590,2012,ford,f150 supercrew cab xlt,good,8 cylinders,gas,53752,clean,other,1FTFW1CFXCKE23269,,,pickup,white,al
7313368761,tuscaloosa,24590,2013,gmc,sierra 1500 extended cab slt,good,8 cylinders,other,80318,clean,other,1GTR1WE07DZ143724,,,pickup,,al
7313349193,tuscaloosa,25990,2019,ram,1500 classic regular cab,good,8 cylinders,gas,12302,clean,other,3C6JR6DT3KG560649,,,pickup,white,al
7313267109,tuscaloosa,36590,2018,jeep,wrangler unlimited all new,good,6 cylinders,diesel,15813,clean,other,1C4HJXDG5JW299953,4wd,,other,white,al
7313221828,tuscaloosa,8500,2011,ford,f-150,,,gas,230000,clean,automatic,,,,,,al
7312885793,tuscaloosa,29990,2016,ford,f150 super cab xl pickup 4d,good,6 cylinders,gas,44339,clean,other,1FTEX1EP3GFB52584,4wd,,pickup,red,al
7312811681,tuscaloosa,28590,2017,chevrolet,silverado 1500 regular,good,6 cylinders,gas,102,clean,other,1GCNCNEH7HZ206660,,,pickup,red,al
7312811568,tuscaloosa,34990,2020,jeep,wrangler sport s utility 2d,good,,other,131,clean,other,1C4GJXAG9LW342886,4wd,,other,black,al
7312731993,tuscaloosa,38590,2011,chevrolet,corvette grand sport,good,8 cylinders,gas,30237,clean,other,1G1YR3DW3B5102190,rwd,,other,red,al
7312710639,tuscaloosa,12990,1970,volvo,,,,gas,99999,clean,manual,,,,,,al
7312363971,tuscaloosa,39590,2017,chevrolet,camaro ss coupe 2d,good,8 cylinders,gas,10496,clean,other,1G1FE1R71H0109878,rwd,,coupe,white,al
7312358675,tuscaloosa,21990,2011,ford,ranger super cab xlt pickup,good,6 cylinders,gas,32652,clean,other,1FTKR4EE6BPB03346,,,pickup,,al
7312305380,tuscaloosa,35990,2015,ford,mustang gt premium coupe 2d,good,8 cylinders,gas,4899,clean,other,1FA6P8CF9F5375018,rwd,,coupe,red,al
7312273862,tuscaloosa,17990,2012,volkswagen,touareg tdi sport suv,good,6 cylinders,gas,93185,clean,other,WVGFK9BP2CD004871,,,other,white,al
7312092765,tuscaloosa,7500,1968,chevrolet,caprice,good,8 cylinders,gas,59176,clean,automatic,,rwd,full-size,sedan,green,al
7311848433,tuscaloosa,21590,2018,honda,civic ex sedan 4d,good,,gas,7885,clean,other,2HGFC2F74JH589649,fwd,,sedan,,al
7311843143,tuscaloosa,29590,2017,ford,expedition xlt sport,good,6 cylinders,gas,70760,clean,other,1FMJU1JT1HEA52352,4wd,,SUV,blue,al
7311842955,tuscaloosa,19590,2018,honda,civic lx coupe 2d,good,,gas,35931,clean,other,2HGFC4B52JH300669,fwd,,coupe,white,al
7311784039,tuscaloosa,27990,2020,honda,civic sport touring,good,,gas,7209,clean,other,SHHFK7H91LU217416,fwd,,hatchback,white,al
7311383014,tuscaloosa,27990,2014,toyota,tacoma access cab pickup,good,,other,17805,clean,other,5TFTX4CN3EX042751,,,pickup,red,al
7311382954,tuscaloosa,16990,2011,gmc,sierra 1500 regular cab work,good,6 cylinders,gas,39219,clean,other,1GTN1TEX0BZ109969,,,pickup,black,al
7311351388,tuscaloosa,32990,2011,bmw,z4 sdrive35is roadster 2d,good,,other,45858,clean,other,WBALM1C55BE393513,rwd,,other,red,al
7311272970,tuscaloosa,31990,2020,mazda,mx-5 miata grand touring,good,,gas,2408,clean,other,JM1NDAD73L0412540,rwd,,other,white,al
7310889801,tuscaloosa,9500,2004,toyota,tacoma,,,gas,173084,clean,automatic,,,,,,al
7310866024,tuscaloosa,31990,2018,audi,q5 premium sport utility 4d,good,,gas,19179,clean,other,WA1ANAFY7J2102310,,,other,,al
7310865792,tuscaloosa,20990,2018,acura,ilx special edition sedan,good,,other,18972,clean,other,19UDE2F43JA007496,,,sedan,silver,al
7310829827,tuscaloosa,31990,2018,audi,q5 premium sport utility 4d,good,,gas,17105,clean,other,WA1ANAFY4J2059044,,,SUV,silver,al
7310764247,tuscaloosa,32990,2018,jaguar,e-pace p250 s sport,good,,other,26685,clean,other,SADFJ2FX1J1Z13468,,,other,white,al
7310525776,tuscaloosa,7000,1989,ford,bronco,good,6 cylinders,gas,0,clean,automatic,,4wd,mid-size,other,green,al
7310383589,tuscaloosa,24990,2014,acura,mdx sh-awd sport utility,good,6 cylinders,gas,52396,clean,automatic,5FRYD4H81EB042046,,,SUV,silver,al
7310363374,tuscaloosa,23990,2014,acura,mdx sh-awd sport utility,good,6 cylinders,gas,62390,clean,other,5FRYD4H45EB042564,,,SUV,,al
7310302793,tuscaloosa,30590,2017,acura,mdx sh-awd sport utility,good,,other,44651,clean,other,5J8YD4H5XHL001778,,,other,black,al
7310249822,tuscaloosa,29990,2017,acura,mdx sh-awd sport utility,good,6 cylinders,gas,38311,clean,automatic,5FRYD4H31HB010397,,,other,silver,al
7309960912,tuscaloosa,8000,2011,jeep,grand cherokee limited 4x4,good,8 cylinders,gas,262542,clean,automatic,,4wd,,SUV,,al
7309875968,tuscaloosa,27990,2017,infiniti,qx60 3.5 sport utility,good,6 cylinders,other,26355,clean,other,5N1DL0MN6HC547424,fwd,,other,blue,al
7309841423,tuscaloosa,19990,2015,infiniti,qx60 3.5 sport utility,good,,other,96003,clean,other,5N1AL0MM5FC519184,,,other,silver,al
7309783143,tuscaloosa,29590,2019,alfa-romeo,romeo stelvio ti sport,good,,other,60984,clean,other,ZASPAKBN6K7C33284,,,hatchback,black,al
7309722832,tuscaloosa,27990,2018,alfa-romeo,romeo stelvio ti sport,good,,other,28347,clean,other,ZASFAKBN7J7B89841,,,hatchback,white,al
7309293200,tuscaloosa,13590,2010,kia,soul ! wagon 4d,good,,other,94587,clean,other,KNDJT2A25A7095493,,,wagon,black,al
7309243123,tuscaloosa,15990,2017,hyundai,sonata sport sedan 4d,good,,gas,55105,clean,other,5NPE34AFXHH554118,fwd,,sedan,black,al
7309216454,tuscaloosa,29990,2018,audi,a6 2.0t premium sedan 4d,good,,gas,13035,clean,other,WAUC8AFC6JN041814,fwd,,sedan,,al
7309160932,tuscaloosa,38590,2020,lincoln,continental sedan 4d,good,6 cylinders,gas,1772,clean,other,1LN6L9UK4L5602632,fwd,,sedan,black,al
7308830926,tuscaloosa,25590,2017,ford,mustang v6 convertible 2d,good,6 cylinders,gas,11325,clean,other,1FATP8EM6H5342611,rwd,,convertible,red,al
7308762324,tuscaloosa,33990,2017,ram,1500 crew cab tradesman,good,8 cylinders,gas,17033,clean,other,3C6RR7KT7HG794054,4wd,,pickup,blue,al
7308740660,tuscaloosa,36590,2019,gmc,sierra 1500 limited double,good,8 cylinders,gas,14222,clean,other,2GTV2LECXK1123316,4wd,,pickup,blue,al
7308690631,tuscaloosa,46990,2014,chevrolet,corvette stingray,good,8 cylinders,gas,16966,clean,other,1G1YA3D74E5119018,rwd,,other,white,al
7308463093,tuscaloosa,36900,,,olet Express Commercial Cutaway,,8 cylinders,,71931,,automatic,1HA3GTCG1KN000447,rwd,,pickup,white,al
7308368953,tuscaloosa,27900,2014,ram,3500,,8 cylinders,gas,66788,,automatic,3C7WRSCJ7EG281400,rwd,,pickup,white,al
7308275234,tuscaloosa,26590,2017,bmw,3 series 330i xdrive sedan,good,,other,14358,clean,other,WBA8D9C38HA011395,,,sedan,black,al
7308274144,tuscaloosa,27990,2016,bmw,3 series 340i sedan 4d,good,,gas,46057,clean,other,WBA8B3G53GNT91767,rwd,,sedan,blue,al
7308217094,tuscaloosa,40590,2020,bmw,3 series 330i xdrive sedan,good,,gas,1588,clean,other,3MW5R7J08L8B35785,,,sedan,white,al
7308173013,tuscaloosa,26990,2018,bmw,3 series 330i xdrive sedan,good,,gas,13088,clean,automatic,WBA8D9G55JNU69602,,,sedan,,al
7307571890,tuscaloosa,24,2020,,all,,,other,100,clean,other,,,,,,al
7307402853,tuscaloosa,3500,2005,honda,,,,gas,230000,clean,automatic,,,,,,al
7307239287,tuscaloosa,23990,2019,mitsubishi,outlander gt sport,good,6 cylinders,gas,20657,clean,other,JA4JZ4AX9KZ001881,4wd,,SUV,brown,al
7307187785,tuscaloosa,21990,2017,gmc,acadia sle-1 sport utility,good,,gas,48959,clean,other,1GKKNKLA4HZ273691,fwd,,SUV,white,al
7307158871,tuscaloosa,28990,2017,gmc,acadia slt-1 sport utility,good,6 cylinders,gas,18041,clean,other,1GKKNMLS2HZ305977,fwd,,SUV,,al
7307115726,tuscaloosa,16590,2013,lincoln,mkz sedan 4d,good,,gas,61087,clean,other,3LN6L2G99DR819673,fwd,,sedan,red,al
7306708545,tuscaloosa,16990,2014,acura,ilx 2.0l sedan 4d,good,,other,44473,clean,other,19VDE1F37EE001597,,,sedan,silver,al
7306682945,tuscaloosa,19590,2017,acura,ilx sedan 4d,good,,diesel,29014,clean,other,19UDE2F70HA013762,fwd,,sedan,black,al
7306641111,tuscaloosa,38590,2020,jaguar,e-pace p250 sport utility,good,,other,1372,clean,other,SADFK2FX2L1Z76529,,,SUV,black,al
7306590458,tuscaloosa,28590,2018,audi,q5 premium sport utility 4d,good,,gas,35036,clean,other,WA1ANAFY5J2127786,,,SUV,black,al
7306299851,tuscaloosa,1500,2007,chrysler,pt cruiser,good,4 cylinders,gas,131000,rebuilt,automatic,,fwd,mid-size,hatchback,red,al
7306292747,tuscaloosa,19995,2011,jeep,wrangler right hand drive,,,,87857,,manual,1J4BZ3H14BL602635,4wd,,SUV,,al
7306192034,tuscaloosa,30990,2018,acura,mdx sh-awd sport utility,good,6 cylinders,gas,34605,clean,other,5J8YD4H39JL014431,,,SUV,white,al
7306191924,tuscaloosa,34590,2019,acura,mdx sh-awd sport utility,good,,other,27387,clean,other,5J8YD4H34KL004925,,,SUV,black,al
7306166145,tuscaloosa,32990,2017,acura,mdx sh-awd sport utility,good,6 cylinders,gas,29322,clean,other,5J8YD4H54HL000710,,,SUV,white,al
7306091474,tuscaloosa,29990,2018,acura,mdx sport utility 4d,good,,other,33727,clean,other,5J8YD3H30JL000010,,,SUV,silver,al
7305679882,tuscaloosa,12590,2013,,Scion xD Hatchback 4D,good,,gas,91825,clean,other,JTKKUPB4XD1037474,fwd,,hatchback,,al
7305638749,tuscaloosa,38990,2020,infiniti,qx60 luxe sport utility,good,6 cylinders,gas,5279,clean,other,5N1DL0MN9LC508268,fwd,,other,black,al
7305606482,tuscaloosa,27990,2018,alfa-romeo,romeo stelvio sport utility,good,,gas,18112,clean,other,ZASFAKAN8J7B80678,,,hatchback,blue,al
7305542258,tuscaloosa,39990,2020,infiniti,qx60 luxe sport utility,good,6 cylinders,gas,6500,clean,automatic,5N1DL0MMXLC502602,,,other,blue,al
7305203249,tuscaloosa,18590,2018,hyundai,sonata sel sedan 4d,good,,gas,22075,clean,other,5NPE34AF7JH658815,fwd,,sedan,white,al
7305165445,tuscaloosa,15590,2016,kia,soul wagon 4d,good,,gas,23972,clean,other,KNDJN2A28G7302820,fwd,,wagon,brown,al
7305121823,tuscaloosa,29990,2018,audi,a6 2.0t premium plus sedan,good,,other,24996,clean,automatic,WAUG8AFC8JN040987,,,sedan,silver,al
7305083104,tuscaloosa,27990,2017,lincoln,continental select sedan,good,6 cylinders,gas,19492,clean,automatic,1LN6L9TK4H5636420,,,sedan,,al
7304697704,tuscaloosa,39590,2018,jeep,wrangler unlimited all new,good,6 cylinders,gas,21893,clean,other,1C4HJXEGXJW175675,4wd,,SUV,silver,al
7304693978,tuscaloosa,53700,,,ierra 1500,,8 cylinders,gas,35676,,automatic,3GTP9EED8LG120707,4wd,,pickup,grey,al
7304693632,tuscaloosa,53700,,,ierra 1500,,8 cylinders,gas,35676,,automatic,3GTP9EED8LG120707,4wd,,pickup,grey,al
7304651093,tuscaloosa,36590,2017,chevrolet,tahoe lt sport utility,good,,other,60476,clean,other,1GNSCBKC1HR284238,,,SUV,silver,al
7304651091,tuscaloosa,18590,2017,toyota,camry le sedan 4d,good,,gas,30223,clean,other,4T1BF1FK4HU421581,fwd,,sedan,silver,al
7304594985,tuscaloosa,40590,2018,jeep,wrangler unlimited all new,good,6 cylinders,gas,22092,clean,other,1C4HJXEG8JW102952,4wd,,SUV,,al
7304498407,tuscaloosa,14000,2008,ford,f250 super duty lariat,good,8 cylinders,diesel,217000,clean,automatic,,4wd,full-size,truck,grey,al
7304253874,tuscaloosa,50980,,,olet Silverado 2500HD,,8 cylinders,diesel,50954,,automatic,1GC1KSEY9KF178482,4wd,,pickup,white,al
7304253749,tuscaloosa,50980,,,olet Silverado 2500HD,,8 cylinders,diesel,50954,,automatic,1GC1KSEY9KF178482,4wd,,pickup,white,al
7304197158,tuscaloosa,21590,2013,bmw,3 series 335i xdrive sedan,good,,gas,62993,clean,other,WBA3B9C55DJ437184,,,sedan,silver,al
7304158833,tuscaloosa,24990,2018,bmw,3 series 330i xdrive sedan,good,,gas,34454,clean,automatic,WBA8D9G5XJNU68848,,,sedan,black,al
7304111966,tuscaloosa,31590,2018,bmw,3 series 340i xdrive sedan,good,,gas,39421,clean,automatic,WBA8B7G55JNU95210,,,sedan,blue,al
7304075285,tuscaloosa,24590,2018,bmw,3 series 330i xdrive sedan,good,,other,38872,clean,other,WBA8D9G53JNU69355,,,sedan,black,al
7303908334,tuscaloosa,31995,2016,chevrolet,silverado 1500 lt crew cab long box 4wd,,,gas,94526,,automatic,3GCUKREC4GG347677,4wd,,pickup,,al
7303801275,tuscaloosa,9995,2011,toyota,prius prius v,,,,104087,,other,JTDKN3DU5B0273141,fwd,,hatchback,silver,al
7303800159,tuscaloosa,27995,2014,ram,1500 sport crew cab lwb 4wd,,,,86325,,automatic,1C6RR7UT6ES166228,4wd,,pickup,,al
7303798986,tuscaloosa,29995,2016,jeep,wrangler unlimited sport 4wd,,,,65203,,manual,1C4BJWDG0GL320573,4wd,,SUV,,al
7303797928,tuscaloosa,26995,2014,ford,f-150 xl supercrew 6.5-ft. bed 4wd,,,,119981,,automatic,1FTFW1EF6EKG29978,4wd,,pickup,,al
7303796770,tuscaloosa,26995,2017,ford,f-150 xl supercrew 5.5-ft. bed 4wd,,,,142288,,automatic,1FTFW1EF1HKE53975,4wd,,pickup,,al
7303795624,tuscaloosa,25995,2014,chevrolet,silverado 1500 work truck 2wt crew cab long box 4w,,,,91852,,automatic,3GCUKPECXEG302292,4wd,,pickup,,al
7303794494,tuscaloosa,32995,2018,chevrolet,silverado 1500 ls crew cab long box 4wd,,,,82233,,automatic,1GCUKNEC5JF175922,4wd,,pickup,,al
7303655261,tuscaloosa,63990,2019,audi,q8 premium sport utility 4d,good,,other,20126,clean,automatic,WA1AVAF19KD013248,,,other,black,al
7303655113,tuscaloosa,19990,2020,mitsubishi,outlander sport es,good,,other,11103,clean,other,JA4AP3AU9LU013694,,,hatchback,orange,al
7303595147,tuscaloosa,34590,2020,cadillac,xt4 sport suv 4d,good,,gas,9624,clean,other,1GYFZFR48LF105065,,,hatchback,white,al
7303558329,tuscaloosa,41590,2020,bmw,5 series 530i sedan 4d,good,,gas,16929,clean,other,WBAJR3C0XLCD03815,rwd,,sedan,black,al
7303144266,tuscaloosa,26990,2018,gmc,acadia sle-2 sport utility,good,6 cylinders,gas,26514,clean,other,1GKKNLLS5JZ181591,fwd,,SUV,,al
7303117665,tuscaloosa,23990,2017,lincoln,mkz reserve sedan 4d,good,,gas,28565,clean,other,3LN6L5E96HR662842,fwd,,sedan,,al
7303071325,tuscaloosa,24990,2020,mitsubishi,outlander gt sport,good,,other,28945,clean,other,JA4JZ4AX3LZ036515,4wd,,SUV,white,al
7303037245,tuscaloosa,36590,2020,gmc,acadia denali sport utility,good,6 cylinders,gas,33026,clean,other,1GKKNXLS6LZ134810,,,SUV,black,al
7302963430,tuscaloosa,4500,2006,jaguar,xj8,good,8 cylinders,gas,186394,clean,automatic,SAJWA71B36SH04565,rwd,full-size,sedan,black,al
7302953614,tuscaloosa,48000,2002,mercedes-benz,g500 g-wagon,excellent,8 cylinders,gas,131054,clean,automatic,WDCYR49E82X127968,4wd,full-size,SUV,black,al
7302635308,tuscaloosa,23990,2019,acura,ilx premium pkg sedan 4d,good,,gas,7281,clean,other,19UDE2F75KA013392,fwd,,sedan,black,al
7302603194,tuscaloosa,39990,2019,jaguar,e-pace p300 r-dynamic se,good,,other,17961,clean,other,SADFL2GXXK1Z35656,,,SUV,silver,al
7302567398,tuscaloosa,8990,2013,,smart fortwo Passion Hatchback,good,,gas,59072,clean,automatic,WMEEJ3BA2DK636540,rwd,,coupe,silver,al
7302525345,tuscaloosa,2500,1995,ford,f-150,fair,8 cylinders,gas,240000,clean,automatic,,rwd,,,black,al
7302516501,tuscaloosa,38990,2020,audi,q5 45 tfsi premium plus,good,,gas,19067,clean,other,WA1BNAFYXL2013483,,,SUV,white,al
7302081955,tuscaloosa,37590,2019,acura,mdx advance pkg sport,good,,other,30356,clean,other,5J8YD3H83KL005134,,,other,silver,al
7302049664,tuscaloosa,43590,2020,acura,mdx sh-awd w/technology,good,6 cylinders,gas,12012,clean,other,5J8YD4H50LL000485,,,other,silver,al
7302037642,tuscaloosa,42990,2020,acura,mdx technology pkg sport,good,,other,3207,clean,other,5J8YD3H53LL000555,fwd,,other,white,al
7301996272,tuscaloosa,39990,2020,acura,mdx sh-awd sport utility,good,6 cylinders,gas,1237,clean,other,5J8YD4H39LL041518,,,other,white,al
7301673779,tuscaloosa,12590,2012,,Scion xD Hatchback 4D,good,,gas,60589,clean,other,JTKKU4B42C1019855,fwd,,hatchback,white,al
7301654206,tuscaloosa,32590,2018,alfa-romeo,romeo stelvio sport suv 4d,good,,other,14863,clean,other,ZASFAKPN0J7B80942,,,hatchback,blue,al
7301633216,tuscaloosa,27990,2011,mercedes-benz,cl-class cl 550,good,8 cylinders,gas,66944,clean,automatic,WDDEJ9EB1BA027275,,,coupe,black,al
7301613318,tuscaloosa,27590,2018,infiniti,qx60 3.5 sport utility,good,6 cylinders,gas,41119,clean,automatic,5N1DL0MM4JC527444,,,SUV,blue,al
7316889831,anchorage / mat-su,55000,2013,ford,f450 super duty,excellent,8 cylinders,diesel,167000,clean,automatic,,4wd,,truck,white,ak
7316889728,anchorage / mat-su,46194,2020,ram,1500,,8 cylinders,gas,9814,clean,automatic,1C6SRFFT3LN267795,4wd,,truck,,ak
7316889528,anchorage / mat-su,26194,2019,hyundai,kona,,4 cylinders,gas,12093,clean,other,KM8K3CA51KU393896,4wd,,SUV,white,ak
7316889493,anchorage / mat-su,23995,2013,ford,f-150,,,other,58093,clean,automatic,1FTFW1EF2DKD91366,4wd,,pickup,silver,ak
7316889351,anchorage / mat-su,21194,2019,chevrolet,trax,,4 cylinders,gas,8189,clean,other,KL7CJPSB8KB841781,4wd,,SUV,silver,ak
7316889256,anchorage / mat-su,12000,1955,chrysler,windsor deluxe,excellent,8 cylinders,gas,85000,clean,automatic,,rwd,full-size,coupe,red,ak
7316865395,anchorage / mat-su,31995,2013,chevrolet,silverado,,,diesel,63481,clean,automatic,1GC1KVC86DF235275,4wd,,pickup,white,ak
7316859914,anchorage / mat-su,31995,2013,chevrolet,silverado,,,diesel,63481,clean,automatic,1GC1KVC86DF235275,4wd,,pickup,white,ak
7316857889,anchorage / mat-su,8000,1992,ram,,,,diesel,165000,clean,automatic,,,,,,ak
7316844025,anchorage / mat-su,29995,2013,ford,f-150,,,gas,135329,clean,automatic,1FTFW1ET1DFC88664,4wd,,pickup,red,ak
7316839443,anchorage / mat-su,16000,2018,nissan,rogue awd 4dr sv,excellent,4 cylinders,gas,53111,rebuilt,automatic,,4wd,,SUV,white,ak
7316832656,anchorage / mat-su,4000,1964,ford,galaxie,good,8 cylinders,gas,123456,clean,automatic,,rwd,full-size,wagon,red,ak
7316828084,anchorage / mat-su,22995,2012,chevrolet,tahoe,,,other,109937,clean,automatic,1GNSKCE04CR186095,4wd,,SUV,,ak
7316818453,anchorage / mat-su,13900,2016,dodge,grand caravan,good,,gas,99950,clean,automatic,,,,mini-van,silver,ak
7316816238,anchorage / mat-su,4000,1992,,F350 DRW,good,8 cylinders,diesel,225000,rebuilt,manual,,rwd,,truck,black,ak
7316811638,anchorage / mat-su,27995,2011,gmc,sierra,,,gas,114847,clean,automatic,1GT121CG4BF168351,4wd,,pickup,black,ak
7316799606,anchorage / mat-su,29000,2010,ford,f-350,excellent,8 cylinders,diesel,98000,clean,automatic,,4wd,full-size,pickup,white,ak
7316791169,anchorage / mat-su,23000,2013,toyota,tacoma double cab sr5,excellent,6 cylinders,gas,94252,rebuilt,automatic,,4wd,,pickup,silver,ak